## tree
SEATS  tree, footprint 1x1, 3 blocks off a route  1 char = 1 block  x -72..71 across, z -132..131 down
KEY  1 the footprint seats with its minimum corner here  0 refused  space void
      -7        -6        -5        -4        -3        -2        -1         0         1         2         3         4         5         6         7 
     210987654321098765432109876543210987654321098765432109876543210987654321012345678901234567890123456789012345678901234567890123456789012345678901
-132                                                 0000000000000000                                                                                
-131                                                 0000000000000000                                                                                
-130                                                 0000000000000000                                                                                
-129                                                 0000000000000000                                                                                
-128                                                 0000000000000000                                                                                
-127                                                 0000000000000000                                                                                
-126                                                 0000000000000000                                                                                
-125                                                 0000000000000000                                                                                
-124                                                 0000000000000000                                                                                
-123                                                 0000000000000000                                                                                
-122                                                 0000000000000000                                                                                
-121                                                 0000000000000000                                                                                
-120                                                 0000000000000000                                                                                
-119                                                 0000000000000000                                                                                
-118                                                 0000000000000000                                                                                
-117                                                 0000000000000000                                                                                
-116                                                 0000000000000000                                                                                
-115                                                 0000000000000000                                                                                
-114                                                 0000000000000000                                                                                
-113                                                 1000000000000000                                                                                
-112                                                 1000000000000000                                                                                
-111                                                 1000000000000000          0000                                                                  
-110                                                 1000000000000000      000000000000                                                              
-109                                                 1000000000000000  11100000000000000000                                                          
-108                                         000000000000000000000000111100000000000000000000                    000000000000                        
-107                                         00000000000000000000000011110000000000000000000                     000000000000                        
-106                                         00000000000000000000000011110000000000000000000                     000000000000                        
-105                                         00000000000000000000000000110000000000000000000                     000000000000                        
-104                                         0000000000000000000000000000000000000000000000                      000000000000                        
-103                                         0000000000000000000000000000000000000000000000                      000000000000                        
-102                                         0000000000000000000000000000000000000000000000                      000000000000                        
-101                                         000000000000000000000000000000000000000000000                       000000000000                        
-100                                         111111100000000000000000000000000000000000000                       000000000000                        
 -99                                         1111110000000000000000000000000000000000000000                      000000000000                        
 -98                                         1111100000000000000000000000000000000000000000                      000000000000                        
 -97                                         1111100000000000000000000000000000000000000000                      000000000000                        
 -96                                         1111000000000000000000000   0000000000000000001                     000000000000                        
 -95                                         11110000000000000000         000000000000000011                     000000000000                        
 -94                                         11100000000000000            000000000000001111                     000000000000                        
 -93                                         11100000000000000             000000000001111111                    000000000000                        
 -92 000000000000000000011111111110000000111111100000000010000             11000000000011111110000000111111111100000000000000                        
 -91 00000000000000000001111111111000000011111110000000011000              11100000000011111110000000111111110000000000000000                        
 -90 00000000000000000000000000000000000000000000000000011100               1100000000011111110000000110000000000000000000000                        
 -89 00000000000000000000000000000000000000000000000000111111               1110000000011110000000000000000000000000000000111                        
 -88 00000000000000000000000000000000000000000000000000111111                111000000000000000000000000000000000000000000111                        
 -87 00000000000000000000000000000000000000000000000000111111                111000000000000000000000000000000000000000011111                        
 -86 00000000000000000000000000000000000000000000000000111111                 11000000000000000000000000000000000000000111111                        
 -85 00000000000000000000000000000000000000000000000000111111                 11000000000000000000000000000000000000011111111                        
 -84 0000000000000000000000000000000000000000000000000011111                  11100000000000000000000000000000000011111111111                        
 -83 0000000000000000000000000000000000000000000000000111111                  11100000000000000000000000000111111111111111111                        
 -82 0000000000000000000111111111100000001111110000000111111                 111100000000000000000000111111111111111111111111                        
 -81 0000000000000000000111111111100000001111110000000111111                 111100000000111110000000111111111111111111111111                        
 -80                 0001111111111000000011111000000001111111                111100000000111110000000111111111111111111111111                        
 -79                 0001111111111000000011111000000001111111                11110000000011111000000011111111111111111111111                         
 -78                 00011111111110000000111110000000011111111               1111100000001111100000001111111111111111111111                          
 -77                 11111111111110000000111110000000011111111              1111110000000011110000000111111111111111111111                           
 -76                                         100000001111111111             11111100000000111                                                        
 -75                                        11000000011111111111            11111100000000111                                                        
 -74                                        11000000011111111111         111111111000000001111                                                       
 -73                                        110000000111111111111   11111111111111100000001111                                                       
 -72                                       111000000011111111111111111111111111111100000000111                                                       
 -71                                       1100000000111111111111111111111111111111000000001111                                                      
 -70                                       1100000000111111111111111111111111111111000000001111                                                      
 -69                                      11100000000111111111111111111111111111111000000000111                                                      
 -68                                      111000000001111111111111111111111111111111000000001111                                                     
 -67                                      111000000011111111111111111111111111111111000000001111                                                     
 -66                                     1111000000011111110000001111111111111111111000000000111                                                     
 -65                                     1111000000011110000000000011111111111111111100000000111                                                     
 -64                                     1111000000000000000000000000111111111111111100000000111                                                     
 -63                                     1111000000000000000111100000001111111111111100000000111                                                     
 -62                                     1111000000000000111111110000000111111111111110000000111                                                     
 -61                                     1110000000001111111111111100000001111111111110000000101                                                     
 -60                                     1000000000001111111111111111000000000111111100000000000                                                     
 -59                                     10000000000001111111111111111000000000000111000000000001                                                    
 -58                                      0001000000001111111111111111111000000000000000000000001                                                    
 -57                                      1111000000000111111111111111111111100000000000000001111                                                    
 -56                                      1111000000000011111111111111111111111110000000000001111                                                    
 -55                                      1111100000000011111111111111111111111111110000000001111                                                    
 -54                                      1111100000000001111111111111111111111111110000000011111                                                    
 -53                                      1111110000000000111111111111111111111111100000000011111                                                    
 -52                                      1111110000000000011111111111111111111111100000000011111                                                    
 -51                                       111111000000000011111111111111111111111000000000011111                                                    
 -50                                       11111100000000000111111111111111111111000000000011111                                                     
 -49                                       11111110000000000001111111111111111111000000000011111                                                     
 -48                                        1111111000000000000111111111111111100000000000111111                                                     
 -47                                        1111111000000000000011111111111111000000000000111111                                                     
 -46                                        1111111100000000000001111111111110000000000001111111                                                     
 -45                                         11111111000000000000011111111110000000000001111111                                                      
 -44                                          1111111100000  0000000111111100000000000001111111                                                      
 -43                                            11111110     0000000111111000000000000011111111                                                      
 -42                                               11        0000000111111000000000000111111111                                                      
 -41                                                         000000011111100000000000111111111                                                       
 -40                                                         000000011111100000000011111111111                                                       
 -39                                                         000000011111100000000111111111111                                                       
 -38                                                         00000001111110000000111111111111                                                        
 -37                                                         11111111111111111111111111111111                                                        
 -36                                                                                                                                                 
 -35                                                                                                                                                 
 -34                                                                                                                                                 
 -33                                                                                                                                                 
 -32                                                                                                                                                 
 -31                                                                                                                                                 
 -30                                                                                                                                                 
 -29                                                                                                                                                 
 -28                                                                                                                                                 
 -27                                                                                                                                                 
 -26                                                                                                                                                 
 -25                                                                                                                                                 
 -24                                                                                                                                                 
 -23                                                                                                                                                 
 -22                                                                                                                                                 
 -21                                                                                                                                                 
 -20                                                                                                                                                 
 -19                                                                                                                                                 
 -18                                                                                                                                                 
 -17                                                                                                                                                 
 -16                                                         11111111111111111111111111111111                                                        
 -15                                                         11111111111111111111111111111111                                                        
 -14                                                         11111111111111111111111111111111                                                        
 -13                                                         11111111111111111111111111111111                                                        
 -12                                                         11111111111111111111111111111111                                                        
 -11                                                         11111111111111111111111111111111                                                        
 -10                                                         11111111111111111111111111111111                                                        
  -9                                                         11111111111111111111111111111111                                                        
  -8                                                         00000000000011111111111111111111                                                        
  -7                                                         00000000000000000111111111111111                                                        
  -6                                                         00000000000000000111111111111111                                                        
  -5                                                         00000000000000000000000000111111                                                        
  -4                                                         00000000000000000000000001000000                                                        
  -3                                                         00000000000000000000000000000000                                                        
  -2                                                         00000000000000000000000000000000                                                        
  -1                                                         00000000000000000000000000000000                                                        
   0                                                         00000000000000000000000000000000                                                        
   1                                                         00000000000000000000000000000000                                                        
   2                                                         00000000000000000000000000000000                                                        
   3                                                         00000010000000000000000000000000                                                        
   4                                                         11111100000000000000000000000000                                                        
   5                                                         11111111111111100000000000000000                                                        
   6                                                         11111111111111100000000000000000                                                        
   7                                                         11111111111111111111000000000000                                                        
   8                                                         11111111111111111111111111111111                                                        
   9                                                         11111111111111111111111111111111                                                        
  10                                                         11111111111111111111111111111111                                                        
  11                                                         11111111111111111111111111111111                                                        
  12                                                         11111111111111111111111111111111                                                        
  13                                                         11111111111111111111111111111111                                                        
  14                                                         11111111111111111111111111111111                                                        
  15                                                         11111111111111111111111111111111                                                        
  16                                                                                                                                                 
  17                                                                                                                                                 
  18                                                                                                                                                 
  19                                                                                                                                                 
  20                                                                                                                                                 
  21                                                                                                                                                 
  22                                                                                                                                                 
  23                                                                                                                                                 
  24                                                                                                                                                 
  25                                                                                                                                                 
  26                                                                                                                                                 
  27                                                                                                                                                 
  28                                                                                                                                                 
  29                                                                                                                                                 
  30                                                                                                                                                 
  31                                                                                                                                                 
  32                                                                                                                                                 
  33                                                                                                                                                 
  34                                                                                                                                                 
  35                                                                                                                                                 
  36                                                         11111111111111111111111111111111                                                        
  37                                                        111111111111100000001111110000000                                                        
  38                                                        111111111111000000001111110000000                                                        
  39                                                        111111111110000000001111110000000                                                        
  40                                                       1111111111000000000001111110000000                                                        
  41                                                       1111111110000000000001111110000000       111                                              
  42                                                       1111111100000000000001111110000000    00111111                                            
  43                                                       1111111000000000000011111110000000 00000011111111                                         
  44                                                      111111110000000000001111111111000000000000011111111                                        
  45                                                      1111111000000000000111111111111000000000000011111111                                       
  46                                                      1111110000000000001111111111111100000000000001111111                                       
  47                                                      1111110000000000011111111111111110000000000001111111                                       
  48                                                      11111000000000011111111111111111110000000000001111111                                      
  49                                                     111111000000000011111111111111111111100000000000111111                                      
  50                                                     111110000000000111111111111111111111110000000000111111                                      
  51                                                     1111100000000011111111111111111111111100000000000111111                                     
  52                                                     1111100000000011111111111111111111111110000000000111111                                     
  53                                                     1111100000000111111111111111111111111111000000000011111                                     
  54                                                     1111000000000111111111111111111111111111100000000011111                                     
  55                                                     1111000000000000111111111111111111111111100000000001111                                     
  56                                                     1111000000000000000011111111111111111111110000000001111                                     
  57                                                     1000000000000000000000001111111111111111111000000001000                                     
  58                                                     10000000000011100000000000011111111111111110000000000001                                    
  59                                                      0000000000011111110000000001111111111111111000000000001                                    
  60                                                      1010000000111111111111000000011111111111111000000000111                                    
  61                                                      1110000000111111111111110000000111111110000000000001111                                    
  62                                                      1110000000011111111111111000000011110000000000000001111                                    
  63                                                      1110000000011111111111111110000000000000000000000001111                                    
  64                                                      1110000000011111111111111111100000000000111100000001111                                    
  65                                                      111000000000111111111111111111100000011111110000000111                                     
  66                                                      111100000000111111111111111111111111111111110000000111                                     
  67                                                      111100000000111111111111111111111111111111100000000111                                     
  68                                                       1110000000001111111111111111111111111111110000000011                                      
  69                                                       1111000000001111111111111111111111111111110000000011                                      
  70                                                       1111000000001111111111111111111111111111110000000011                                      
  71                                                        11100000000111111111111111111111111111111000000011                                       
  72                                                        11110000000111111111111111   111111111111000000011                                       
  73                                                        111100000000111111111         11111111111000000011                                       
  74                                                         11100000000111111            1111111111100000001                                        
  75                                                         11100000000111111             111111111100000001                                        
  76                           11111111111111111111111000000011100000000111111             111111111000000001111110000000111111111111                
  77                          11111111111111111111111100000001111000000011111               11111111000000001111110000000111111111111                
  78                         111111111111111111111111100000001111000000001111                1111111000000001111110000000111111111100                
  79                         111111111111111111111111100000001111000000001111                1111111000000001111110000000111111111100                
  80                         111111111111111111111111100000001111000000001111                 1111110000000111111100000001111111111000000000000000000
  81                         111111111111111111111111100000000000000000001111                 1111110000000111111100000001111111111000000000000000000
  82                         11111111111111111100000000000000000000000000111                  1111110000000000000000000000000000000000000000000000000
  83                         11111111111000000000000000000000000000000000111                  1111100000000000000000000000000000000000000000000000000
  84                         11111111000000000000000000000000000000000000011                 11111100000000000000000000000000000000000000000000000000
  85                         11111100000000000000000000000000000000000000011                 11111100000000000000000000000000000000000000000000000000
  86                         111110000000000000000000000000000000000000000111                11111100000000000000000000000000000000000000000000000000
  87                         111000000000000000000000000000000000000000000111                11111100000000000000000000000000000000000000000000000000
  88                         1110000000000000000000000000000001111100000000111               11111100000000000000000000000000000000000000000000000000
  89                         1110000000000000000000111000000011111100000000011               00111000000000000000000000000000000000000000000000000000
  90                         0000000000000000111111111000000011111100000000011               00011000000001111111100000001111111111000000000000000000
  91                         00000000000000011111111110000000111111000000000011             000010000000001111111100000001111111111000000000000000000
  92                         000000000000                    111111100000000000             00000000000000111                                        
  93                         000000000000                     111100000000000000            00000000000000111                                        
  94                         000000000000                     110000000000000000         00000000000000001111                                        
  95                         000000000000                     1000000000000000000   0000000000000000000001111                                        
  96                         000000000000                      0000000000000000000000000000000000000000011111                                        
  97                         000000000000                      0000000000000000000000000000000000000000011111                                        
  98                         000000000000                      0000000000000000000000000000000000000000111111                                        
  99                         000000000000                       000000000000000000000000000000000000001111111                                        
 100                         000000000000                       000000000000000000000000000000000000000000000                                        
 101                         000000000000                      0000000000000000000000000000000000000000000000                                        
 102                         000000000000                      0000000000000000000000000000000000000000000000                                        
 103                         000000000000                      0000000000000000000000000000000000010000000000                                        
 104                         000000000000                     00000000000000000001100000000000000000000000000                                        
 105                         000000000000                     00000000000000000001111000000000000000000000000                                        
 106                         000000000000                     00000000000000000001111100000000000000000000000                                        
 107                         000000000000                    000000000000000000001111100000000000000000000000                                        
 108                                                           00000000000000000111  1000000000000000                                                
 109                                                               000000000000      1000000000000000                                                
 110                                                                   0000          1000000000000000                                                
 111                                                                                 1000000000000000                                                
 112                                                                                 1000000000000000                                                
 113                                                                                 1000000000000000                                                
 114                                                                                 0000000000000000                                                
 115                                                                                 0000000000000000                                                
 116                                                                                 0000000000000000                                                
 117                                                                                 0000000000000000                                                
 118                                                                                 0000000000000000                                                
 119                                                                                 0000000000000000                                                
 120                                                                                 0000000000000000                                                
 121                                                                                 0000000000000000                                                
 122                                                                                 0000000000000000                                                
 123                                                                                 0000000000000000                                                
 124                                                                                 0000000000000000                                                
 125                                                                                 0000000000000000                                                
 126                                                                                 0000000000000000                                                
 127                                                                                 0000000000000000                                                
 128                                                                                 0000000000000000                                                
 129                                                                                 0000000000000000                                                
 130                                                                                 0000000000000000                                                
 131                                                                                 0000000000000000                                                
seats 4118; refused 2496 DR-CLAIM, 2195 DR-KEEP, 1676 DR-ROAD, 286 DR-ROOT

## boulder
SEATS  boulder, footprint 1x1, 2 blocks off a route  1 char = 1 block  x -72..71 across, z -132..131 down
KEY  1 the footprint seats with its minimum corner here  0 refused  space void
      -7        -6        -5        -4        -3        -2        -1         0         1         2         3         4         5         6         7 
     210987654321098765432109876543210987654321098765432109876543210987654321012345678901234567890123456789012345678901234567890123456789012345678901
-132                                                 0000000000000000                                                                                
-131                                                 0000000000000000                                                                                
-130                                                 0000000000000000                                                                                
-129                                                 0000000000000000                                                                                
-128                                                 0000000000000000                                                                                
-127                                                 0000000000000000                                                                                
-126                                                 0000000000000000                                                                                
-125                                                 0000000000000000                                                                                
-124                                                 0000000000000000                                                                                
-123                                                 0000000000000000                                                                                
-122                                                 0000000000000000                                                                                
-121                                                 0000000000000000                                                                                
-120                                                 0000000000000000                                                                                
-119                                                 0000000000000000                                                                                
-118                                                 0000000000000000                                                                                
-117                                                 0000000000000000                                                                                
-116                                                 0000000000000000                                                                                
-115                                                 0000000000000000                                                                                
-114                                                 0000000000000000                                                                                
-113                                                 1000000000000000                                                                                
-112                                                 1000000000000000                                                                                
-111                                                 1000000000000000          1111                                                                  
-110                                                 1000000000000000      111111111111                                                              
-109                                                 1000000000000000  11111111111111111111                                                          
-108                                         000000000000000000000000111111111111111111111111                    000000000000                        
-107                                         00000000000000000000000011111111111111111111111                     000000000000                        
-106                                         00000000000000000000000011111111111111111111111                     000000000000                        
-105                                         00000000000000000000000011111111111111111111111                     000000000000                        
-104                                         0000000000000000000000000111111111111111111111                      000000000000                        
-103                                         0000000000110000000000000001111111111111111111                      000000000000                        
-102                                         0000000000000000000000000000011111111111111111                      000000000000                        
-101                                         000000000000000000000000000000011111111111111                       000000000000                        
-100                                         111111110000000001110000000000000111111111111                       000000000000                        
 -99                                         1111111100000000111111100000000000111111111111                      000000000000                        
 -98                                         1111111000000001111111111000000000001111111111                      000000000000                        
 -97                                         1111110000000011111111111110000000000111111111                      000000000000                        
 -96                                         1111110000000111111111111   0000000000111111111                     000000000000                        
 -95                                         11111000000011111111         100000000011111111                     000000000000                        
 -94                                         11111000000111111            110000000011111111                     000000000000                        
 -93                                         11110000000111111             111000000011111111                    000000000000                        
 -92 000000000000000000011111111110000000111111110000001111111             11110000001111111110000000111111111100000000000000                        
 -91 00000000000000000001111111111000000011111111000000111111              11110000000111111110000000111111111100000000000000                        
 -90 00000000000000000001111111111000000011111111000001111111               1111000000111111110000000111111111000000000000000                        
 -89 00000000000000000000000000000000000000000000000001111111               1111100000111111110000000111000000000000000001111                        
 -88 00000000000000000000000000000000000000000000000001111111                111100000111111000000000000000000000000000111111                        
 -87 00000000000000000000000000000000000000000000000001111111                111100000000000000000000000000000000000001111111                        
 -86 00000000000000000000000000000000000000000000000001111111                 11100000000000000000000000000000000000111111111                        
 -85 00000000000000000000000000000000000000000000000001111111                 11110000000000000000000000000000000111111111111                        
 -84 0000000000000000000000000000000000000000100000001111111                  11110000000000000000000000001111111111111111111                        
 -83 0000000000000000000111111111100000001111111000001111111                  11110000000000000000000111111111111111111111111                        
 -82 0000000000000000000111111111100000001111111000001111111                 111110000011111110000000111111111111111111111111                        
 -81 0000000000000000000111111111100000001111111000001111111                 111110000001111110000000111111111111111111111111                        
 -80                 0001111111111000000011111110000011111111                111110000001111110000000111111111111111111111111                        
 -79                 0001111111111000000011111100000011111111                11111100000111111000000011111111111111111111111                         
 -78                 00011111111110000000111111000000111111111               1111110000011111100000001111111111111111111111                          
 -77                 11111111111110000000111111000001111111111              1111111000001111110000000111111111111111111111                           
 -76                                         110000011111111111             11111110000001111                                                        
 -75                                        11100000111111111111            11111110000001111                                                        
 -74                                        11100000111111111111         111111111110000011111                                                       
 -73                                        111000001111111111111   11111111111111110000011111                                                       
 -72                                       111100000111111111111111111111111111111110000011111                                                       
 -71                                       1111000001111111111111111111111111111111100000011111                                                      
 -70                                       1110000001111111111111111111111111111111100000011111                                                      
 -69                                      11110000001111111111111111111111111111111110000011111                                                      
 -68                                      111100000111111111111111111111111111111111100000011111                                                     
 -67                                      111100000111111111111111111111111111111111100000011111                                                     
 -66                                     1111100000111111111111111111111111111111111110000011111                                                     
 -65                                     1111100000111111111111111111111111111111111110000001111                                                     
 -64                                     1111100000111111111111111111111111111111111110000001111                                                     
 -63                                     1111100000111111111111111111111111111111111111000001111                                                     
 -62                                     1111100000111111111111111111111111111111111111000001111                                                     
 -61                                     1111100000011111111111111111111111111111111111000001111                                                     
 -60                                     1111100000011111111111111111111111111111111111000001111                                                     
 -59                                     11111100000111111111111111111111111111111111110000011111                                                    
 -58                                      1111100000011111111111111111111111111111111110000011111                                                    
 -57                                      1111100000011111111111111111111111111111111100000011111                                                    
 -56                                      1111110000001111111111111111111111111111111100000011111                                                    
 -55                                      1111110000000111111111111111111111111111111100000111111                                                    
 -54                                      1111111000000111111111111111111111111111111000000111111                                                    
 -53                                      1111111000000011111111111111111111111111111000000111111                                                    
 -52                                      1111111100000001111111111111111111111111110000000111111                                                    
 -51                                       111111100000000111111111111111111111111110000001111111                                                    
 -50                                       11111111000000011111111111111111111111110000000111111                                                     
 -49                                       11111111100000001111111111111111111111100000001111111                                                     
 -48                                        1111111100000000011111111111111111111100000001111111                                                     
 -47                                        1111111110000000001111111111111111110000000011111111                                                     
 -46                                        1111111111000000000111111111111111100000000111111111                                                     
 -45                                         11111111110000000001111111111111100000000011111111                                                      
 -44                                          1111111111000  0000111111111111000000000111111111                                                      
 -43                                            11111111     0000001111111110000000001111111111                                                      
 -42                                               11        0000001111111100000000011111111111                                                      
 -41                                                         000000111111110000000111111111111                                                       
 -40                                                         000000111111110000001111111111111                                                       
 -39                                                         100000111111110000011111111111111                                                       
 -38                                                         11111111111111111111111111111111                                                        
 -37                                                         11111111111111111111111111111111                                                        
 -36                                                                                                                                                 
 -35                                                                                                                                                 
 -34                                                                                                                                                 
 -33                                                                                                                                                 
 -32                                                                                                                                                 
 -31                                                                                                                                                 
 -30                                                                                                                                                 
 -29                                                                                                                                                 
 -28                                                                                                                                                 
 -27                                                                                                                                                 
 -26                                                                                                                                                 
 -25                                                                                                                                                 
 -24                                                                                                                                                 
 -23                                                                                                                                                 
 -22                                                                                                                                                 
 -21                                                                                                                                                 
 -20                                                                                                                                                 
 -19                                                                                                                                                 
 -18                                                                                                                                                 
 -17                                                                                                                                                 
 -16                                                         11111111111111111111111111111111                                                        
 -15                                                         11111111111111111111111111111111                                                        
 -14                                                         11111111111111111111111111111111                                                        
 -13                                                         11111111111111111111111111111111                                                        
 -12                                                         11111111111111111111111111111111                                                        
 -11                                                         11111111111111111111111111111111                                                        
 -10                                                         11111111111111111111111111111111                                                        
  -9                                                         11111111111111111111111111111111                                                        
  -8                                                         00000000000011111111111111111111                                                        
  -7                                                         00000000000000000111111111111111                                                        
  -6                                                         00000000000000000111111111111111                                                        
  -5                                                         00000000000000000111111111111111                                                        
  -4                                                         00000000000000000000000001000000                                                        
  -3                                                         00000000000000000000000000000000                                                        
  -2                                                         00000000000000000000000000000000                                                        
  -1                                                         00000000000000000000000000000000                                                        
   0                                                         00000000000000000000000000000000                                                        
   1                                                         00000000000000000000000000000000                                                        
   2                                                         00000000000000000000000000000000                                                        
   3                                                         00000010000000000000000000000000                                                        
   4                                                         11111111111111100000000000000000                                                        
   5                                                         11111111111111100000000000000000                                                        
   6                                                         11111111111111100000000000000000                                                        
   7                                                         11111111111111111111000000000000                                                        
   8                                                         11111111111111111111111111111111                                                        
   9                                                         11111111111111111111111111111111                                                        
  10                                                         11111111111111111111111111111111                                                        
  11                                                         11111111111111111111111111111111                                                        
  12                                                         11111111111111111111111111111111                                                        
  13                                                         11111111111111111111111111111111                                                        
  14                                                         11111111111111111111111111111111                                                        
  15                                                         11111111111111111111111111111111                                                        
  16                                                                                                                                                 
  17                                                                                                                                                 
  18                                                                                                                                                 
  19                                                                                                                                                 
  20                                                                                                                                                 
  21                                                                                                                                                 
  22                                                                                                                                                 
  23                                                                                                                                                 
  24                                                                                                                                                 
  25                                                                                                                                                 
  26                                                                                                                                                 
  27                                                                                                                                                 
  28                                                                                                                                                 
  29                                                                                                                                                 
  30                                                                                                                                                 
  31                                                                                                                                                 
  32                                                                                                                                                 
  33                                                                                                                                                 
  34                                                                                                                                                 
  35                                                                                                                                                 
  36                                                         11111111111111111111111111111111                                                        
  37                                                        111111111111111111111111111111111                                                        
  38                                                        111111111111110000011111111000001                                                        
  39                                                        111111111111100000011111111000000                                                        
  40                                                       1111111111111000000011111111000000                                                        
  41                                                       1111111111100000000011111111000000       111                                              
  42                                                       1111111111000000000111111111000000    11111111                                            
  43                                                       1111111110000000001111111111110000 00001111111111                                         
  44                                                      111111111000000000111111111111110000000001111111111                                        
  45                                                      1111111110000000011111111111111110000000001111111111                                       
  46                                                      1111111100000000111111111111111111000000000111111111                                       
  47                                                      1111111000000011111111111111111111100000000011111111                                       
  48                                                      11111110000000111111111111111111111110000000111111111                                      
  49                                                     111111100000001111111111111111111111111000000011111111                                      
  50                                                     111111100000011111111111111111111111111000000001111111                                      
  51                                                     1111110000000111111111111111111111111111000000011111111                                     
  52                                                     1111110000001111111111111111111111111111100000001111111                                     
  53                                                     1111110000001111111111111111111111111111110000001111111                                     
  54                                                     1111110000011111111111111111111111111111110000000111111                                     
  55                                                     1111100000011111111111111111111111111111111000000111111                                     
  56                                                     1111100000011111111111111111111111111111111100000011111                                     
  57                                                     1111100000111111111111111111111111111111111100000011111                                     
  58                                                     11111000001111111111111111111111111111111111100000111111                                    
  59                                                      1111000001111111111111111111111111111111111100000011111                                    
  60                                                      1111000001111111111111111111111111111111111100000011111                                    
  61                                                      1111000001111111111111111111111111111111111110000011111                                    
  62                                                      1111000001111111111111111111111111111111111110000011111                                    
  63                                                      1111000000111111111111111111111111111111111110000011111                                    
  64                                                      1111000000111111111111111111111111111111111110000011111                                    
  65                                                      111110000011111111111111111111111111111111111000001111                                     
  66                                                      111110000001111111111111111111111111111111111000001111                                     
  67                                                      111110000001111111111111111111111111111111111000001111                                     
  68                                                       1111100000111111111111111111111111111111111000000111                                      
  69                                                       1111100000011111111111111111111111111111111000000111                                      
  70                                                       1111100000011111111111111111111111111111111000001111                                      
  71                                                        11111000001111111111111111111111111111111100000111                                       
  72                                                        11111000001111111111111111   111111111111100000111                                       
  73                                                        111110000011111111111         11111111111100000111                                       
  74                                                         11110000001111111            1111111111110000011                                        
  75                                                         11110000001111111             111111111110000011                                        
  76                           11111111111111111111111000000011111000001111111             111111111110000011111110000000111111111111                
  77                          11111111111111111111111100000001111100000111111               11111111100000011111110000000111111111111                
  78                         111111111111111111111111100000001111100000111111                1111111100000011111110000000111111111100                
  79                         111111111111111111111111100000001111100000011111                1111111100000111111110000000111111111100                
  80                         111111111111111111111111100000001111100000011111                 1111111000001111111100000001111111111000000000000000000
  81                         111111111111111111111111100000001111110000011111                 1111111000001111111100000001111111111000000000000000000
  82                         11111111111111111111111110000000000000000001111                  1111111000001111111100000001111111111000000000000000000
  83                         11111111111111111110000000000000000000000001111                  1111111000000010000000000000000000000000000000000000000
  84                         11111111111100000000000000000000000000000001111                 11111110000000000000000000000000000000000000000000000000
  85                         11111111100000000000000000000000000000000000111                 11111110000000000000000000000000000000000000000000000000
  86                         111111100000000000000000000000000000000000001111                11111110000000000000000000000000000000000000000000000000
  87                         111111000000000000000000000000001111111000001111                11111110000000000000000000000000000000000000000000000000
  88                         1111000000000000000001111000000011111110000011111               11111110000000000000000000000000000000000000000000000000
  89                         1111000000000001111111111000000011111110000001111               11111110000011111111100000001111111111000000000000000000
  90                         0000000000000001111111111000000011111110000000111               11111100000011111111100000001111111111000000000000000000
  91                         00000000000000011111111110000000111111110000001111             111111100000011111111100000001111111111000000000000000000
  92                         000000000000                    111111110000000111             11111100000001111                                        
  93                         000000000000                     111111110000000011            11111100000011111                                        
  94                         000000000000                     111111110000000001         11111111000000011111                                        
  95                         000000000000                     1111111110000000000   1111111111110000000111111                                        
  96                         000000000000                      1111111110000000000111111111111100000000111111                                        
  97                         000000000000                      1111111111000000000001111111111000000001111111                                        
  98                         000000000000                      1111111111110000000000011111110000000011111111                                        
  99                         000000000000                       111111111111000000000000011100000000011111111                                        
 100                         000000000000                       111111111111110000000000000000000000000000000                                        
 101                         000000000000                      1111111111111111100000000000000000000000000000                                        
 102                         000000000000                      1111111111111111111000000000000000110000000000                                        
 103                         000000000000                      1111111111111111111110000000000001110000000000                                        
 104                         000000000000                     11111111111111111111111100000000000000000000000                                        
 105                         000000000000                     11111111111111111111111100000000000000000000000                                        
 106                         000000000000                     11111111111111111111111100000000000000000000000                                        
 107                         000000000000                    111111111111111111111111100000000000000000000000                                        
 108                                                           11111111111111111111  1000000000000000                                                
 109                                                               111111111111      1000000000000000                                                
 110                                                                   1111          1000000000000000                                                
 111                                                                                 1000000000000000                                                
 112                                                                                 1000000000000000                                                
 113                                                                                 1000000000000000                                                
 114                                                                                 0000000000000000                                                
 115                                                                                 0000000000000000                                                
 116                                                                                 0000000000000000                                                
 117                                                                                 0000000000000000                                                
 118                                                                                 0000000000000000                                                
 119                                                                                 0000000000000000                                                
 120                                                                                 0000000000000000                                                
 121                                                                                 0000000000000000                                                
 122                                                                                 0000000000000000                                                
 123                                                                                 0000000000000000                                                
 124                                                                                 0000000000000000                                                
 125                                                                                 0000000000000000                                                
 126                                                                                 0000000000000000                                                
 127                                                                                 0000000000000000                                                
 128                                                                                 0000000000000000                                                
 129                                                                                 0000000000000000                                                
 130                                                                                 0000000000000000                                                
 131                                                                                 0000000000000000                                                
seats 5837; refused 2195 DR-KEEP, 1782 DR-CLAIM, 957 DR-ROAD

## house
SEATS  house, footprint 9x7, no route standoff  1 char = 1 block  x -72..71 across, z -132..131 down
KEY  1 the footprint seats with its minimum corner here  0 refused  space void
      -7        -6        -5        -4        -3        -2        -1         0         1         2         3         4         5         6         7 
     210987654321098765432109876543210987654321098765432109876543210987654321012345678901234567890123456789012345678901234567890123456789012345678901
-132                                                 0000000000000000                                                                                
-131                                                 0000000000000000                                                                                
-130                                                 0000000000000000                                                                                
-129                                                 0000000000000000                                                                                
-128                                                 0000000000000000                                                                                
-127                                                 0000000000000000                                                                                
-126                                                 0000000000000000                                                                                
-125                                                 0000000000000000                                                                                
-124                                                 0000000000000000                                                                                
-123                                                 0000000000000000                                                                                
-122                                                 0000000000000000                                                                                
-121                                                 0000000000000000                                                                                
-120                                                 0000000000000000                                                                                
-119                                                 0000000000000000                                                                                
-118                                                 0000000000000000                                                                                
-117                                                 0000000000000000                                                                                
-116                                                 0000000000000000                                                                                
-115                                                 0000000000000000                                                                                
-114                                                 0000000000000000                                                                                
-113                                                 0000000000000000                                                                                
-112                                                 0000000000000000                                                                                
-111                                                 0000000000000000          0000                                                                  
-110                                                 0000000000000000      000000000000                                                              
-109                                                 0000000000000000  00000000000000000000                                                          
-108                                         000000000000000000000000000000000000000000000000                    000000000000                        
-107                                         00000000000000000000000000000000000000000000000                     000000000000                        
-106                                         00000000000000000000000000000000000000000000000                     000000000000                        
-105                                         00000000000000000000000000000000000000000000000                     000000000000                        
-104                                         0000000000000000000000000000000000000000000000                      000000000000                        
-103                                         0000000000000000000000000000000000000000000000                      000000000000                        
-102                                         0000000000000000000000000000000000000000000000                      000000000000                        
-101                                         000000000000000000000000000000000000000000000                       000000000000                        
-100                                         000000000000000000000000000000000000000000000                       000000000000                        
 -99                                         0000000000000000000000000000000000000000000000                      000000000000                        
 -98                                         0000000000000000000000000000000000000000000000                      000000000000                        
 -97                                         0000000000000000000000000000000000000000000000                      000000000000                        
 -96                                         0000000000000000000000000   0000000000000000000                     000000000000                        
 -95                                         00000000000000000000         000000000000000000                     000000000000                        
 -94                                         00000000000000000            000000000000000000                     000000000000                        
 -93                                         00000000000000000             000000000000000000                    000000000000                        
 -92 000000000000000000000000000000000000000000000000000000000             00000000000000000000000000000000000000000000000000                        
 -91 00000000000000000000000000000000000000000000000000000000              00000000000000000000000000000000000000000000000000                        
 -90 00000000000000000000000000000000000000000000000000000000               0000000000000000000000000000000000000000000000000                        
 -89 00000000000000000000000000000000000000000000000000000000               0000000000000000000000000000000000000000000000000                        
 -88 00000000000000000000000000000000000000000000000000000000                000000000000000000000000000000000000000000000000                        
 -87 00000000000000000000000000000000000000000000000000000000                000000000000000000000000000000000000000000000000                        
 -86 00000000000000000000000000000000000000000000000000000000                 00000000000000000000000000000000000000000000000                        
 -85 00000000000000000000000000000000000000000000000000000000                 00000000000000000000000000000000000000000000000                        
 -84 0000000000000000000000000000000000000000000000000000000                  00000000000000000000000000000000000000000000000                        
 -83 0000000000000000000000000000000000000000000000000000000                  00000000000000000000000111100000000000000000000                        
 -82 0000000000000000000000000000000000000000000000000000000                 000000000000000000000000000000000000000000000000                        
 -81 0000000000000000000000000000000000000000000000000000000                 000000000000000000000000000000000000000000000000                        
 -80                 0000000000000000000000000000000000000000                000000000000000000000000000000000000000000000000                        
 -79                 0000000000000000000000000000000000000000                00000000000000000000000000000000000000000000000                         
 -78                 00000000000000000000000000000000000000000               0000000000000000000000000000000000000000000000                          
 -77                 00000000000000000000000000000000000000000              0000000000000000000000000000000000000000000000                           
 -76                                         000000000000000000             00000000000000000                                                        
 -75                                        00000000000000000000            00000000000000000                                                        
 -74                                        00000000000000000000         000000000000000000000                                                       
 -73                                        000000000000000000000   00000000000000000000000000                                                       
 -72                                       000000000000000000000100000000000000000000000000000                                                       
 -71                                       0000000001000000000000000000000000000000000000000000                                                      
 -70                                       0000000001000000000000000000000000100000000000000000                                                      
 -69                                      00000000000000000000000000000000000100000000000000000                                                      
 -68                                      000000000000000000000000000000000011000000000000000000                                                     
 -67                                      000000000000000000000000000000000011100000000000000000                                                     
 -66                                     0000000000000000000000000000000000011100000000000000000                                                     
 -65                                     0000000000000000000000000000000011111100000000000000000                                                     
 -64                                     0000000000000011000000000000000000111100000000000000000                                                     
 -63                                     0000000000011111111100000000000000000000000000000000000                                                     
 -62                                     0000000000011111111111000000000000000000000000000000000                                                     
 -61                                     0000000000001111111111100000000000000000000000000000000                                                     
 -60                                     0000000000000111111111111100000000000000000000000000000                                                     
 -59                                     00000000000000000000111111111100000000000000000000000000                                                    
 -58                                      0000000000000000000111111111111110000000000000000000000                                                    
 -57                                      0000000000000000000111111111111111100000000000000000000                                                    
 -56                                      0000000000000000000111111111111111100000000000000000000                                                    
 -55                                      0000000000000000000111111111111111000000000000000000000                                                    
 -54                                      0000000000000000000111111111111110000000000000000000000                                                    
 -53                                      0000000000000000000111111111111110000000000000000000000                                                    
 -52                                      0000000000000000000111111111111000000000000000000000000                                                    
 -51                                       000000000000000000000000000000000000000000000000000000                                                    
 -50                                       00000000000000000000000000000000000000000000000000000                                                     
 -49                                       00000000000000000000000000000000000000000000000000000                                                     
 -48                                        0000000000000000000000000000000000000000000000000000                                                     
 -47                                        0000000000000000000000000000000000000000000000000000                                                     
 -46                                        0000000000000000000000000000000000000000000000000000                                                     
 -45                                         00000000000000000000000000000000000000000000000000                                                      
 -44                                          0000000000000  0000000000000000000000000000000000                                                      
 -43                                            00000000     0000000000000000000000000000000000                                                      
 -42                                               00        0000000000000000000000000000000000                                                      
 -41                                                         000000000000000000000000000000000                                                       
 -40                                                         000000000000000000000000000000000                                                       
 -39                                                         000000000000000000000000000000000                                                       
 -38                                                         00000000000000000000000000000000                                                        
 -37                                                         00000000000000000000000000000000                                                        
 -36                                                                                                                                                 
 -35                                                                                                                                                 
 -34                                                                                                                                                 
 -33                                                                                                                                                 
 -32                                                                                                                                                 
 -31                                                                                                                                                 
 -30                                                                                                                                                 
 -29                                                                                                                                                 
 -28                                                                                                                                                 
 -27                                                                                                                                                 
 -26                                                                                                                                                 
 -25                                                                                                                                                 
 -24                                                                                                                                                 
 -23                                                                                                                                                 
 -22                                                                                                                                                 
 -21                                                                                                                                                 
 -20                                                                                                                                                 
 -19                                                                                                                                                 
 -18                                                                                                                                                 
 -17                                                                                                                                                 
 -16                                                         11000000011111100000001100000000                                                        
 -15                                                         11000000011111100000001100000000                                                        
 -14                                                         00000000000000000000000000000000                                                        
 -13                                                         00000000000000000000000000000000                                                        
 -12                                                         00000000000000000000000000000000                                                        
 -11                                                         00000000000000000000000000000000                                                        
 -10                                                         00000000000000000000000000000000                                                        
  -9                                                         00000000000000000000000000000000                                                        
  -8                                                         00000000000000000000000000000000                                                        
  -7                                                         00000000000000000000000000000000                                                        
  -6                                                         00000000000000000000000000000000                                                        
  -5                                                         00000000000000000000000000000000                                                        
  -4                                                         00000000000000000000000000000000                                                        
  -3                                                         00000000000000000000000000000000                                                        
  -2                                                         00000000000000000000000000000000                                                        
  -1                                                         00000000000000000000000000000000                                                        
   0                                                         00000000000000000000000000000000                                                        
   1                                                         00000000000000000000000000000000                                                        
   2                                                         00000000000000000000000000000000                                                        
   3                                                         00000000000000000000000000000000                                                        
   4                                                         00000000000000000000000000000000                                                        
   5                                                         00000000000000000000000000000000                                                        
   6                                                         00000000000000000000000000000000                                                        
   7                                                         00000000000000000000000000000000                                                        
   8                                                         11000000011111100000001100000000                                                        
   9                                                         11000000011111100000001100000000                                                        
  10                                                         00000000000000000000000000000000                                                        
  11                                                         00000000000000000000000000000000                                                        
  12                                                         00000000000000000000000000000000                                                        
  13                                                         00000000000000000000000000000000                                                        
  14                                                         00000000000000000000000000000000                                                        
  15                                                         00000000000000000000000000000000                                                        
  16                                                                                                                                                 
  17                                                                                                                                                 
  18                                                                                                                                                 
  19                                                                                                                                                 
  20                                                                                                                                                 
  21                                                                                                                                                 
  22                                                                                                                                                 
  23                                                                                                                                                 
  24                                                                                                                                                 
  25                                                                                                                                                 
  26                                                                                                                                                 
  27                                                                                                                                                 
  28                                                                                                                                                 
  29                                                                                                                                                 
  30                                                                                                                                                 
  31                                                                                                                                                 
  32                                                                                                                                                 
  33                                                                                                                                                 
  34                                                                                                                                                 
  35                                                                                                                                                 
  36                                                         00000000000000000000000000000000                                                        
  37                                                        100000000000000000000000000000000                                                        
  38                                                        000000000000000000000000000000000                                                        
  39                                                        000000000000000000000000000000000                                                        
  40                                                       0000000000000000000000000000000000                                                        
  41                                                       0000000000000000000000000000000000       000                                              
  42                                                       0000000000000000000000000000000000    00000000                                            
  43                                                       0000000000000000000000000000000000 00000000000000                                         
  44                                                      000000000000000000000000000000000000000000000000000                                        
  45                                                      0000000000000001111111111110000000000000000000000000                                       
  46                                                      0000000000000111111111111110000000000000000000000000                                       
  47                                                      0000000000000111111111111110000000000000000000000000                                       
  48                                                      00000000000011111111111111100000000000000000000000000                                      
  49                                                     000000000000111111111111111100000000000000000000000000                                      
  50                                                     000000000000111111111111111100000000000000000000000000                                      
  51                                                     0000000000000011111111111111000000000000000000000000000                                     
  52                                                     0000000000000000001111111111000000000000000000000000000                                     
  53                                                     0000000000000000000000111111111111100000000000000000000                                     
  54                                                     0000000000000000000000000111111111110000000000000000000                                     
  55                                                     0000000000000000000000000011111111111000000000000000000                                     
  56                                                     0000000000000000000000000000111111111000000000000000000                                     
  57                                                     0000000000111100000000000000000011000000000000000000000                                     
  58                                                     00000000001111110000000000000000000000000000000000000000                                    
  59                                                      0000000001110000000000000000000000000000000000000000000                                    
  60                                                      0000000001110000000000000000000000000000000000000000000                                    
  61                                                      0000000000110000000000000000000000000000000000000000000                                    
  62                                                      0000000000100000000000000000000000000000000000000000000                                    
  63                                                      0000000000100000000000000000000000010000000000000000000                                    
  64                                                      0000000000000000000000000000000000010000000000000000000                                    
  65                                                      000000000000000000000001000000000000000000000000000000                                     
  66                                                      000000000000000000000000000000000000000000000000000000                                     
  67                                                      000000000000000000000000000000000000000000000000000000                                     
  68                                                       0000000000000000000000000000000000000000000000000000                                      
  69                                                       0000000000000000000000000000000000000000000000000000                                      
  70                                                       0000000000000000000000000000000000000000000000000000                                      
  71                                                        00000000000000000000000000000000000000000000000000                                       
  72                                                        00000000000000000000000000   000000000000000000000                                       
  73                                                        000000000000000000000         00000000000000000000                                       
  74                                                         00000000000000000            0000000000000000000                                        
  75                                                         00000000000000000             000000000000000000                                        
  76                           00000000011111100000000000000000000000000000000             000000000000000000000000000000000000000000                
  77                          10000000000000000000000000000000000000000000000               00000000000000000000000000000000000000000                
  78                         000000000000000000000000000000000000000000000000                0000000000000000000000000000000000000000                
  79                         000000000000000000000000000000000000000000000000                0000000000000000000000000000000000000000                
  80                         000000000000000000000000000000000000000000000000                 0000000000000000000000000000000000000000000000000000000
  81                         000000000000000000000000000000000000000000000000                 0000000000000000000000000000000000000000000000000000000
  82                         00000000000000000000000000000000000000000000000                  0000000000000000000000000000000000000000000000000000000
  83                         00000000000000000000000000000000000000000000000                  0000000000000000000000000000000000000000000000000000000
  84                         00000000000000000000000000000000000000000000000                 00000000000000000000000000000000000000000000000000000000
  85                         00000000000000000000000000000000000000000000000                 00000000000000000000000000000000000000000000000000000000
  86                         000000000000000000000000000000000000000000000000                00000000000000000000000000000000000000000000000000000000
  87                         000000000000000000000000000000000000000000000000                00000000000000000000000000000000000000000000000000000000
  88                         0000000000000000000000000000000000000000000000000               00000000000000000000000000000000000000000000000000000000
  89                         0000000000000000000000000000000000000000000000000               00000000000000000000000000000000000000000000000000000000
  90                         0000000000000000000000000000000000000000000000000               00000000000000000000000000000000000000000000000000000000
  91                         00000000000000000000000000000000000000000000000000             000000000000000000000000000000000000000000000000000000000
  92                         000000000000                    000000000000000000             00000000000000000                                        
  93                         000000000000                     000000000000000000            00000000000000000                                        
  94                         000000000000                     000000000000000000         00000000000000000000                                        
  95                         000000000000                     0000000000000000000   0000000000000000000000000                                        
  96                         000000000000                      0000000000000000000000000000000000000000000000                                        
  97                         000000000000                      0000000000000000000000000000000000000000000000                                        
  98                         000000000000                      0000000000000000000000000000000000000000000000                                        
  99                         000000000000                       000000000000000000000000000000000000000000000                                        
 100                         000000000000                       000000000000000000000000000000000000000000000                                        
 101                         000000000000                      0000000000000000000000000000000000000000000000                                        
 102                         000000000000                      0000000000000000000000000000000000000000000000                                        
 103                         000000000000                      0000000000000000000000000000000000000000000000                                        
 104                         000000000000                     00000000000000000000000000000000000000000000000                                        
 105                         000000000000                     00000000000000000000000000000000000000000000000                                        
 106                         000000000000                     00000000000000000000000000000000000000000000000                                        
 107                         000000000000                    000000000000000000000000000000000000000000000000                                        
 108                                                           00000000000000000000  0000000000000000                                                
 109                                                               000000000000      0000000000000000                                                
 110                                                                   0000          0000000000000000                                                
 111                                                                                 0000000000000000                                                
 112                                                                                 0000000000000000                                                
 113                                                                                 0000000000000000                                                
 114                                                                                 0000000000000000                                                
 115                                                                                 0000000000000000                                                
 116                                                                                 0000000000000000                                                
 117                                                                                 0000000000000000                                                
 118                                                                                 0000000000000000                                                
 119                                                                                 0000000000000000                                                
 120                                                                                 0000000000000000                                                
 121                                                                                 0000000000000000                                                
 122                                                                                 0000000000000000                                                
 123                                                                                 0000000000000000                                                
 124                                                                                 0000000000000000                                                
 125                                                                                 0000000000000000                                                
 126                                                                                 0000000000000000                                                
 127                                                                                 0000000000000000                                                
 128                                                                                 0000000000000000                                                
 129                                                                                 0000000000000000                                                
 130                                                                                 0000000000000000                                                
 131                                                                                 0000000000000000                                                
seats 412; refused 4260 DR-CLAIM, 2887 DR-KEEP, 2066 DR-SITE, 758 DR-PASS, 388 DR-SLOPE
DR-SLOPE asked: a site rising 7 or more is refused
NOT ASKED  DR-CROSS, DR-WAY — the pass may still decline a seat marked 1 under these
