## tree
SEATS  tree, footprint 1x1, 3 blocks off a route  1 char = 1 block  x -140..139 across, z -64..63 down
KEY  1 the footprint seats with its minimum corner here  0 refused  space void
     4        -3        -2        -1        -0        -9        -8        -7        -6        -5        -4        -3        -2        -1         0         1         2         3         4         5         6         7         8         9         0         1         2         3         
     0987654321098765432109876543210987654321098765432109876543210987654321098765432109876543210987654321098765432109876543210987654321098765432101234567890123456789012345678901234567890123456789012345678901234567890123456789012345678901234567890123456789012345678901234567890123456789
 -64                 1                                                                                                         11                                11                                                                                                         1                
 -63                 111                                               111                                                 111111                                111111                                                            00000                                  111                
 -62                 11111                    1111                111111111111                 00001                  10111111111                                11111111111                               11111111         111110000000000                 0000000     11111                
 -61                 11110111               1111100000000     1111111111111111111          000000001111111       1100000000011111                                1111111111111011                        1111101111111111111111100000000000000          110000000000000111111                
 -60                 000000000111         111110000000000000111111111111111111111011    10000000000011111111111110000000000000111                                1111111110000000001111                111000000000111111111111100000000000000000    111100000000000000011111                
 -59                 000000000011111   111111100000000000000011111111111111110000000001110000000000011111111111100000000000000011                                11111110000000000000111100          111000000000000011111111110000000000000000000111111000000000000000001111                
 -58                 000000000001111111111111000000000000000001111111111111000000000000010000000000001111111111000000000000000001                                111111000000000000000110000001   111110000000000000001111111110000000000000000000111111000000000000000001111                
 -57                 000000000000111111111111000000000000000001111111111110000000000000001100000000001111111111000000000000000001                                111110000000000000000000000001111111100000000000000000111111110000000000000000000111110000000000000000000111                
 -56                 000000000000011111111110000000000000000000111111111100000000000000000100000000001111111110000000000000000000                                111110000000000000000000000001111111100000000000000000111111110000000000000000000111110000000000000000000111                
 -55                 000000000000011111111110000000000000000000111111111100000000000000000100000000001111111110000000000000000000                                111100000000000000000000000001111111000000000000000000011111100000000000000000000011110000000000000000000111                
 -54                 000000000000011111111110000000000000000000111111111000000000000000000000000000001111111110000000000000000000                                111100000000000000000000000001111111000000000000000000011111110000000000000000000111110000000000000000000111                
 -53                 000000000000011111111110000000000000000000111111111000000000000000000000000000001111111110000000000000000000                                111100000000000000000000000011111111000000000000000000011111110000000000000000000111100000000000000000000011                
 -52                 000000000000001111111100000000000000000000011111111000000000000000000010000000001111111100000000000000000000                                111100000000000000000000000111111111000000000000000000011111110000000000000000000111110000000000000000000111                
 -51                 000000000000011111111110000000000000000000111111111000000000000000000010000000001111111110000000000000000000                                111000000000000000000000000111111110000000000000000000001111110000000000000000000000000000000000000000000111                
 -50                 000000000000011111100000000000000000000000111111110000000000000000000001000000001111111110000000000000000000                                111100000000000000000000000111111111000000000000000000011111111000000000000000000000000000000000000000000111                
 -49                 000000000000011000000000000000000000000000111111111000000000000000000011000000000111111110000000000000000000                                111100000000000000000000000111111111000000000000000000011111111000000000000000000000000000000000000000000111                
 -48                 000000000000011000000000000000000000000000111111111000000000000000000011000000000111111110000000000000000000                                111100000000000000000000000111111111000000000000000000011111111100000000000000000000000000000000000000001111                
 -47                 000000000000110000000000000000000000000001111111111000000000000000000011000000000111111111000000000000000001                                111100000000000000000000000111111111000000000000000000011111111110000000000000000000000000000000000000001111                
 -46                 000000000001110000000000000000000000000001111111111000000000000000000011000000000111111111000000000000000001                                111110000000000000000000000111111111100000000000000000111111111111100000000000000000000000000000000000011111                
 -45                 000000000011110000000000000000000000000011111111111100000000000000000111000000000111111111100000000000000011                                111110000000000000000000001111111111100000000000000000111111111111111110111000000000000000000000000000111111                
 -44                 000000000111110000000000000000000000000111111111111100000000000000000111100000000111111111110000000000000111                                111111000000000000000100000111111111110000000000000001111111111111111111111000000000000000000000000011111111                
 -43                 111101111100000000000000000000000000011111111111111110000000000000001111100000000111111111111100000000011111                                111111100000000000001100000011111111111000000000000011111111111111111111111000000000000000000010111111111111                
 -42                 111111110000000000000000000000000111111111111111111111000000000000011111100000000111111111111111110111111111                                111111111000000000111100000011111111111110000000001111111111111111111111111000000000000000000011111111111111                
 -41                 111111100000000000000000000000001111111111111111111111110000000001111111100000000011111111111111111111111111                                111111111111101111111100000001111111111111111011100000000000000000000011111000000000000000000111111111111111                
 -40                 111111000000000000000000000000011111000000000000000000000111011111111111100000000011111111111111111111111111                                111111111111111111111100000001111111111111111111100000000000000000000011111000000000000000000011111111111111                
 -39                 111111000000000000000000000000111111100000000000000000001111111111111111100000000011111111111111111111111111                                111111111111111111111100000011111111111111111111100000000000000000000010000000000000000000000001111111111111                
 -38                 111110000000000000000000000111111111100000000000000000011111111111111111100000000111111111111111111111111111                                111111111111111111111100000011111111111111111111100000000000000000000000000000000000000000000001111111111111                
 -37                 111110000000000000000000111111011111100000000000000000111111111111111111000000001111111111111111111111111111                                111111111111111111111110000001111111111111111111100000000000000000000000000000000000000000000001111111111111                
 -36                 111110000000000000000000110000000001100000000000000000111111111111111110000000001111111111111111111111111111                                111111111111111111111110000000001111111111111111100000000000000000000000000000000000000000000001111111111111                
 -35                 111110000000000000000000100000000000100000000000000000011111111111111110000000001111111111111111111111111111                                111111111111111111111110000000011111111111111111100000000000000000000000000000000000000000000000000001111111                
 -34                 111100000000000000000000000000000000000000000000000000001111111111111110000000001111111111000001111111111111                                111111111111111111111110000000001111111111111111100000000000000000000000000000000000000000000000000001111111                
 -33                 111110000000000000000000000000000000000000000000000000001111111111111110000000001111111110000000011111111111                                111111111111111111111110000000001111111111111111100000000000000000000000000000000000000000000000000001111111                
 -32                 111110000000000000000000000000000000000000000000000000000111111111111110000000001111111110000000001111111111                                111111111111111111111110000000000111111111111111100000000000000000000000000000000000000000000000000001111111                
 -31                 111110000000000000000000000000000000000000000000000000000111111111111110000000001111111110000000000111111111                                111111111111111111111111000000000011111111111111100000000000000000000000000000000000000000000000000001111111                
 -30                 111110000000000000000000000000000000000000000000000000000111111111111110000000001111111110000000000111111111                                111111111111111111111111100000000011111111111111100000000000000000000000000000000000000000000000000001111111                
 -29                 111111000000000000000000000000000000000000000000000000000111111111111100000000011111111110000000000111111111                                111111111111111111111111110000000111111111111111100000001000000000000000000000000000000000000000000001111111                
 -28                 111111000000000000000000000000000000000000000000000000011111111111111100000000011111111111000000000111111111                                111111111111111111111111100000000111111111111111100000011110000000000000000000000000000000000000000001111111                
 -27                 111111100000000000000000000000000000000000000000000000001111111111111100000000011111111111000000001111111111                                111111111111111111111111110000000111111111111111100000011110000000000000000000000000000000000000000001111111                
 -26                 111111110000000000000100000000000000000000000000000000000111111111111100000000011111111111000000001111111111                                111111111111111111111111110000000111111111111111100000111111000000000000000000000001110111000000000001111111                
 -25                 111111111100000000011100000000000000000000000000000000000111111111111100000000011111111111100000011111111111                                111111111111111111111111110000000011111111111111100000111111100000000000000000000011111111111111111111111111                
 -24                 111111111111110111111100000000000000000000000000000000000111111111111100000000111111111111100000011111111111                                111111111111111111111111111000000011111111111111100000111111100000000000000000000111111111111111111111111111                
 -23                 111111111111111111111110000000000000000000000000000000000111111111111100000000111111111111100000111111111111                                111111111111111111111111111100000011111111111111100000011111100000000010000000001111111111111111111111111111                
 -22                 111111111111111111111111000000000000000000000000000000000111111111111100000000111111111111110000111111111111                                111111111111111111111111111000000001111111111111100000111110000000000011111011111111111111111111111111111111                
 -21                 111111111111111111111111100000000000100000000000000000000111111110001000000001111111111111111111111111111111                                111111111111111111111111110000000001111111111111100000000000000000000001111111111111111111111111111111111111                
 -20                 111111111111111111111111110000000001000000000000000000000111111100000000000001111111111111111111111111111111                                111111111111111111111111110000000001111111000111111111111111100000000000111111111111111111111111111111111111                
 -19                 111111111111111111111110000000000010000000000111111111111111111110001000000001111111111111111111111111111111                                111111111110000000011111100000000001111111000011111111111111100000000000110000000000011111111111111111111111                
 -18                 111111111000000000001100000000000000000000000111111111111111111111111000000000111111111111111111111111111111                                111111111110000000011111110000000001111111000111111111111111100000000000000000000000011100000000000111111111                
 -17                 111111110000000000000100000000000000000000000111111111111111111111111000000001111111111111111111111111111111                                111111111110000000011111110000000011111111111111111111111111100000000000000000000000011100000000000011111111                
 -16                 111111110000000000000100000000000000000000001111111111111111111111111000000001111111111111111111111111111111                                111111111110000000011111111000000111111111111111111111111111111000000000000000000000011100000000000011111111                
 -15                 111111110000000000000100000000000000000000001111111111111111111111111000000001111111111111111111111111111111                                111111111110000000011111110000001111111111111111111111111111111110000000000000000000011100000000000011111111                
 -14                 000111110000000000000100000000000000000000111111111111111111111111111111100001111111111111111111111111111111                                111111111110000000011111100000000111111111111111111111111111111110000000000000000000011100000000000011111100                
 -13                 000111110000000000000100000000000000000001111111111111111111111111111111100000111111111111111111111111111111                                111111111110000000011111100000000111111111111111111111111111111111000000010000000000011100000000000011111100                
 -12 0000000000000000000111110000000000001110000000000000000011111111111111111111111111111111100000011111111111111111111111111111                                1111111111100000000111111000000001111111111111111111111111111111110000000100000000000111000000000000111111000000000000000000
 -11 0000000000000000000111110000000000001110000000000000000011111111111111111111111111111111100000001111111111111111111111111111                                1111111111111111111111111000000001111111111111111111111111111111110000000100000000000111000000000000111111000000000000000000
 -10 0000000000000000000111110000000000001110000000000000000011111111111111111111111111111111100000001111111111111111111111111111                                1111111111111111111111111000000001111111111111111111111111111111110000000100000000000111000000000000111111000000000000000000
  -9 0000000000000000000111110000000000001110000000000000000111111111111111111111111111111111110000001111111111111111111111111111                                1111111111111111111111111100000011111111111111111111111111111111110000000100000000000111000000000000111111000000000000000000
  -8 0000000000000000000111110000000000001111111111110000000111111111111111111111111111111111110000001111111111111111111111111111                                1111111111111111111111111000000111111111111111111111111111111000000000000011111111111111000000000000111111000000000000000000
  -7 0000000000000000000000000000000000001111111111110000000011111111111111111111111111111111111000000011111111111111111111111111                                1111111111111111111111111000000111111111111111111111111111000000000000000001111111111111100000000000000000000000000000000000
  -6 0000000000000000000000000000000000001111111111110000000011111111111111000000001111111111111000000011111111111111111111111111                                1111111111111111111111110000000011111111111111111111111110000000000000000001111111100000000000000000000000000000000000000000
  -5 0000000000000000000000000000000000001111111111110000000011111111110000000000000001111111111000000001111111111111111111111111                                1111111110000000000000110000000011111111111111111111111000000000000000000000001100000000000000000000000000000000000000000000
  -4 0000000000000000000000000000000000001111000000000000000011111111000000000000000000000011111000000001000000011100000000000111                                1110000000000000000000000000000011111100000000011111100000000000000000000000000000000000000000000000000000000000000000000000
  -3 0000000000000000000000000000000000000000000000000000000011111100000000000000000000000001111000000000000000000000000000000011                                1100000000000000000000000000000011111000000000000000000000000000000000000000000000000000000000000000000000000000000000000000
  -2 0000000000000000000000000000000000000000000000000000000011111000000000000000000000000001111000000000000000000000000000000011                                1100000000000000000000000000000111111000000000000000000000000000000000000000000000000000000000000000000000000000000000000000
  -1 0000000000000000000000000000000000000000000000000000000000000000000000000000000000000001111100000000000000000000000000000011                                1100000000000000000000000000000111111000000000000000000000000000000000000000000000000000000000000000000000000000000000000000
   0 0000000000000000000000000000000000000000000000000000000000000000000000000000000000000001111110000000000000000000000000000011                                1100000000000000000000000000000011111000000000000000000000000000000000000000000000000000000000000000000000000000000000000000
   1 0000000000000000000000000000000000000000000000000000000000000000000000000000000000000001111110000000000000000000000000000011                                1100000000000000000000000000000001111000000000000000000000000001111100000000000000000000000000000000000000000000000000000000
   2 0000000000000000000000000000000000000000000000000000000000000000000000000000000000000001111100000000000000000000000000000011                                1100000000000000000000000000000001111000000000000000000000000011111100000000000000000000100000000000000000000000000000000000
   3 0000000000000000000000000000000000000000000000000000000000000000000000011111100000000011111100000000000000000000000000000111                                1110000000000011100000001000000001111100000000000000000000001111111100000000000000001111100000000000000000000000000000000000
   4 0000000000000000000000000000000000000000000011000000000000000000000001111111111111111111111100000000110000000000000111111111                                1111111111111111111111111000000001111111111000000000000000111111111100000000111111111111100000000000000000000000000000000000
   5 0000000000000000000000000000000000000000011111111000000000000000000111111111111111111111111100000000111111111111111111111111                                1111111111111111111111111100000001111111111111000000001111111111111100000000111111111111100000000000000000000000000000000000
   6 0000000000000000000000000000000000001111111111111000000000000000001111111111111111111111111110000001111111111111111111111111                                1111111111111111111111111100000001111111111111111111111111111111111100000000111111111111100000000000000000000000000000000000
   7 0000000000000000000000000000000000001111111111111100000000000001111111111111111111111111111110000001111111111111111111111111                                1111111111111111111111111111000000111111111111111111111111111111111110000000111111111111000000000000000000000000000000000000
   8 0000000000000000000111110000000000001110000000000010000000111111111111111111111111111111111100000011111111111111111111111111                                1111111111111111111111111111000000111111111111111111111111111111111110000000000000000111000000000000111111000000000000000000
   9 0000000000000000000111110000000000001110000000000010000000111111111111111111111111111111111000000001111111111111111111111111                                1111111111111111111111111111000000011111111111111111111111111111111100000000000000000111000000000000111111000000000000000000
  10 0000000000000000000111110000000000001110000000000010000000111111111111111111111111111111111000000001111111111111111111111111                                1111111111111111111111111111000000011111111111111111111111111111111100000000000000000111000000000000111111000000000000000000
  11 0000000000000000000111110000000000001110000000000010000000111111111111111111111111111111111000000001111110000000011111111111                                1111111111111111111111111111100000011111111111111111111111111111111100000000000000000111000000000000111111000000000000000000
  12                 000111110000000000001110000000000010000000111111111111111111111111111111111000000001111110000000011111111111                                111111111111111111111111111111000001111111111111111111111111111111100000000000000000001000000000000011111100                
  13                 000111110000000000001110000000000000000000011111111111111111111111111111111000000001111110000000011111111111                                111111111111111111111111111111100001111111111111111111111111111111000000000000000000001000000000000011111100                
  14                 000111110000000000001110000000000000000000011111111111111111111111111111111100000011111110000000011111111111                                111111111111111111111111111111100000000111111111111111111111111100000000000000000000001000000000000011111100                
  15                 111111110000000000001110000000000000000000000111111111111111111111111111111000000111111110000000011111111111                                111111111111111111111111111111100000000111111111111111111111111100000000000000000000001000000000000011111111                
  16                 111111110000000000001110000000000000000000000001111111111111111111111111110000000011111110000000011111111111                                111111111111111111111111111111100000000111111111111111111111111000000000000000000000001000000000000011111111                
  17                 111111111000000000001110000000000000000000000001111111111111111000111111100000000011111110000000011111111111                                111111111111111111111111111111000000000111111111111111111111111000000000000000000000001100000000000111111111                
  18                 111111111111111111111110000000000011000000000001111111111111110000111111100000000001111110000000011111111111                                111111111111111111111111111111100000000100011111111111111111111000000000010000000000011111111111111111111111                
  19                 111111111111111111111111111111111111000000000001111111111111111000111111100000000011111111111111111111111111                                111111111111111111111111111111100000000000001111111000000000000000000000100000000011111111111111111111111111                
  20                 111111111111111111111111111111111111100000000000000000000001111111111111100000000011111111111111111111111111                                111111111111111111111111111111100000000100011111111000000000000000000001000000000001111111111111111111111111                
  21                 111111111111111111111111111111110111110000000000011111000001111111111111100000000111111111111111111111111111                                111111111111000011111111111111000000001111111111111000000000000000000000000000000000111111111111111111111111                
  22                 111111111111111111111111111100000000010000000001111110000001111111111111110000001111111111111111111111111111                                111111111111000001111111111111000000001111111111111000000000000000000000000000000000011111111111111111111111                
  23                 111111111111111111111111111000000000000000000001111111000001111111111111110000000111111111111111111111111111                                111111111110000001111111111111000000001111111111111000000000000000000000000000000000001111111011111111111111                
  24                 111111111111111111111111110000000000000000000001111111000001111111111111110000000011111111111111111111111111                                111111111110000001111111111110000000001111111111111000000000000000000000000000000000001110000000001111111111                
  25                 111111100000000000111011100000000000000000000000111111000001111111111111111000000011111111111111111111111111                                111111111100000000111111111110000000001111111111111000000000000000000000000000000000001000000000000011111111                
  26                 111111100000000000000000000000000000000000000000011110000001111111111111111000000011111111111111111111111111                                111111111100000000111111111110000000001111111111111100000000000000000000000000000000000000000000000001111111                
  27                 111111100000000000000000000000000000000000000000011110000001111111111111111000000001111111111111111111111111                                111111111000000000111111111110000000001111111111111110000000000000000000000000000000000000000000000000111111                
  28                 111111100000000000000000000000000000000000000000000100000001111111111111111000000011111111111111111111111111                                111111111000000000011111111110000000001111111111111000000000000000000000000000000000000000000000000000111111                
  29                 111111100000000000000000000000000000000000000000000000000001111111111111110000000001111111111111111111111111                                111111111000000000011111111100000000011111111111111000000000000000000000000000000000000000000000000000011111                
  30                 111111100000000000000000000000000000000000000000000000000001111111111111110000000000111111111111111111111111                                111111111000000000011111111100000000011111111111111000000000000000000000000000000000000000000000000000011111                
  31                 111111100000000000000000000000000000000000000000000000000001111111111111111000000000011111111111111111111111                                111111111100000000011111111100000000011111111111111000000000000000000000000000000000000000000000000000011111                
  32                 111111100000000000000000000000000000000000000000000000000001111111111111111100000000011111111111111111111111                                111111111110000000011111111100000000011111111111111100000000000000000000000000000000000000000000000000011111                
  33                 111111100000000000000000000000000000000000000000000000000001111111111111111100000000011111111111111111111111                                111111111111100000111111111100000000011111111111111100000000000000000000000000000000000000000000000000001111                
  34                 111111100000000000000000000000000000000000000000000000000001111111111111111110000000011111111111111111111111                                111111111111111111111111111100000000011111111111111110000000000000000001000000000001000000000000000000011111                
  35                 111111111111100000000000000000000000000000000000000000000001111111111111111100000000011111111111111111111111                                111111111111111111111111111100000000011111111111111111000000000000000001100000000011000000000000000000011111                
  36                 111111111111100000000000000000000000000000000000000000000001111111111111111111100000011111111111111111111111                                111111111111111111111111111100000000111111111111111111000000000000000001111110111111000000000000000000011111                
  37                 111111111111100000000000000000000000000000000000000000000001111111111111111111110000001111111111111111111111                                111111111111111111111111111000000001111111111111111110000000000000000001111111111000000000000000000000011111                
  38                 111111111111100000000000000000000000010000000000000000000001111111111111111111110000001111111111111111111111                                111111111111111111111111110000000001111111111111111100000000000000000001111111000000000000000000000000111111                
  39                 111111111111110000000000000000000111110000000000000000000001111111111111111111100000001111111111111111111111                                111111111111111111111111110000000001111111111110111000000000000000000000111110000000000000000000000000111111                
  40                 111111111111111000000000000000000111110000000000000000000001110111111111111111100000001111111101111111111111                                111111111111111111111111110000000001111111100000000011111111111111111111111100000000000000000000000001111111                
  41                 111111111111110000000000000000000111111111111111111111111100000000011111111111110000001111000000000111111111                                111111111011111111111111111000000001111110000000000000111111111111111111111000000000000000000000000011111111                
  42                 111111111111010000000000000000000111111111111111111111110000000000000111111111110000001100000000000001111111                                111110000000001111111111111000000001111100000000000000011111111111111110000000000000000000000000001111101111                
  43                 111111110000000000000000000000000111111111111111111111100000000000000011111111111000001000000000000000111111                                111000000000000011111111111000000001111000000000000000001111111111111000000000000000000000000011111000000000                
  44                 111111000000000000000000000000000111011111111111111111000000000000000001111111111100000000000000000000011111                                110000000000000001111111111000000000111000000000000000001111111111110000000000000000000000000011110000000000                
  45                 111110000000000000000000000000000000000001111111111111000000000000000001111111111000000000000000000000011111                                100000000000000000111111111000000000110000000000000000000111111111100000000000000000000000000011100000000000                
  46                 111100000000000000000000000000000000000000011111111110000000000000000000111111111000000000000000000000001111                                100000000000000000111111111000000000110000000000000000000111111111100000000000000000000000000011000000000000                
  47                 111100000000000000000000000000000000000000001111111110000000000000000000111111111000000000000000000000001111                                000000000000000000011111111000000000110000000000000000000111111111000000000000000000000000000110000000000000                
  48                 111000000000000000000000000000000000000000000111111110000000000000000000111111111000000000000000000000001111                                000000000000000000011111111000000000110000000000000000000111111111000000000000000000000000000110000000000000                
  49                 111000000000000000000000000000000000000000000111111110000000000000000000111111111000000000000000000000001111                                000000000000000000011111111100000000100000000000000000000011111111000000000000000000000001111110000000000000                
  50                 111000000000000000000000000000000000000000000011111100000000000000000000011111111000000000000000000000000111                                000000000000000000011111111100000000010000000000000000000111111111000000000000000000011111111110000000000000                
  51                 111000000000000000000011111000000000000000000011111110000000000000000000111111111000000000000000000000001111                                000000000000000000001111111100000000010000000000000000000111111110000000000000000000001111111100000000000000                
  52                 110000000000000000000001111000000000000000000011111110000000000000000000111111110000000000000000000000001111                                000000000000000000011111111100000000000000000000000000000111111111000000000000000000011111111110000000000000                
  53                 111000000000000000000011111000000000000000000011111110000000000000000000111111100000000000000000000000001111                                000000000000000000011111111100000000000000000000000000000111111111000000000000000000011111111110000000000000                
  54                 111000000000000000000011110000000000000000000001111110000000000000000000111111100000000000000000000000001111                                000000000000000000011111111100000000001000000000000000001111111111000000000000000000011111111110000000000000                
  55                 111000000000000000000011111000000000000000000011111111000000000000000001111111100000000000000000000000011111                                000000000000000000011111111100000000001000000000000000001111111111000000000000000000011111111110000000000000                
  56                 111000000000000000000011111000000000000000000011111111000000000000000001111111100000000000000000000000011111                                100000000000000000111111111100000000001100000000000000011111111111100000000000000000111111111111000000000000                
  57                 111100000000000000000111111000000000000000000011111111100000000000000011111   100000011000000000000000111111                                100000000000000000111111111100000000000010000000000000111111111111100000000000000000111111111111100000000000                
  58                 111100000000000000000111111000000000000000000011111111110000000000000111          00111100000000000001111111                                110000000000000001111111111110000000000011100000000011111111111111110000000000000001111111  1111110000000000                
  59                 111110000000000000001111    000000000000000001111111111111000000000111                1111000000000111111111                                11100000000000001111111111111000000000001    110111111111111111111111000000000000011111         111000000000                
  60                 11111100000000000001           0000000000000011111111111111111011111                        1101111111111111                                1111100000000011       111111100000000          1111111111111111111     0000000011111               11101111                
  61                 1111      0000000                 000000000011111         11111111                               11111111111                                11111111101                  10000                 111111111111                1111                    11111                
  62                 111                                  00000                                                            111111                                111111                                                 111                                               111                
  63                 1                                                                                                         11                                11                                                                                                         1                
seats 11791; refused 10974 DR-CLAIM, 1852 DR-KEEP, 1476 OB19, 1016 DR-ROAD

## boulder
SEATS  boulder, footprint 1x1, 2 blocks off a route  1 char = 1 block  x -140..139 across, z -64..63 down
KEY  1 the footprint seats with its minimum corner here  0 refused  space void
     4        -3        -2        -1        -0        -9        -8        -7        -6        -5        -4        -3        -2        -1         0         1         2         3         4         5         6         7         8         9         0         1         2         3         
     0987654321098765432109876543210987654321098765432109876543210987654321098765432109876543210987654321098765432109876543210987654321098765432101234567890123456789012345678901234567890123456789012345678901234567890123456789012345678901234567890123456789012345678901234567890123456789
 -64                 1                                                                                                         11                                11                                                                                                         1                
 -63                 111                                               111                                                 111111                                111111                                                            11111                                  111                
 -62                 11111                    1111                111111111111                 00001                  11111111111                                11111111111                               11111111         111111111111111                 1111111     11111                
 -61                 11111111               1111111111111     1111111111111111111          000000001111111       1111111111111111                                1111111111111111                        1111111111111111111111111111111111111          111111111111111111111                
 -60                 111111111111         111111111111111111111111111111111111111111    10000000000011111111111111111111111111111                                1111111111111111111111                111111111111111111111111111111111111111111    111111111111111111111111                
 -59                 111111111111111   111111111111111111111111111111111111111111111111110000000000011111111111111111111111111111                                11111111111111111111111100          111111111111111111111111111111111111111111111111111111111111111111111111                
 -58                 111111111111111111111111111111111111111111111111111111111111111111110000000000001111111111111111111111111111                                111111111111111111111110000001   111111111111111111111111111111111111111111111111111111111111111111111111111                
 -57                 111111111111111111111111111111111111111111111111111111111111111111111100000000001111111111111111111111111111                                111111111111111111111100000001111111111111111111111111111111111111111111111111111111111111111111111111111111                
 -56                 111111111111111111111111111111111111111111111111111111111111111111111100000000001111111111111111111111111111                                111111111111111111111100000001111111111111111111111111111111111111111111111111111111111111111111111111111111                
 -55                 111111111111111111111111111111111111111111111111111111111111111111111100000000001111111111111111111111111111                                111111111111111111111100000001111111111111111111111111111111111111111111111111111111111111111111111111111111                
 -54                 111111111111111111111111111111111111111111111111111111111111111111111100000000001111111111111111111111111111                                111111111111111111111100000001111111111111111111111111111111111111111111111111111111111111111111111111111111                
 -53                 111111111111111111111111111111111111111111111111111111111111111111111100000000001111111111111111111111111111                                111111111111111111111110000011111111111111111111111111111111111111111111111111111111111111111111111111111111                
 -52                 111111111111111111111111111111111111111111111111111111111111111111111110000000001111111111111111111111111111                                111111111111111111111110000111111111111111111111111111111111111111111111111111111111111111111111111111111111                
 -51                 111111111111111111111111111111111111111111111111111111111111111111111110000000001111111111111111111111111111                                111111111111111111111100000111111111111111111111111111111111111111111111111111110000000011111111111111111111                
 -50                 111111111111111111100001111111111111111111111111111111111111111111111111000000001111111111111111111111111111                                111111111111111111111000000111111111111111111111111111111111111111111111111111000000000000111111111111111111                
 -49                 111111111111111000000000001111111111111111111111111111111111111111111111000000000111111111111111111111111111                                111111111111111111111000000111111111111111111111111111111111111111111111111110000000000000001111111111111111                
 -48                 111111111111111000000000000001111111111111111111111111111111111111111111000000000111111111111111111111111111                                111111111111111111111000000111111111111111111111111111111111111111111111111100000000000000000111111111111111                
 -47                 111111111111110000000000000000111111111111111111111111111111111111111111000000000111111111111111111111111111                                111111111111111111111000000111111111111111111111111111111111111111111111111100000000000000000111111111111111                
 -46                 111111111111110000000000000000011111111111111111111111111111111111111111000000000111111111111111111111111111                                111111111111111111111000000111111111111111111111111111111111111111111111111000000000000000000011111111111111                
 -45                 111111111111110000000000000000001111111111111111111111111111111111111111000000000111111111111111111111111111                                111111111111111111111100001111111111111111111111111111111111111111111111111000000000000000000011111111111111                
 -44                 111111111111111000000000000000001111111111111111111111111111111111111111100000000111111111111111111111111111                                111111111111111111111100000111111111111111111111111111111111111111111111111000000000000000000011111111111111                
 -43                 111111111111111000000000000000001111111111111111111111111111111111111111100000000111111111111111111111111111                                111111111111111111111100000011111111111111111111111111111111111111111111111000000000000000000011111111111111                
 -42                 111111111111111000000000000000001111111111111111111111111111111111111111100000000111111111111111111111111111                                111111111111111111111100000011111111111111111111111111111111111111111111111000000000000000000011111111111111                
 -41                 111111111111111000000000000000001111111111111111111111111111111111111111100000000011111111111111111111111111                                111111111111111111111100000001111111111111111111100000000000000000000011111000000000000000001111111111111111                
 -40                 111111111111111000000000000000011111000000000000000000000111111111111111100000000011111111111111111111111111                                111111111111111111111100000001111111111111111111100000000000000000000011111100000000111111111111111111111111                
 -39                 111111111111110000000000000000111111100000000000000000001111111111111111100000000011111111111111111111111111                                111111111111111111111100000011111111111111111111100000000000000000000011111110000001111111111111111111111111                
 -38                 111111111111110000000000000111111111100000000000000000011111111111111111100000000111111111111111111111111111                                111111111111111111111100000011111111111111111111100000000000000000000011111111000111111111111111111111111111                
 -37                 111111111111111000000000111111111111100000000000000000111111111111111111000000001111111111111111111111111111                                111111111111111111111110000001111111111111111111100000000000000000000111111111111111111111111111111111111111                
 -36                 111111111111111000000111111111111111100000000000000000111111111111111110000000001111111111111111111111111111                                111111111111111111111110000000001111111111111111100000000000000000001111111111111111111111111111111111111111                
 -35                 111111111111111111111111111111111111100000000000000000011111111111111110000000001111111111111111111111111111                                111111111111111111111110000000011111111111111111100000000000000000011111111111111111111111000000000001111111                
 -34                 111111111111111111111111111111111111100000000000000000001111111111111110000000001111111111000001111111111111                                111111111111111111111110000000001111111111111111100000000000000000011111111111111111111111000000000001111111                
 -33                 111111111111111111111111111111111111110000000000000000001111111111111110000000001111111110000000011111111111                                111111111111111111111110000000001111111111111111100000000000000000011111111111111111111111000000000001111111                
 -32                 111111111111111111111111111111111111111000000000000000000111111111111110000000001111111110000000001111111111                                111111111111111111111110000000000111111111111111100000000000000000011111111111111111111111000000000001111111                
 -31                 111111111111111111111111111111111111111000000000000000000111111111111110000000001111111110000000000111111111                                111111111111111111111111000000000011111111111111100000000000000000111111111111111111111111000000000001111111                
 -30                 111111111111111111111111111111111111111000000000000000000111111111111110000000001111111110000000000111111111                                111111111111111111111111100000000011111111111111100000000000000000011111111111111111111111000000000001111111                
 -29                 111111111111111111111111111111111111111000000000000000000111111111111100000000011111111110000000000111111111                                111111111111111111111111110000000111111111111111100000001000000000011111111111111111111111000000000001111111                
 -28                 111111111111111111111111111111111111111100000000000000011111111111111100000000011111111111000000000111111111                                111111111111111111111111100000000111111111111111100000011110000000011111111111111111111111000000000001111111                
 -27                 111111111111111111111111111111111111111000000000000000001111111111111100000000011111111111000000001111111111                                111111111111111111111111110000000111111111111111100000011110000000011111111111111111111111000000000001111111                
 -26                 111111111111111111111111111111111111111000000000000000000111111111111100000000011111111111000000001111111111                                111111111111111111111111110000000111111111111111100000111111000000001111111111111111111111000000000001111111                
 -25                 111111111111111111111111111111111111111000000000000000000111111111111100000000011111111111100000011111111111                                111111111111111111111111110000000011111111111111100000111111100000000111111111111111111111111111111111111111                
 -24                 111111111111111111111111111111111111111000000000000000000111111111111100000000111111111111100000011111111111                                111111111111111111111111111000000011111111111111100000111111100000000011111111111111111111111111111111111111                
 -23                 111111111111111111111111111111111111110000000000000000000111111111111100000000111111111111100000111111111111                                111111111111111111111111111100000011111111111111100000011111100000000011111111111111111111111111111111111111                
 -22                 111111111111111111111111111111111111100000000000000000000111111111111100000000111111111111110000111111111111                                111111111111111111111111111000000001111111111111100000111110000000000011111111111111111111111111111111111111                
 -21                 111111111111111111111111111111111111111000000000000000000111111110001000000001111111111111111111111111111111                                111111111111111111111111110000000001111111111111100000000000000000000011111111111111111111111111111111111111                
 -20                 111111111111111111111111111111111111110000000000000000000111111100000000000001111111111111111111111111111111                                111111111111111111111111110000000001111111000111111111111111110000000011111111111111111111111111111111111111                
 -19                 111111111111111111111110000000100011100000001111111111111111111110001000000001111111111111111111111111111111                                111111111110000000011111100000000001111111000011111111111111110000000001110000000000011111111111111111111111                
 -18                 111111111000000000001100000000000001000000001111111111111111111111111000000000111111111111111111111111111111                                111111111110000000011111110000000001111111000111111111111111110000000001100000000000011100000000000111111111                
 -17                 111111110000000000000100000000000000000000011111111111111111111111111000000001111111111111111111111111111111                                111111111110000000011111110000000011111111111111111111111111111100000000100000000000011100000000000011111111                
 -16                 111111110000000000000100000000000000000000011111111111111111111111111000000001111111111111111111111111111111                                111111111110000000011111111000000111111111111111111111111111111111000000100000000000011100000000000011111111                
 -15                 111111110000000000000100000000000000000001111111111111111111111111111000000001111111111111111111111111111111                                111111111110000000011111110000001111111111111111111111111111111111000000100000000000011100000000000011111111                
 -14                 000111110000000000000100000000000000000011111111111111111111111111111111100001111111111111111111111111111111                                111111111110000000011111100000000111111111111111111111111111111111100000100000000000011100000000000011111100                
 -13                 000111110000000000000100000000000000000111111111111111111111111111111111100000111111111111111111111111111111                                111111111110000000011111100000000111111111111111111111111111111111100000110000000000011100000000000011111100                
 -12 0000000000000000000111110000000000001110000000000000000111111111111111111111111111111111100000011111111111111111111111111111                                1111111111100000000111111000000001111111111111111111111111111111111000001100000000000111000000000000111111000000000000000000
 -11 0000000000000000000111110000000000001110000000000000000111111111111111111111111111111111100000001111111111111111111111111111                                1111111111111111111111111000000001111111111111111111111111111111111000001100000000000111000000000000111111000000000000000000
 -10 0000000000000000000111110000000000001110000000000000001111111111111111111111111111111111100000001111111111111111111111111111                                1111111111111111111111111000000001111111111111111111111111111111111000001100000000000111000000000000111111000000000000000000
  -9 0000000000000000000111110000000000001110000000000000001111111111111111111111111111111111110000001111111111111111111111111111                                1111111111111111111111111100000011111111111111111111111111111111111000001100000000000111000000000000111111000000000000000000
  -8 0000000000000000000111110000000000001111111111111000001111111111111111111111111111111111110000001111111111111111111111111111                                1111111111111111111111111000000111111111111111111111111111111111111000001111111111111111000000000000111111000000000000000000
  -7 0000000000000000000000000000000000001111111111111000001111111111111111111111111111111111111000000011111111111111111111111111                                1111111111111111111111111000000111111111111111111111111111111100000000000111111111111111100000000000000000000000000000000000
  -6 0000000000000000000000000000000000001111111111111000000111111111111111111111111111111111111000000011111111111111111111111111                                1111111111111111111111110000000011111111111111111111111111100000000000000011111111111111100000000000000000000000000000000000
  -5 0000000000000000000000000000000000001111111111111000000111111111111111100000011111111111111000000001111111111111111111111111                                1111111111111111111111110000000011111111111111111111111111000000000000000011111111110000000000000000000000000000000000000000
  -4 0000000000000000000000000000000000001111111111111000000111111111111000000000000011111111111000000001111111111111111111111111                                1111111111000000000001100000000011111111111111111111111100000000000000000000011110000000000000000000000000000000000000000000
  -3 0000000000000000000000000000000000001111100000000000000111111111100000000000000000000111111000000001100000111110000000001111                                1111000000000000000000010000000011111110000000111111110000000000000000000000000000000000000000000000000000000000000000000000
  -2 0000000000000000000000000000000000001000000000000000000111111110000000000000000000000011111000000001000000000000000000000111                                1110000000000000000000000000000111111100000000000110000000000000000000000000000000000000000000000000000000000000000000000000
  -1 0000000000000000000000000000000000000000000000000000000111111100000000000000000000000011111100000001000000000000000000000111                                1110000000000000000000000000000111111100000000000000000000000000110000000000000000000000000000000000000000000000000000000000
   0 0000000000000000000000000000000000000000000000000000000000110000000000000000000000000011111110000000000000000000000000000111                                1110000000000000000000001000000011111100000000000000000000000011111110000000000000000000000000000000000000000000000000000000
   1 0000000000000000000000000000000000000000000000000000000000000000000000000110000000000011111110000000000000000000000000000111                                1110000000000000000000001000000001111100000000000000000000000111111110000000000000000001100000000000000000000000000000000000
   2 0000000000000000000000000000000000000000000000000000000000000000000000111111110000000111111100000000100000000000000000001111                                1111000000000111110000011000000001111110000000000000000000011111111110000000000000011111100000000000000000000000000000000000
   3 0000000000000000000000000000000000000000000111100000000000000000000011111111111111111111111100000000011000000000001111111111                                1111111111111111111111111000000001111111111100000000000001111111111110000001111111111111100000000000000000000000000000000000
   4 0000000000000000000000000000000000000000111111111100000000000000001111111111111111111111111100000000111111111111111111111111                                1111111111111111111111111000000001111111111111100000011111111111111110000001111111111111100000000000000000000000000000000000
   5 0000000000000000000000000000000000001111111111111100000000000000011111111111111111111111111100000000111111111111111111111111                                1111111111111111111111111100000001111111111111111111111111111111111110000001111111111111100000000000000000000000000000000000
   6 0000000000000000000000000000000000001111111111111110000000000011111111111111111111111111111110000001111111111111111111111111                                1111111111111111111111111100000001111111111111111111111111111111111111000001111111111111100000000000000000000000000000000000
   7 0000000000000000000000000000000000001111111111111111000001111111111111111111111111111111111110000001111111111111111111111111                                1111111111111111111111111111000000111111111111111111111111111111111111000001111111111111000000000000000000000000000000000000
   8 0000000000000000000111110000000000001110000000000011000001111111111111111111111111111111111100000011111111111111111111111111                                1111111111111111111111111111000000111111111111111111111111111111111111000000000000000111000000000000111111000000000000000000
   9 0000000000000000000111110000000000001110000000000011000001111111111111111111111111111111111000000001111111111111111111111111                                1111111111111111111111111111000000011111111111111111111111111111111111000000000000000111000000000000111111000000000000000000
  10 0000000000000000000111110000000000001110000000000011000001111111111111111111111111111111111000000001111111111111111111111111                                1111111111111111111111111111000000011111111111111111111111111111111110000000000000000111000000000000111111000000000000000000
  11 0000000000000000000111110000000000001110000000000011000001111111111111111111111111111111111000000001111110000000011111111111                                1111111111111111111111111111100000011111111111111111111111111111111110000000000000000111000000000000111111000000000000000000
  12                 000111110000000000001110000000000011000001111111111111111111111111111111111000000001111110000000011111111111                                111111111111111111111111111111000001111111111111111111111111111111111000000000000000001000000000000011111100                
  13                 000111110000000000001110000000000001000001111111111111111111111111111111111000000001111110000000011111111111                                111111111111111111111111111111100001111111111111111111111111111111110000000000000000001000000000000011111100                
  14                 000111110000000000001110000000000001000000111111111111111111111111111111111100000011111110000000011111111111                                111111111111111111111111111111100000000111111111111111111111111111100000000000000000001000000000000011111100                
  15                 111111110000000000001110000000000001000000111111111111111111111111111111111000000111111110000000011111111111                                111111111111111111111111111111100000000111111111111111111111111110000000000000000000001000000000000011111111                
  16                 111111110000000000001110000000000001000000001111111111111111111111111111110000000011111110000000011111111111                                111111111111111111111111111111100000000111111111111111111111111110000000000000000000001000000000000011111111                
  17                 111111111000000000001110000000000001100000000011111111111111111000111111100000000011111110000000011111111111                                111111111111111111111111111111000000000111111111111111111111111100000000100000000000001100000000000111111111                
  18                 111111111111111111111110000000000011100000000011111111111111110000111111100000000001111110000000011111111111                                111111111111111111111111111111100000000100011111111111111111111100000001110001000000011111111111111111111111                
  19                 111111111111111111111111111111111111110000000011111111111111111000111111100000000011111111111111111111111111                                111111111111111111111111111111100000000000001111111000000000000000000011111111111111111111111111111111111111                
  20                 111111111111111111111111111111111111110000000000000000000001111111111111100000000011111111111111111111111111                                111111111111111111111111111111100000000100011111111000000000000000000111111111111111111111111111111111111111                
  21                 111111111111111111111111111111111111110000000000011111000001111111111111100000000111111111111111111111111111                                111111111111000011111111111111000000001111111111111000000000000000000001111111111111111111111111111111111111                
  22                 111111111111111111111111111111111111110000000001111110000001111111111111110000001111111111111111111111111111                                111111111111000001111111111111000000001111111111111000000000000000000011111111111111111111111111111111111111                
  23                 111111111111111111111111111111111111110000000001111111000001111111111111110000000111111111111111111111111111                                111111111110000001111111111111000000001111111111111000000000000000000111111111111111111111111111111111111111                
  24                 111111111111111111111111111111111111111000000001111111000001111111111111110000000011111111111111111111111111                                111111111110000001111111111110000000001111111111111000000000000000000111111111111111111111111111111111111111                
  25                 111111100000000000111111111111111111111100000000111111000001111111111111111000000011111111111111111111111111                                111111111100000000111111111110000000001111111111111000000000000000000111111111111111111111111111111111111111                
  26                 111111100000000000111111111111111111111110000000011110000001111111111111111000000011111111111111111111111111                                111111111100000000111111111110000000001111111111111100000000000000000111111111111111111111111111111111111111                
  27                 111111100000000000111111111111111111111110000000011110000001111111111111111000000001111111111111111111111111                                111111111000000000111111111110000000001111111111111110000000000000001111111111111111111111111111111111111111                
  28                 111111100000000000111111111111111111111110000000000100000001111111111111111000000011111111111111111111111111                                111111111000000000011111111110000000001111111111111000000000000000000111111111111111111111111111111111111111                
  29                 111111100000000000111111111111111111111110000000000000000001111111111111110000000001111111111111111111111111                                111111111000000000011111111100000000011111111111111000000000000000000111111111111111111111111111111111111111                
  30                 111111100000000000111111111111111111111111000000000000000001111111111111110000000000111111111111111111111111                                111111111000000000011111111100000000011111111111111000000000000000000111111111111111111111111111111111111111                
  31                 111111100000000000111111111111111111111110000000000000000001111111111111111000000000011111111111111111111111                                111111111100000000011111111100000000011111111111111000000000000000000111111111111111111111111111111111111111                
  32                 111111100000000000111111111111111111111110000000000000000001111111111111111100000000011111111111111111111111                                111111111110000000011111111100000000011111111111111100000000000000000011111111111111111111111111111111111111                
  33                 111111100000000000111111111111111111111110000000000000000001111111111111111100000000011111111111111111111111                                111111111111100000111111111100000000011111111111111100000000000000000001111111111111111111111111111111111111                
  34                 111111100000000000111111111111111111111110000000000000000001111111111111111110000000011111111111111111111111                                111111111111111111111111111100000000011111111111111110000000000000000001111111111111111111111111111111111111                
  35                 111111111111111111111111111111111111111100000000000000000001111111111111111100000000011111111111111111111111                                111111111111111111111111111100000000011111111111111111000000000000000001111111111111111000000111111111111111                
  36                 111111111111111111111111111111111111111000000000000000000001111111111111111111100000011111111111111111111111                                111111111111111111111111111100000000111111111111111111000000000000000001111111111111000000000111111111111111                
  37                 111111111111111111111111111000111111110000000000000000000001111111111111111111110000001111111111111111111111                                111111111111111111111111111000000001111111111111111110000000000000000001111111111000000000000011111111111111                
  38                 111111111111111111111111100000011111110000000000000000000001111111111111111111110000001111111111111111111111                                111111111111111111111111110000000001111111111111111100000000000000000001111111000000000000000011111111111111                
  39                 111111111111111111111111000000001111110000000000000000000001111111111111111111100000001111111111111111111111                                111111111111111111111111110000000001111111111111111000000000000000000000111110000000000000000111111111111111                
  40                 111111111111111100000000000000000111110000000000000000000001111111111111111111100000001111111111111111111111                                111111111111111111111111110000000001111111111111111111111111111111111111111100000000000000000111111111111111                
  41                 111111111111110000000000000000000111111111111111111111111111111111111111111111110000001111111111111111111111                                111111111111111111111111111000000001111111111111111111111111111111111111111100000000000000000111111111111111                
  42                 111111111111110000000000000000000111111111111111111111111111111111111111111111110000001111111111111111111111                                111111111111111111111111111000000001111111111111111111111111111111111111111100000000000000000111111111111111                
  43                 111111111111110000000000000000000111111111111111111111111111111111111111111111111000001111111111111111111111                                111111111111111111111111111000000001111111111111111111111111111111111111111100000000000000000111111111111111                
  44                 111111111111110000000000000000000111111111111111111111111111111111111111111111111100001111111111111111111111                                111111111111111111111111111000000000111111111111111111111111111111111111111100000000000000000011111111111111                
  45                 111111111111110000000000000000000111111111111111111111111111111111111111111111111000000111111111111111111111                                111111111111111111111111111000000000111111111111111111111111111111111111111110000000000000000011111111111111                
  46                 111111111111111000000000000000001111111111111111111111111111111111111111111111111000000111111111111111111111                                111111111111111111111111111000000000111111111111111111111111111111111111111111000000000000000011111111111111                
  47                 111111111111111000000000000000001111111111111111111111111111111111111111111111111000000111111111111111111111                                111111111111111111111111111000000000111111111111111111111111111111111111111111100000000000000111111111111111                
  48                 111111111111111100000000000000011111111111111111111111111111111111111111111111111000000111111111111111111111                                111111111111111111111111111000000000111111111111111111111111111111111111111111111100000000000111111111111111                
  49                 111111111111111111000000000000111111111111111111111111111111111111111111111111111000000111111111111111111111                                111111111111111111111111111100000000111111111111111111111111111111111111111111111111100001111111111111111111                
  50                 111111111111111111110000000011111111111111111111111111111111111111111111111111111000001111111111111111111111                                111111111111111111111111111100000000011111111111111111111111111111111111111111111111111111111111111111111111                
  51                 111111111111111111111111111111111111111111111111111111111111111111111111111111111000011111111111111111111111                                111111111111111111111111111100000000011111111111111111111111111111111111111111111111111111111111111111111111                
  52                 111111111111111111111111111111111111111111111111111111111111111111111111111111110000011111111111111111111111                                111111111111111111111111111100000000001111111111111111111111111111111111111111111111111111111111111111111111                
  53                 111111111111111111111111111111111111111111111111111111111111111111111111111111100000001111111111111111111111                                111111111111111111111111111100000000001111111111111111111111111111111111111111111111111111111111111111111111                
  54                 111111111111111111111111111111111111111111111111111111111111111111111111111111100000001111111111111111111111                                111111111111111111111111111100000000001111111111111111111111111111111111111111111111111111111111111111111111                
  55                 111111111111111111111111111111111111111111111111111111111111111111111111111111100000001111111111111111111111                                111111111111111111111111111100000000001111111111111111111111111111111111111111111111111111111111111111111111                
  56                 111111111111111111111111111111111111111111111111111111111111111111111111111111100000001111111111111111111111                                111111111111111111111111111100000000001111111111111111111111111111111111111111111111111111111111111111111111                
  57                 111111111111111111111111111111111111111111111111111111111111111111111111111   100000011111111111111111111111                                111111111111111111111111111100000000000011111111111111111111111111111111111111111111111111111111111111111111                
  58                 111111111111111111111111111111111111111111111111111111111111111111111111          00111111111111111111111111                                111111111111111111111111111110000000000011111111111111111111111111111111111111111111111111  1111111111111111                
  59                 111111111111111111111111    111111111111111111111111111111111111111111                1111111111111111111111                                11111111111111111111111111111000000000001    111111111111111111111111111111111111111111         111111111111                
  60                 11111111111111111111           1111111111111111111111111111111111111                        1111111111111111                                1111111111111111       111111100000000          1111111111111111111     1111111111111               11111111                
  61                 1111      1111111                 111111111111111         11111111                               11111111111                                11111111111                  10000                 111111111111                1111                    11111                
  62                 111                                  11111                                                            111111                                111111                                                 111                                               111                
  63                 1                                                                                                         11                                11                                                                                                         1                
seats 18593; refused 4670 DR-CLAIM, 1852 DR-KEEP, 1476 OB19, 518 DR-ROAD

## house
SEATS  house, footprint 9x7, no route standoff  1 char = 1 block  x -140..139 across, z -64..63 down
KEY  1 the footprint seats with its minimum corner here  0 refused  space void
     4        -3        -2        -1        -0        -9        -8        -7        -6        -5        -4        -3        -2        -1         0         1         2         3         4         5         6         7         8         9         0         1         2         3         
     0987654321098765432109876543210987654321098765432109876543210987654321098765432109876543210987654321098765432109876543210987654321098765432101234567890123456789012345678901234567890123456789012345678901234567890123456789012345678901234567890123456789012345678901234567890123456789
 -64                 0                                                                                                         00                                00                                                                                                         0                
 -63                 000                                               000                                                 000000                                000000                                                            00000                                  000                
 -62                 00000                    0000                000000000000                 00000                  00000000000                                00000000000                               00000000         000000000000000                 0000000     00000                
 -61                 00000000               0000000000000     0000000000000000000          000000000000000       0000000000000000                                0000000000000000                        0000000001111111110000000000000000000          000000000000000000000                
 -60                 000000000000         000000000111111100000000000000000000000000    00000000000001111111110000000000000000000                                0000000000000000000000                000000000000100000000000000000000000000000    000000000000000000000000                
 -59                 000000000000000   000000000000000000000000000000000000000000000000000000000000000000000000000000000000000000                                00000000000000000000000000          000000000000000000000000000000000000000001100000000000000000000000000000                
 -58                 000000000000100000000000000000000000000000000000000000000000000000000000000000000000000000000000000000000000                                000000000000000000000000000000   000000000000000000000000000000000000000000000000000000000000000000000000000                
 -57                 000000000000000000000000000000000000000000000000000000000000000000000000000000000000000000000000000000000000                                000000000000000000000000000000000000000000000000000000000000000000000000000000000000000000000000000000000000                
 -56                 000000000000000000000000000000000000000000000000000000000000000000000000000000000000000000000000000000000000                                000000000000000000000000000000000000000000000000000000000000000000000000000000000000000000000000000000000000                
 -55                 000000000000000000000000000000000000000000000000000000000000000000000000000000000000000000000000000000000000                                000000000000000000000000000000000000000000000000000000000000000000000000000000000000000000000000000000000000                
 -54                 000000000000000000000000000000000000000000000000000000000000000000000000000000000000000000000000000000000000                                000000000000000000000000000000000000000000000000000000000000000000000000000000000000000000000000000000000000                
 -53                 000000000000000000000000000000000000000000000111100000000000000000000000000000000000000000000000001100000000                                110000000000000000000000000000000000000000000000000000000001111111000000000000000000000000000000000000000000                
 -52                 000000000000000000000000000000000000000001111111111100000000000000000000000000000000000000000000001100000000                                110000000000000000000000000000000000000011111111111111111111111111100000000000000000000000000000001100000000                
 -51                 110000000000000000000000000000001111111111111111111111100000000000000000000000000111111111100000001100000000                                110000000111100000000000000000000000001111111111111111110000000000000000000000000000000000000000000000000000                
 -50                 110000000000000000000000000000001111111111111111111111111111111100000000000000000111111111100000001100000000                                110000000111100000000000000000000000111111111111111111110000000000000000000000000000000000000000000000000000                
 -49                 110000000000000000000000000000001111111111111111111111111111111100000000000000000111111111100000001100000000                                110000000111100000000000000000000111111111111111111111110000000000000000000000000000000000000000000000000000                
 -48                 110000000000000000000000000000001111111111111111111111111111111100000000000000000111111111100000001100000000                                110000000111100000000000000011111111111111111111111111110000000000000000000000000000000000000000000000000000                
 -47                 110000000000000000000000000000001111111111111111111111111111111100000000000000000011111111100000001100000000                                110000000111100000000000000001111111111110000000000000000000000000000000000000000000000000000000000000000000                
 -46                 110000000000000000000000000000000000000000000000000000000111111100000000000000000011111111100000001100000000                                110000000111100000000000000001111111111110000000000000000000000000000000000000000000000000000000000000000000                
 -45                 110000000000000000000000000000000000000000000000000000000111111100000000000000000011111111100000001100000000                                110000000111110000000000000001111111111110000000000000000000000000000000000000000000000000000000000000000000                
 -44                 110000000000000000000000000000000000000000000000000000000111111110000000000000000011111111100000001100000000                                110000000111110000000000000001111111111110000000000000000000000000000000000000000000000000000000000000000000                
 -43                 110000000000000000000000000000000000000000000000000000000111111100000000000000000011111111100000001100000000                                110000000111110000000000000001111111111110000000000000000000000000000000000000000000000000000000000000000000                
 -42                 110000000000000000000000000000000000000000000000000000000111111000000000000000000011111111100000001100000000                                110000000111110000000000000000001111111110000000000000000000000000000000000000000000000000000000000000000000                
 -41                 110000000000000000000000000000000000000000000000000000000111111000000000000000000011111111100000001100000000                                110000000111110000000000000000001111111110000000000000000000000000000000000000000000000000000000000000000000                
 -40                 110000000000000000000000000000000000000000000000000000000111111000000000000000000000000000000000001100000000                                110000000111110000000000000000001111111110000000000000000000000000000000000000000000000000000000000000000000                
 -39                 110000000000000000000000000000000000000000000000000000001111111000000000000000000000000000000000001100000000                                110000000111110000000000000000001111111110000000000000000000000000000000000000000000000000000000000000000000                
 -38                 110000000000000000000000000110000000000000000000000000000111111000000000000000000000000000000000001100000000                                110000000111110000000000000000000111111110000000000000000000000000000000000000000000000000000000000000000000                
 -37                 110000000000000000000000111110000000000000000000000000000111111000000000000000001000000000000000000100000000                                110000000111111000000000000000000011111110000000000000000000000000000000000000000000000000000000000000000000                
 -36                 110000000000000000000111111110000000000000000000000000000111111000000000000000001000000000000000000100000000                                110000000111111000000000000000000011111110000000000000000000000000000000000000000000000000000000000000000000                
 -35                 110000000111111111111111111110000000000000000000000000000111110000000000000000001000000000000000000100000000                                110000000111111000000000000000000011111110000000000000000000000000000000000000000000000000000000000000000000                
 -34                 000000000111111111111111111110000000000000000000000000000111110000000000000000001000000000000000000100000000                                110000000111111000000000000000000011111110000000000000000000000000000000000000000000000000000000000000000000                
 -33                 000000000111111111111111111111000000000000000000000000000111110000000000000000001000000000000000000100000000                                110000000111111000000000000000000011111110000000000000000000000000000000000000000000000000000000000000000000                
 -32                 000000000111111111111111111111100000000000000000000000000111110000000000000000001000000000000000000100000000                                110000000111111000000000000000000011111110000000000000000000000000000000000000000000000000000000000000000000                
 -31                 000000000111111111111111111111100000000000000000000000000111110000000000000000001000000000000000000100000000                                110000000111111100000000000000000011111110000000000000000000000000000000000000000000000000000000000000000000                
 -30                 000000000111111111111111111111100000000000000000000000000111110000000000000000001000000000000000000100000000                                110000000111111110000000000000000011111110000000000000000000000000000000000000000000000000000000000000000000                
 -29                 000000000111111111111111111111000000000000000000000000000111110000000000000000011000000000000000000100000000                                110000000111111110000000000000000011111110000000000000000000000000000000000000000000000000000000000000000000                
 -28                 000000000111111111111111111110000000000000000000000000000111110000000000000000011100000000000000000100000000                                110000000111111110000000000000000001111110000000000000000000000000000000000000000000000000000000000000000000                
 -27                 000000000111111111111111111110000000000000000000000000000111100000000000000000011100000000000000001100000000                                110000000111111111000000000000000001111110000000000000000000000000000000000000000000000000000000000000000000                
 -26                 000000000111111111111111111110000000000000000000000000000111100000000000000000011100000000000000001100000000                                110000000111111111000000000000000001111110000000000000000000000000000000000000000000000000000000000000000000                
 -25                 000000000111111000000000000000000000000000000000000000000111100000000000000000011110000000000000001100000000                                110000000000000000000000000000000001111110000000000000000000000000000000000000000000000000000000000000000000                
 -24                 000000000000000000000000000000000000000000000000000000000111100000000000000000111110000000000000001100000000                                110000000000000000000000000000000001111110000000000000000000000000000000000000000000000000000000000000000000                
 -23                 000000000000000000000000000000000000000000000000000000000111100000000000000000111110000000000000001100000000                                110000000000000000000000000000000001111110000000000000000000000000000000000000000000000000000000000000000000                
 -22                 000000000000000000000000000000000000000000000000000000000111100000000000000000111111000000000000001100000000                                110000000000000000000000000000000001111110000000000000000000000000000000000000000000000000000000000000000000                
 -21                 000000000000000000000000000000000000000000000000000000000111100000000000000000111111111111100000001100000000                                110000000000000000000000000000000001111110000000000000000000000000000000000000000000000000000000000000000000                
 -20                 000000000000000000000000000000000000000000000000000000000111100000000000000000111111111111100000001100000000                                110000000000000000000000000000000001111111111111111111100000000000000000000000000000000000000000000000000000                
 -19                 000000000000000000000000000000000000000000011111111111111111100000000000000000111111111111100000001100000000                                110000000000000000000000000000000001111111111111111111100000000000000000000000000000000000000000000000000000                
 -18                 000000000000000000000000000000000000000000111111111111111111100000000000000000011111111111100000001100000000                                110000000000000000000000000000000001111111111111111111110000000000000000000000000000000000000000000000000000                
 -17                 000000000000000000000000000000000000000000111111111111111111100000000000000000001111111111100000001100000000                                110000000000000000000000000000000011111111111111111111110000000000000000000000000000000000000000000000000000                
 -16                 000000000000000000000000000000000000000011111111111111111111100000000000000000001111111111100000001100000000                                110000000000000000000000000000000111111111111111111111110000000000000000000000000000000000000000000000000000                
 -15                 000000000000000000000000000000000000000111111111111111111111100000000000000000001111111111100000001100000000                                110000000000000000000000000000000111111111111111111111110000000000000000000000000000000000000000000000000000                
 -14                 000000000000000000000000000000000000001111111111111111111111111110000000000000001111111111100000001100000000                                110000000000000000000000000000000111111111111111111111110000000000000000000000000000000000000000000000000000                
 -13                 000000000000000000000000000000000000001111111111111111111111111110000000000000000011111111100000001100000000                                110000000000000000000000000000000111111111111111111111110000000000000000000000000000000000000000000000000000                
 -12 0000000000000000000000000000000000000000000000000000001111111111111111111111111110000000000000000011111111100000001100000000                                1100000000000000000000000000000001111111111111111111111000000000000000000000000000000000000000000000000000000000000000000000
 -11 0000000000000000000000000000000000000000000000000000001111111111111111111111111110000000000000000001111111100000001100000000                                1100000001111111000000000000000001111111111111111111000000000000000000000000000000000000000000000000000000000000000000000000
 -10 0000000000000000000000000000000000000000000000000000001111111111000000000000111110000000000000000001111111100000001100000000                                1100000001111110000000000000000001111111111111111110000000000000000000000000000000000000000000000000000000000000000000000000
  -9 0000000000000000000000000000000000000000000000000000000000000000000000000000000111000000000000000001111111100000001100000000                                1100000000000000000000000000000011111111111111111000000000000000000000000000000000000000000000000000000000000000000000000000
  -8 0000000000000000000000000000000000000000000000000000000000000000000000000000000000000000000000000000000000000000000000000000                                0000000000000000000000000000000000000000000001100000000000000000000000000000000000000000000000000000000000000000000000000000
  -7 0000000000000000000000000000000000000000000000000000000000000000000000000000000000000000000000000000000000000000000000000000                                0000000000000000000000000000000000000000000000000000000000000000000000000000000000000000000000000000000000000000000000000000
  -6 0000000000000000000000000000000000000000000000000000000000000000000000000000000000000000000000000000000000000000000000000000                                0000000000000000000000000000000000000000000000000000000000000000000000000000000000000000000000000000000000000000000000000000
  -5 0000000000000000000000000000000000000000000000000000000000000000000000000000000000000000000000000000000000000000000000000000                                0000000000000000000000000000000000000000000000000000000000000000000000000000000000000000000000000000000000000000000000000000
  -4 0000000000000000000000000000000000000000000000000000000000000000000000000000000000000000000000000000000000000000000000000000                                0000000000000000000000000000000000000000000000000000000000000000000000000000000000000000000000000000000000000000000000000000
  -3 0000000000000000000000000000000000000000000000000000000000000000000000000000000000000000000000000000000000000000000000000000                                0000000000000000000000000000000000000000000000000000000000000000000000000000000000000000000000000000000000000000000000000000
  -2 0000000000000000000000000000000000000000000000000000000000000000000000000000000000000000000000000000000000000000000000000000                                0000000000000000000000000000000000000000000000000000000000000000000000000000000000000000000000000000000000000000000000000000
  -1 0000000000000000000000000000000000000000000000000000000000000000000000000000000000000000000000000000000000000000000000000000                                0000000000000000000000000000000000000000000000000000000000000000000000000000000000000000000000000000000000000000000000000000
   0 0000000000000000000000000000000000000000000000000000000000000000000000000000000000000000000000000000000000000000000000000000                                0000000000000000000000000000000000000000000000000000000000000000000000000000000000000000000000000000000000000000000000000000
   1 0000000000000000000000000000000000000000000000000000000000000000000001100000000000000000000000000000000000000000000000000000                                0000000000000000000000000000000000000000000000000000000000000000000000000000000000000000000000000000000000000000000000000000
   2 0000000000000000000000000000000000000000000000000000000000000000000111111111111111110000000000000000000000000000001100000000                                1100000001111111100000000000000000111000000000000000000000000000000000000000000000000000000000000000000000000000000000000000
   3 0000000000000000000000000000000000000000000000000000000000000000011111111111111111100000000000000000011111100000001100000000                                1100000001111111100000000000000000011111000000000000111111111100000000000000000000000000000000000000000000000000000000000000
   4 0000000000000000000000000000000000000000000000000000000000000000111111111111111111100000000000000000111111100000001100000000                                1100000001111111100000000000000000011111111111111111111111111100000000000000000000000000000000000000000000000000000000000000
   5 0000000000000000000000000000000000000000000000000000000000000111111111111111111111100000000000000000000000000000001100000000                                1100000001111111110000000000000000011111111111111111111111111100000000000000000000000000000000000000000000000000000000000000
   6 0000000000000000000000000000000000000000000000000000000000001111111111111111111111100000000000000000000000000000001100000000                                1100000001111111110000000000000000011111111111111111111111111100000000000000000000000000000000000000000000000000000000000000
   7 0000000000000000000000000000000000000000000000000000000000001111111111111111111111100000000000000000000000000000001100000000                                1100000001111111111100000000000000011111111111111111111111111100000000000000000000000000000000000000000000000000000000000000
   8 0000000000000000000000000000000000000000000000000000000000001111111111111111111111100000000000000000000000000000001100000000                                1100000001111111111100000000000000000001111111111111111111111000000000000000000000000000000000000000000000000000000000000000
   9 0000000000000000000000000000000000000000000000000000000000001111111111111111111111100000000000000000000000000000001100000000                                1100000001111111111100000000000000000001111111111111111111110000000000000000000000000000000000000000000000000000000000000000
  10 0000000000000000000000000000000000000000000000000000000000001111111111111111111111000000000000000000000000000000001100000000                                1100000001111111111100000000000000000001111111111111111111000000000000000000000000000000000000000000000000000000000000000000
  11 0000000000000000000000000000000000000000000000000000000000001111111111111111111110000000000000000000000000000000001100000000                                1100000001111111111110000000000000000001111111111111111111000000000000000000000000000000000000000000000000000000000000000000
  12                 000000000000000000000000000000000000000000000111111111111111111110000000000000000000000000000000001100000000                                110000000111111111111100000000000000000111111111111111111000000000000000000000000000000000000000000000000000                
  13                 000000000000000000000000000000000000000000000111111111111111111110000000000000000000000000000000001100000000                                110000000111111111111100000000000000000111100000000000000000000000000000000000000000000000000000000000000000                
  14                 000000000000000000000000000000000000000000000000000000000001111110000000000000000000000000000000001100000000                                110000000111111111111100000000000000000111100000000000000000000000000000000000000000000000000000000000000000                
  15                 000000000000000000000000000000000000000000000000000000000001111110000000000000000000000000000000001100000000                                110000000000000011111100000000000000000111100000000000000000000000000000000000000000000000000000000000000000                
  16                 000000000000000000000000000000000000000000000000000000000001111110000000000000000000000000000000001100000000                                110000000000000001111100000000000000000111100000000000000000000000000000000000000000000000000000000000000000                
  17                 000000000000000000000000000000000000000000000000000000000001111110000000000000000000000000000000001100000000                                110000000000000001111100000000000000000111100000000000000000000000000000000000000000000000000000000000000000                
  18                 000000000000000000000000000000000000000000000000000000000001111110000000000000000000000000000000001100000000                                110000000000000001111000000000000000000111100000000000000000000000000000000000000000011111100000000000000000                
  19                 000000000000000000000000000000000000000000000000000000000001111110000000000000000011111111100000001100000000                                110000000000000000111000000000000000000111100000000000000000000000000001111111111111111111100000000000000000                
  20                 000000000000000000000000000000000000000000000000000000000001111110000000000000000011111111100000001100000000                                110000000000000000111000000000000000000111100000000000000000000000000001111111111111111111100000000000000000                
  21                 000000000000000000000000000000000000000000000000000000000001111110000000000000000001111111100000001100000000                                100000000000000000111000000000000000001111100000000000000000000000000001111111111111111111100000000000000000                
  22                 000000000000000000000000000000000000000000000000000000000001111111000000000000000001111111100000001100000000                                100000000000000000011000000000000000001111100000000000000000000000000011111111111111111111100000000000000000                
  23                 000000000000000000000000000000000000000000000000000000000001111111000000000000000001111111100000001100000000                                100000000000000000010000000000000000001111100000000000000000000000000111111111111111111111100000000000000000                
  24                 000000000000000000000000000000000000000000000000000000000001111111000000000000000000111111100000001100000000                                100000000000000000010000000000000000001111100000000000000000000000000111111111111111111111100000000000000000                
  25                 000000000000000000000000000000000000000000000000000000000001111111000000000000000000011111100000001100000000                                100000000000000000010000000000000000001111100000000000000000000000000111111111111111111111100000000000000000                
  26                 000000000000000000000000000000000000000000000000000000000001111111000000000000000000011111100000001100000000                                100000000000000000010000000000000000001111100000000000000000000000000011111111111111111111100000000000000000                
  27                 000000000000000000000000000000000000000000000000000000000001111111000000000000000000011111100000001100000000                                100000000000000000010000000000000000001111100000000000000000000000000001111111111111111111100000000000000000                
  28                 000000000000000000000000000000000000000000000000000000000001111111000000000000000000011111100000001100000000                                100000000000000000010000000000000000001111100000000000000000000000000001111111111111111111100000001100000000                
  29                 000000000000000000000000000000000000000000000000000000000001111111000000000000000000011111100000001100000000                                100000000000000000010000000000000000011111100000000000000000000000000001111111100000000000000000001100000000                
  30                 000000000000000000000000000000000000000000000000000000000001111111000000000000000000011111100000001100000000                                100000000000000000010000000000000000011111100000000000000000000000000001111100000000000000000000001100000000                
  31                 000000000000000000000000000000000000000000000000000000000001111111100000000000000000001111100000001100000000                                110000000000000000000000000000000000011111100000000000000000000000000001100000000000000000000000001100000000                
  32                 000000000000000000000000000000000000000000000000000000000001111111110000000000000000001111100000001100000000                                110000000000000000000000000000000000011111110000000000000000000000000000000000000000000000000000001100000000                
  33                 000000000000000000000000000000000000000000000000000000000001111111110000000000000000001111100000001100000000                                110000000000000000000000000000000000011111100000000000000000000000000000000000000000000000000000001100000000                
  34                 000000000000000000000000000000000000000000000000000000000001111111110000000000000000001111100000001100000000                                110000000111111111000000000000000000011111100000000000000000000000000000000000000000000000000000001100000000                
  35                 000000000000000000000000000000000000000000000000000000000001111111110000000000000000001111100000001100000000                                110000000111111111000000000000000000011111100000000000000000000000000000000000000000000000000000001100000000                
  36                 000000000000000000000000000000000000000000000000000000000001111111111110000000000000001111100000001100000000                                110000000111111111000000000000000000111111100000000000000000000000000000000000000000000000000000001100000000                
  37                 000000000000000000000000000000000000000000000000000000000001111111111110000000000000001111100000001100000000                                110000000111111111000000000000000001111111100000000000000000000000000000000000000000000000000000001100000000                
  38                 000000000000000000000000000000000000000000000000000000000001111111111110000000000000001111100000001100000000                                110000000111111111000000000000000000111111100000000000000000000000000000000000000000000000000000001100000000                
  39                 000000000000000000000000000000000000000000000000000000000001111111111110000000000000000111100000001100000000                                110000000111111111000000000000000000111111100000000000000000000000000000000000000000000000000000001100000000                
  40                 000000000000000000000000000000000000000000000000000000000001111111111110000000000000000111100000001100000000                                110000000111111111000000000000000000111111111111111111111111111111110000000000000000000000000000001100000000                
  41                 000000000000000000000000000000000000000000001111111111111111111111111111000000000000000111100000001100000000                                110000000111111111100000000000000000111111111111111111111111111111110000000000000000000000000000001100000000                
  42                 000000000000000000000000000000000000000000001111111111111111111111100000000000000000000111100000001100000000                                110000000111111111100000000000000000111111111111111111111111111111110000000000000000000000000000001100000000                
  43                 000000000000000000000000000000000000000000001111111111111111111100000000000000000000000111100000001100000000                                110000000111111111100000000000000000111111111111111111111111111111110000000000000000000000000000001100000000                
  44                 000000000000000000000000000000000000000000001111111111111111110000000000000000000000000111100000001100000000                                110000000111111111100000000000000000000000000111111111111111111111110000000000000000000000000000001100000000                
  45                 110000000000000000000000000000000111111111111111111111111111000000000000000000000000000000000000001100000000                                110000000000000000000000000000000000000000000000111111111110000000000000000000000000000000000000000000000000                
  46                 000000000000000000000000000000000011111110000000000000000000000000000000000000000000000000000000001100000000                                110000000000000000000000000000000000000000000000000111100000000000000000000000000000000000000000000000000000                
  47                 000000000000000000000000000000000000000000000000000000000000000000000000000000000000000000000000000000000000                                000000000000000000000000000000000000000000000000000000000000000000000000000000000000000000000000000000000000                
  48                 000000000000000000000000000000000000000000000000000000000000000000000000000000000000000000000000000000000000                                000000000000000000000000000000000000000000000000000000000000000000000000000000000000000000000000000000000000                
  49                 000000000000000000000000000000000000000000000000000000000000000000000000000000000000000000000000000000000000                                000000000000000000000000000000000000000000000000000000000000000000000000000000000000000000000000000000000000                
  50                 000000000000000000000000000000000000000000000000000000000000000000000000000000000000000000000000000000000000                                000000000000000000000000000000000000000000000000000000000000000000000000000000000000000000000000000000000000                
  51                 000000000000000000000000000000000000000000000000000000000000000000000000000000000000000000000000000000000000                                000000000000000000000000000000000000000000000000000000000000000000000000000000000000000100000000000000000000                
  52                 000000000000000000001110000000000000000000000000000000000000000000000000000000000000000000000000000000000000                                000000000000000000000000000000000000000000000000000000000000000000000000000000000000000000000000000000000000                
  53                 000000000000000000000000000000000000000000000000010000000000000000000000000000000000000000000000000000000000                                000000000001111111110000000000000000000000000000000000000000000111111100000000000000000000000000000000000000                
  54                 000000000000000000000000000000000000000000111111111000000000000000000000000000000000000000000000000000000000                                000000000000000000000000000000000000000000000000000000000000000000000000000000000000000000000000000000000000                
  55                 000000000000000000000000000000000000000000000000000000000000000000000000000000000000000000000000000000000000                                000000000000000000000000000000000000000000000000000000000000000000000000000000000000000000000000000000000000                
  56                 000000000000000000000000000000000000000000000000000000000000000000000000000000000000000000000000000000000000                                000000000000000000000000000000000000000000000000000000000000000000000000000000000000000000000000000000000000                
  57                 000000000000000000000000000000000000000000000000000000000000000000000000000   000000000000000000000000000000                                000000000000000000000000000000000000000000000000000000000000000000000000000000000000000000000000000000000000                
  58                 000000000000000000000000000000000000000000000000000000000000000000000000          00000000000000000000000000                                000000000000000000000000000000000000000000000000000000000000000000000000000000000000000000  0000000000000000                
  59                 000000000000000000000000    000000000000000000000000000000000000000000                0000000000000000000000                                00000000000000000000000000000000000000000    000000000000000000000000000000000000000000         000000000000                
  60                 00000000000000000000           0000000000000000000000000000000000000                        0000000000000000                                0000000000000000       000000000000000          0000000000000000000     0000000000000               00000000                
  61                 0000      0000000                 000000000000000         00000000                               00000000000                                00000000000                  00000                 000000000000                0000                    00000                
  62                 000                                  00000                                                            000000                                000000                                                 000                                               000                
  63                 0                                                                                                         00                                00                                                                                                         0                
seats 4063; refused 9369 DR-CLAIM, 4179 DR-PASS, 3658 DR-KEEP, 3054 DR-SITE, 2786 OB19
DR-SLOPE asked: a site rising 7 or more is refused
NOT ASKED  DR-CROSS, DR-WAY — the pass may still decline a seat marked 1 under these
