## tree
SEATS  tree, footprint 1x1, 3 blocks off a route  1 char = 1 block  x -133..132 across, z -74..73 down
KEY  1 the footprint seats with its minimum corner here  0 refused  space void
       -3        -2        -1        -0        -9        -8        -7        -6        -5        -4        -3        -2        -1         0         1         2         3         4         5         6         7         8         9         0         1         2         3  
     32109876543210987654321098765432109876543210987654321098765432109876543210987654321098765432109876543210987654321098765432109876543210123456789012345678901234567890123456789012345678901234567890123456789012345678901234567890123456789012345678901234567890123456789012
 -74                                                                                                                                                                      111                                                                                                  
 -73                                                                                                                                                                   111111111                                                                                               
 -72                                                                                              1111111111                                                        11111111111111                                                                                             
 -71                                                                                            11111111111111111                                                1111111111111111111                                                                                           
 -70                                                                                          11111111111111111111111                                         111111111111111111111111                                                                                         
 -69                                                                                        1111111111111111111111111111                                   111111111111111111111111111111                                                                                      
 -68                                                                                      11011111111111111111111111111111                                11111111111111111111111111111111                                                                                     
 -67                                                                                   11111111111111111111111111111111111                                1111011111111111111111111111111111                                                                                   
 -66                                                                                  111111111100111111111111111111111111                                110000111111111111111111111111111111                                                                                 
 -65                                                                                11111111111111111111111111111111111111                               1111111111111111111111111111111111111111                                                                              
 -64                                                                              11111111111111111111111111111111111111111                              111111111111111111111111111111111111111111111                                                                         
 -63                                                                           11111110111111111111111111111111111111111111                              11111111111111111111111111111111111111111111111111111111                                                              
 -62                                                                     11111110100000000000111111111111111111111111111111                              111111111111111111111111111111111111111111111111111111111111                                                          
 -61                                                           111111111111111100000000001100111111110111111111111111111111                              111111111111111111111111111111111111111111111111111111111111111                                                       
 -60                                                       1111111111111111100000000000000110111111111111111111111111111111                              111111101111111111111111111111111111111111111111111111111111011111                                                    
 -59                                                   11111111111001011111000000000000000111111111111111111111111111111111                              100001111111111111111111111111111111111111111111111111111111111111111                                                 
 -58                                                 1111111110100011111111000000000000000111111111111111111111111111111111                             111111011111111111111111111111111111111111111111111111111111111111111111                                               
 -57                                               110001111110010111111110000000000000000011111111111111111111111111101111                             11000001111111111111111111111111111111111111111111111111111111111111111111                                             
 -56                                             11110000010110101111110000000001101111000001111111111111111111111111101111                             1110111111111111111111111111111111111111111111111111111111111111111111111111                                           
 -55                                           1111100000011111011111111110000011111111110011111111111111101111111111111111                             111000011101111111111111111111111111111111111111111111111111111111111101111111                                         
 -54                                          11111100000011111111111111110000111111111111011111111111110111100111110111111                             1111111111011111111111111111111111111111111111010111111110011111111111011001111                                        
 -53                                        1111111111000111111111111111110001111111111111000111111111111111111001111111111                             111110000111111111111111111111111111111111111111011111111001111111111111111111111                                      
 -52                                       11111111111110111111111111111100001111111111111000101101101111110110001011100111                             1101111101011100111111111111111100011111111111110001011011111111111111111111111111                                     
 -51                                     1111111111111111111111111111111110000111111111110000011000111111111110101111111111                             11111111010101111111111111011111011111111111111100000000000111111111111111111111111                                    
 -50                                    11111111111111111111111111111111110001111111110011000011011100010011010001111111111                             111111110001010111111111110111110111011010111111110000000000111111111111000111111111                                   
 -49                                   111111111111111111111111111111111100001111111110111000011111111100111111101111111111                             1111111101010000101111111111111111110111111111111111000000011111111111110111011111111                                  
 -48                                  1111111111111111110011111111111111110001111111001111100010001011110011111101111111111                             11111111110110101001111110000001111111111111111111110000000001111111111111111101111111                                 
 -47                                 11111111111111111110111111111111111100001110011111111100010001011110011111111111111111                             111111111111101000010111100000010111111100001111110110000000110111111111011110011101111                                
 -46                                110001111111011111011101111011111111110000010101111111100010001111111101111111111111111                             1111111111111110000111100000000001111111001111111111100000000101111111111111100111101111                               
 -45                               1111001111100000111111111011111111111100000011100101101110111101111111001111111111111111                             11111111111111111101111000000100111111101111111111111000000000111111111111111111111111111                              
 -44                             111110001111100000111111111111111110001100000111100000000000111111111000001111111111111111                             1111111111111111111111000000000000111101111111111111110000000001111111111111111111111111111                            
 -43                           11110110000111000000011111111111111111111000000011110000011111111100111100111111111111111111                             11111111111111111111111000001000001100000111111111111100000000010111111111111111111111110111                           
 -42                         1111111110000111100000111111111101111111111011100111100000001111111111111111111111111111111111                             111111111111111111111110000000000001000001111111111111100000000001111111111111111111111111111                          
 -41                       111111111111000111100000111011111110111111111111110011110000011111111101111111111111111111111111                             1111111111111111111111111011100000100000001111111111111010000000011111111111111111111111111111                         
 -40                     11111111101111000001111011111011111111101110111111000011110000011011111111111100011111111111111111                             111111111111111111111111111100000011000001111111111111011100000000011111111111111111111111111111                       
 -39                    111111111111111100000111111111111111111100100011111111111111101111111111111111000001111111111111111                             1111111111111111111111111100000011110000011111111111111110100000000000111111111111111111111111111                      
 -38                  11111111111111111100001111111111111111111110001010111111111001111111111111111111000001111111111111111                             11111111111111111111111111000001111111011111111111111111110100000000000011111111111111111111111111                     
 -37                 111111111111111111111011111111111111001111110101111111111100001111111111111111111000001111111111111111                              11111111111111011111111100000001111111111111111111111111111101000000000011111111111111111111111111                    
 -36                1111111111111111111111111111111111111101111111111111111111000001111111111111111111110011111111111111111                              111111111111100011111111100000111101111111111111111111111111100000000000001111111111111111111111111                   
 -35               11111111111111111111111111111111111111111111111111111111111100011111111111111111111111111111111111111111                              11111111111110001111111110000011000001111111111111111111111111010000000000001011111111111111111110111                 
 -34              111111111111111111111111111111111111111111111111111101111111111111111111111111111111111111111111111111111                              11111111111110001111111111101110000000111111111111111111111011100000000000000000000111110111111111111                 
 -33              111111111111111111111111111111111111111111111111110000011111111111111111111111111111111111111111111111111                              111111111111111111111111111111100000001111111111111111111111111110100000000000000001011111101111110111                
 -32             1111111111111111111111111111111111111111111111111110000011111111111111111111111111111111111111111111111111                              1111111111111111111111111111110000000001111111111111111111111011111000000000000000001010000011111101001               
 -31             1111111111111111111111111111111111111111111111111100000001111111111111111111111111111111111111111111111111                              11111111111111111111111111111110000000110000000000000000000001111110101000000000000000000000001110000011              
 -30            11111111111111111111111111111111111111111111111111110000011111111111111111111111111111111111111111111111111                              111111111111111111111111111111100000001100000000000000000000011111111111100000000000000000000000100000011             
 -29            11111111111111111111111111110111111111111111111111110000011111111111111111111111111111111111110000000000000                              111111111111111111111111111111110000011100000000000000000000011111111111111110100000000010000000000010111             
 -28           111111111111111111111111111000001111111111111111111111101111111111111111111111111110000000000000000000000000                              1111111111111111111111111111111111011111000000000000000000000111111111110011101001010000000000000000101111            
 -27           111111111111111111111111111000001111111111111111111111111111111111111111111111000000000000000000000000000000                              11111111111111111111111111111111111111110000000000000000000001111111111111111111110110101000000001011111111           
 -26          111111111111111111111111111000000011111110001111111111111111111111111111111000000000000000000000000000000000                               11111111111111111111111111111111111111100000000000000000000001111111111111111111111110101011000001111111111           
 -25          111111111111111111111111111100000111111100000111111111111111111111111111000000000000000000000000000000000000                               111111111111111111111111111111111111110000000000000000000000000011111111111111111111110000000000001111111111          
 -24          111111111111111111111111111100000111111100000111111111111111111111111000000000000000000000000000000000000000                               1111111111111111111111111111111111100000000000000000000000000000011111111111111000000000000000000111111111111         
 -23         1111111111111111111111111111111011111111100000111111111111111111111100000000000000000000000000000000000000000                               1111111111111111111111111111111000000000000000000000000000000000000001111111111000000000000000000111111111111         
 -22         1111111111111111111111111111111111111111111011111111111111111111110000000000000000000000000000000000011111111                               11111111111111111111111111100000000000000000000000000000000000000000000000001110000000000000110111111111111111        
 -21        11111111111111111111111111111111111111111111111111111111111111110000000000000000000000000011111111111111111111                               111111111111111111111111100000000000000000000000000000000000000000000000000000000000000000001111111111111111111       
 -20        11111111111111111111111111111111111111111111111111111111111111000000000000000000000001111111111111111111111111                               111111111111111111111100000000000000000000000000000000000000000000000000000000000000000000001111111111111111111       
 -19       111111111111111111111111111111111111111111111111111111111110000000000000000000000011111111111111111111111111111                               1111111111111111111000000000000000000000000000000000000000000000000000000000000000000000000011111111111111111111      
 -18       111111111111111111111111111111111111111111111111111110000000000000000000000000011111111111111111111111111111111                               1111111111111110000000000000000000000000000000000000000000000000000000000000000000000000000011111111111111111111      
 -17      1111111111111111111111111111111111111111111111111100000000000000000000000000001111111111111111111111111111111111                               11111111111100000000000000000000000000000000000000000000000000000000000000000000000000000000101111111111111111111     
 -16      1111111111111111111111111111111111111111111111000000000000000000000000000001111111111111111111111111111111111111                               111111110000000000000000000000000001111100000000000000000000000010000000000000000000000000000000111111111111111111    
 -15     11111111111111111111111111111111111111111111000000000000000000000000000000111111111111111111111111111111111111111                               000000000000000000000000000000001111111100000000000000000000011111111111000000000000000000000000111111111111111111    
 -14    111111111111111111111111111111111111111111000000000000000000000000000000011111111111111111111111111111111111111111                               0000000000000000000000000000011111111111000000000000011111000111111111111110000000000000010000000111111111111111111   
 -13    111111111111111111111111111111111111111100000000000000000000000000000011111111111111111111111111111111111111111111                               0000000000000000000000000011111111111111000000000000011110000111111111111111100000000000011000001111111111111111111   
 -12   1111111111111111111111111111111111111110000000000000000000000000000111111111111111111111111111111111111111111111111                               00000000000000000000000111111111111111110000000000000110000001111111111111100000000000000010000011111111111111111111  
 -11   1111111111111111111111111111111111111000000000000000000000000011111111111111111111111111111111111111111111111111111                               00000000000000000000111111111111111111110000000000000000000001111111111111100000000000000011101111111111111111111111  
 -10  00000000000000000000000111111111111100000000000000000000001111111111111111111111111111111111111101111111111111111111                               000000000000000011111111111111111111101000000000111111111111111111111111111000000000000000011110000000000000000000000 
  -9  00000000000000000000000111111111110000000000000000000001111111111111111111111111111111111111111101111111111111111111                               000000000000111111111111111111111111110000000000111111111111111111111111111000000000000000011110000000000000000000000 
  -8  00000000000000000000000111111111100000000000000000011110010111111111111111111111111111111000001101011111111111111111                               111100111110011111111111111111111111110000000000111111111111111111111111111000000100000000001110000000000000000000000 
  -7  00000000000000000000000000000000000000000000000001111110100111111111111111111111111011011000001110011111111111111111                               101111111111101111111111111111111111110000000000111100011111111111111011111000000100000000000000000000000000000000000 
  -6  00000000000000000000000000000000000000000000001111111111111111111111111111111111111111011000000111100011111111111111                               111111111111111111111111111111111111110000000000111100111111111111111111111111000100000000000000000000000000000000000 
  -5  00000000000000000000000000000000000000000000111111111111111111111111111111111111111111111000000011111111111111111111                               111111110001111111111111111111110000000000000000111110011111111111111111111110000100000000000000000000000000000000000 
  -4  00000000000000000000000000000000000000000011110111111111100000110011111111111111111111111000000011111111111111111111                               110000010000011111111111111111001000001000000001111111111111111111100111111110001100000000000000000000000000000000000 
  -3 000000000000000000000000000000000000000000111001111110001100000010111111111111111111111111111111011111111111111111111                               1000000110000011111111111111100010000011101111111111111111111111100111111111000111000000000000000000000000000000000000
  -2 000000000000000000000000000000000000000011111111111100001100000011110111111111100011111111101111101111111111111111111                               1000001111100011111111111111011100000011111111111111101000001111000111111111011110000000000000000000000000000000000000
  -1 000000000000000000000000000000000000000111100101111000001100000000111111111111110001000111111111110111111111111111111                                111111111111111111110111111001000000011111111111111000000001111000111111110111100000000000000000000000000000000000000
   0 000000000000000000000000000000000000001111011111111000111100000000111111111111110000000100111111011111111111111111111                                111111111111111111011111111111000100011111111111111000000001100000111101001111000000000000000000000000000000000000000
   1 0000000000000000000000000000000000000111101111111110001111000001011111111111111100000011101111111111111100011111000001                               111111111111111111101111101111111110001111111111011110000001100001111111111110000000000000000000000000000000000000000
   2 0000000000000000000000000000000000000110001111111110011111111111111111111111011100000100011111111111111100000110000001                               111111111111111111110111111111111111111111111111111010000001100011111100111000000000000000000000000000000000000000000
   3  000000000000000000000000000000000000100011111111001111111111111111111100000000100000100111111111111111110000010000011                               11111111111111111111000000011111111111111111111111001100000111111111101111000000000000000000000000000000000000000000 
   4  000000000000000000000000000000000000000011111111111111111111110011111000000000000000011111111111111111111100011111111                               11111111111111111111000000011111111111111111111111111111111111111111111100000000000000000000000000000000000000000000 
   5  000000000000000000000000000000000000000111111111111111111111111001111000000000011111111111111111111111111111111111111                               11111111111111000111100000011011111111111111111111111111111111111111110000000000000000000000000000000000000000000000 
   6  000000000000000000000000000000000000000000111110111111111111110001111000000000011111111111111111111111101111111111101                               11111111111111111001110000011011011111111111111111111111100101111110000000000000000000000000000000000000000000000000 
   7  000000000000000000000000000000000000000000111111111111111111111111111000000000011111111111111111111111110011111001111                               11111111111111111010110000011111111111111111111111111111101001111000000000000000000000000000000000000000000000000000 
   8  000000000000000000000001110000000000000000111111111111111111111111111000000000011111111111111111111111111000000000000                               11111111111111111110111111111111111111111111111111111111111110000000000000000000001111111111110000000000000000000000 
   9  000000000000000000000001110000000000000000111111111111111111111111111000000000101111111111111111111110000000000000000                               11111111111111111110111111111111111111111111111111111111110000000000000000000000111111111111110000000000000000000000 
  10   00000000000000000000000111000000000000000111111111111110000000000000000000001111111111111111111100000000000000000000                               1111111111111111111111111111111111111111111111111111100000000000000000000000001111111111111111000000000000000000000  
  11   11111111111111111111000001000000000000000111111111111110000001100000000000001111111111111111100000000000000000000000                               1111111111111111111111111111111111111111111111110000000000000000000000000000111111111111111111111111111111111111111  
  12    1111111111111111111000001100000000000011111111111111110000111100000000000001111111111111100000000000000000000000000                               111111111111111111111111111111111111111111110000000000000000000000000000001111111111111111111111111111111111111111   
  13    1111111111111111110000000100000000000000111111111111110001111100000000000001111111111100000000000000000000000000000                               111111111111111111111111111111111111111110000000000000000000000000000000111111111111111111111111111111111111111111   
  14     111111111111111111000000000000000000000000111111111110000000000000000000001111111100000000000000000000000000000000                               11111111111111111111111111111111111111100000000000000000000000000000011111111111111111111111111111111111111111111    
  15     111111111111111111000000000000000000000000000000010000000000000000000000001111100000000000000000000000000011111111                               1111111111111111111111111111111111111000000000000000000000000000001111111111111111111111111111111111111111111111     
  16      11111111111111111110100000000000000000000000000000000000000000000000000000000000000000000000000000000111111111111                               1111111111111111111111111111111111000000000000000000000000000011111111111111111111111111111111111111111111111111     
  17       1111111111111111111100000000000000000000000000000000000000000000000000000000000000000000000000000111111111111111                               111111111111111111111111111111110000000000000000000000000011111111111111111111111111111111111111111111111111111      
  18       1111111111111111111100000000000000000000000000000000000000000000000000000000000000000000000001111111111111111111                               111111111111111111111111111110000000000000000000000011111111111111111111111111111111111111111111111111111111111      
  19        111111111111111111100000000000000000000000000000000000000000000000000000000000000000000001111111111111111111111                               11111111111111111111111110000000000000000000000011111111111111111111111111111111111111111111111111111111111111       
  20        111111111111111111100000000000000000000000000000000000000000000000000000000000000000001111111111111111111111111                               11111111111111111111000000000000000000000000001111111111111111111111111111111111111111111111111111111111111111       
  21         11111111111111101100000000000001110000000000000000000000000000000000000000000000000111111111111111111111111111                               1111111100000000000000000000000000000000000111111111111111111111101111111111111111111111111111111111111111111        
  22          1111111111110000000000000000001111111111000000000000000000000000000000000000001111111111111111111111111111111                               0000000000000000000000000000000000000000011111111111111111111110000011111111101111111111111111111111111111111        
  23          1111111111110000000000000000001111111111111100000000000000000000000000000011111111111111111111111111111111111                               000000000000000000000000000000000000000111111111111111111111111000001111111000001111111111111111111111111111         
  24           111111111100000000000011111111111111111111110000000000000000000000000011111111111111111111111111111111111111                               000000000000000000000000000000000000111111111111111111111111111000001111111000001111111111111111111111111111         
  25            11111111110000011010101111111111111111111111110000000000000000000000111111111111111111111111111111111111111                               000000000000000000000000000000000111111111111111111111111111111100011111110000000111111111111111111111111111         
  26            11111111010000000010101101111111111111111111110000000000000000000001111111111111111111111111111111111111111                              000000000000000000000000000000111111111111111111111111111111111111111111111100000111111111111111111111111111          
  27             1111010000000000000000101001011100111111111110000000000000000000001111101111111111111111111111111111111111                              000000000000000000000000011111111111111111111111111101111111111111111111111100000111111111111111111111111111          
  28              111010000000000010000000001011111111111111110000000000000000000001110000011111111111111111111111111111111                              00000000000001111111111111111111111111111111111111000001111111111111111111111101111111111111111111111111111           
  29              110000001000000000000000000000001111111111110000000000000000000001100000001111111111111111111111111111111                              11111111111111111111111111111111111111111111111111000001111111111111111111111111111111111111111111111111111           
  30               11000001110000000000000000000000010101111110000000000000000000001100000001111111111111111111111111111111                              1111111111111111111111111111111111111111111111111000000011111111111111111111111111111111111111111111111111            
  31                1001011111100000101000000000000000001111101111111111111111111111000000000111111111111111111111111111111                              1111111111111111111111111111111111111111111111111100000111111111111111111111111111111111111111111111111111            
  32                 111011111101111110100000000000000001011111111111111111111111111100000001111111111111111111111111111111                              111111111111111111111111111111111111111111111111110000011111111111111111111111111111111111111111111111111             
  33                  11111111111101111100000000000000000000111011111111111111111111100000001110111111111110001111111111111                              111111111111111111111111111111111111111111111111111101111111111111111111111111111111111111111111111111111             
  34                  11101111111111111111111010000000000001011111111111111111111111110000011000001111111110001111111111111                              11111111111111111111111111111111111111111000111111111111111111111111111111111111111111111111111111111111              
  35                    111111111111111111111111100000000000001111111111111111111111111101111000001111111110001111111111111                              1111111111111111100111111111111111111111000001111111111111111111011111111111111111111111111111111111111               
  36                     11111111111111111111111111000000000010111111111111111111111111111110000000111111111011111111111111                              111111111111111100000111111111111111111100001111111111101011111100111111111111110111111111111111111111                
  37                      11111111111111111111111111000000000000101111111111111111111011111110000011111111111111111111111111                             11111111111111110000011111111111111111110011111111101010001111111111111111111110000111111111111111111                 
  38                       1111111111111111111111111110000000000010111111111111111100000111100000011111111111111111111111111                             111111111111111100000111111111111111101111111111111110001001111111111111111111000001111111111111111                   
  39                        111111111111111111111111111110000000001110111111111111100000110000001111111111111111111111111111                             11111111111111111000111111111111011000001111000011111101110111111111011111011110000011110111111111                    
  40                          1111111111111111111111111111100000000101111111111111000000010000011101111111111111111111111111                             111111111111111111111111101111111110000011110011111111111111011111110111000001111000111111111111                      
  41                           111111111111111111111111111100000000001111111111111100000100000000000011111111111111111111111                             1111111111111111111111111111111111000000011110011101111111111011111111110000011110000111111111                        
  42                            11101111111111111111111111101000000000111111111111100000110000010000011111111111111111111111                             11111111111111111100111100111111111000001111000000011111111111111111111000000011100001101111                          
  43                             1111111111111111111111111111000000000111111111111111011110000000000001111111111111111111111                             111111111111111100000111111111000000000001111000001100011111111111111111000001111100011111                            
  44                               11111111111111111111111111100000000011111111111110111111100100000011110111111111111111111                             1111111111111111001111111011110111011010011100000011111111111101111111110000011111001111                              
  45                                1111011110011111111111111010000000011111111111001111111000000000011110000111111111111111                             111111111111111101111111100010001111111101010000011111111110111101110111110111111100011                               
  46                                 111101110011110111111111011000000011011111100001111111010000001111010000101111111111111                             11111111111111111001111010001000111111111001110000111111111111111101111111111111111111                                
  47                                  11111110111111111111111110000000001111111111111111111110000001111110010101101111111111                             1111111111011111100111101000100011111001111111000111111111111111100111111111111111111                                 
  48                                   1111111101110111111111111100000001111111111111110111111111111111111010000101011111111                             111111111101111111001111111110000111011111111100001111111111111111111111111111111111                                  
  49                                    111111111000111111111111000000000011111111010110111011111011111111111010100011111111                             11111111110001011001000111011000011001111111110001111111111111111111111111111111111                                   
  50                                     11111111111111111111111100000000000111111111111111011111011111111111110101011111111                             1111111111010111111111110001100000111111111110000111111111111111111111111111111111                                    
  51                                      1111111111111111111111111101101000111111111111100011111111111111110011101011111011                             11100111010001101111110110110100011111111111110000111111111111111101111111111111                                      
  52                                       111111111111111111111100111111110111111111111111111111111111111111111111000011111                             1111111111001111111111111111110001111111111111000111111111111111110001111111111                                       
  53                                         1111001101111111111100111111110101111111111111111111111111111111111101111111111                             11111101111100111101111111111111011111111111100001111111111111111000000111111                                         
  54                                          111111101111111111111111111111111111111111111111111111111111111111101110000111                             1111111111111111011111111111111100111111111100000111111111101111100000011111                                          
  55                                            1111111111111111111111111111111111111111111111111111111111111111111111110111                             11110111111111111111111111111110000011110110000000001111110101101000001111                                            
  56                                              11111111111111111111111111111111111111111111111111111111111111111110000011                             111101111111111111111111111111110000000000000000011111111010011111100011                                              
  57                                                111111111111111111111111111111111111111111111111111111111111111110111111                             1111111111111111111111111111111110000000000000001111111100010111111111                                                
  58                                                  111111111111111111111111111111111111111111111111111111111111111100001                              11111111111111111111111111111111100000000000000011111010011111111111                                                  
  59                                                     111110111111111111111111111111111111111111111111111111111101111111                              1111111111111111111111111111110110000000000000011111111111111111                                                      
  60                                                        111111111111111111111111111111111111111111111111111111111111111                              111111111111111111111011111111001100000000001111111111111111                                                          
  61                                                           111111111111111111111111111111111111111111111111111111111111                              11111111111111111111111111111100000000000101111111                                                                    
  62                                                               11111111111111111111111111111111111111111111111111111111                              11111111111111111111111111111111111101111111                                                                          
  63                                                                          111111111111111111111111111111111111111111111                              11111111111111111111111111111111111111111                                                                             
  64                                                                               1111111111111111111111111111111111111111                               11111111111111111111111111111111111111                                                                               
  65                                                                                  111111111111111111111111111111000011                                111111111111111111111111001111111111                                                                                 
  66                                                                                    1111111111111111111111111111101111                                11111111111111111111111111111111111                                                                                  
  67                                                                                      11111111111111111111111111111111                                11111111111111111111111111111011                                                                                     
  68                                                                                       11111111111111111111111111111                                    1111111111111111111111111111                                                                                       
  69                                                                                          11111111111111111111111                                          11111111111111111111111                                                                                         
  70                                                                                            111111111111111111                                                 11111111111111111                                                                                           
  71                                                                                              1111111111111                                                         1111111111                                                                                             
  72                                                                                                11111111                                                                                                                                                                   
  73                                                                                                   11                                                                                                                                                                      
seats 17766; refused 2568 DR-CLAIM, 1948 DR-ROOT, 1495 DR-ROAD, 1493 DR-KEEP, 608 OB19

## boulder
SEATS  boulder, footprint 1x1, 2 blocks off a route  1 char = 1 block  x -133..132 across, z -74..73 down
KEY  1 the footprint seats with its minimum corner here  0 refused  space void
       -3        -2        -1        -0        -9        -8        -7        -6        -5        -4        -3        -2        -1         0         1         2         3         4         5         6         7         8         9         0         1         2         3  
     32109876543210987654321098765432109876543210987654321098765432109876543210987654321098765432109876543210987654321098765432109876543210123456789012345678901234567890123456789012345678901234567890123456789012345678901234567890123456789012345678901234567890123456789012
 -74                                                                                                                                                                      111                                                                                                  
 -73                                                                                                                                                                   111111111                                                                                               
 -72                                                                                              1111111111                                                        11111111111111                                                                                             
 -71                                                                                            11111111111111111                                                1111111111111111111                                                                                           
 -70                                                                                          11111111111111111111111                                         111111111111111111111111                                                                                         
 -69                                                                                        1111111111111111111111111111                                   111111111111111111111111111111                                                                                      
 -68                                                                                      11111111111111111111111111111111                                11111111111111111111111111111111                                                                                     
 -67                                                                                   11111111111111111111111111111111111                                1111111111111111111111111111111111                                                                                   
 -66                                                                                  111111111111111111111111111111111111                                111111111111111111111111111111111111                                                                                 
 -65                                                                                11111111111111111111111111111111111111                               1111111111111111111111111111111111111111                                                                              
 -64                                                                              11111111111111111111111111111111111111111                              111111111111111111111111111111111111111111111                                                                         
 -63                                                                           11111111111111111111111111111111111111111111                              11111111111111111111111111111111111111111111111111111111                                                              
 -62                                                                     11111111111111111111111111111111111111111111111111                              111111111111111111111111111111111111111111111111111111111111                                                          
 -61                                                           111111111111111111111111111111111111111111111111111111111111                              111111111111111111111111111111111111111111111111111111111111111                                                       
 -60                                                       1111111111111111111111111111111111111111111111111111111111111111                              111111111111111111111111111111111111111111111111111111111111111111                                                    
 -59                                                   11111111111111111111111111111111111111111111111111111111111111111111                              111111111111111111111111111111111111111111111111111111111111111111111                                                 
 -58                                                 1111111111111111111111111111111111111111111111111111111111111111111111                             111111111111111111111111111111111111111111111111111111111111111111111111                                               
 -57                                               111111111111111111111111111111111111111111111111111111111111111111111111                             11111111111111111111111111111111111111111111111111111111111111111111111111                                             
 -56                                             11111111111111111111111111111111111111111111111111111111111111111111111111                             1111111111111111111111111111111111111111111111111111111111111111111111111111                                           
 -55                                           1111111111111111111111111111111111111111111111111111111111111111111111111111                             111111111111111111111111111111111111111111111111111111111111111111111111111111                                         
 -54                                          11111111111111111111111111111111111111111111111111111111111111111111111111111                             1111111111111111111111111111111111111111111111111111111111111111111111111111111                                        
 -53                                        1111111111111111111111111111111111111111111111111111111111111111111111111111111                             111111111111111111111111111111111111111111111111111111111111111111111111111111111                                      
 -52                                       11111111111111111111111111111111111111111111111111111111111111111111111111111111                             1111111111111111111111111111111111111111111111111111111111111111111111111111111111                                     
 -51                                     1111111111111111111111111111111111111111111111111111111111111111111111111111111111                             11111111111111111111111111111111111111111111111111111111111111111111111111111111111                                    
 -50                                    11111111111111111111111111111111111111111111111111111111111111111111111111111111111                             111111111111111111111111111111111111111111111111111111111111111111111111111111111111                                   
 -49                                   111111111111111111111111111111111111111111111111111111111111111111111111111111111111                             1111111111111111111111111111111111111111111111111111111111111111111111111111111111111                                  
 -48                                  1111111111111111111111111111111111111111111111111111111111111111111111111111111111111                             11111111111111111111111111111111111111111111111111111111111111111111111111111111111111                                 
 -47                                 11111111111111111111111111111111111111111111111111111111111111111111111111111111111111                             111111111111111111111111111111111111111111111111111111111111111111111111111111111111111                                
 -46                                111111111111111111111111111111111111111111111111111111111111111111111111111111111111111                             1111111111111111111111111111111111111111111111111111111111111111111111111111111111111111                               
 -45                               1111111111111111111111111111111111111111111111111111111111111111111111111111111111111111                             11111111111111111111111111111111111111111111111111111111111111111111111111111111111111111                              
 -44                             111111111111111111111111111111111111111111111111111111111111111111111111111111111111111111                             1111111111111111111111111111111111111111111111111111111111111111111111111111111111111111111                            
 -43                           11111111111111111111111111111111111111111111111111111111111111111111111111111111111111111111                             11111111111111111111111111111111111111111111111111111111111111111111111111111111111111111111                           
 -42                         1111111111111111111111111111111111111111111111111111111111111111111111111111111111111111111111                             111111111111111111111111111111111111111111111111111111111111111111111111111111111111111111111                          
 -41                       111111111111111111111111111111111111111111111111111111111111111111111111111111111111111111111111                             1111111111111111111111111111111111111111111111111111111111111111111111111111111111111111111111                         
 -40                     11111111111111111111111111111111111111111111111111111111111111111111111111111100011111111111111111                             111111111111111111111111111111111111111111111111111111111111111111111111111111111111111111111111                       
 -39                    111111111111111111111111111111111111111111111111111111111111111111111111111111000001111111111111111                             1111111111111111111111111111111111111111111111111111111111111111111111111111111111111111111111111                      
 -38                  11111111111111111111111111111111111111111111111111111111111111111111111111111111000001111111111111111                             11111111111111111111111111111111111111111111111111111111111111111111111111111111111111111111111111                     
 -37                 111111111111111111111111111111111111111111111111111111111100011111111111111111111000001111111111111111                              11111111111111011111111111111111111111111111111111111111111111111111111111111111111111111111111111                    
 -36                1111111111111111111111111111111111111111111111111111111111000001111111111111111111110011111111111111111                              111111111111100011111111111111111111111111111111111111111111111111111111111111111111111111111111111                   
 -35               11111111111111111111111111111111111111111111111111111111111100011111111111111111111111111111111111111111                              11111111111110001111111111111111111111111111111111111111111111111111111111111111111111111111111111111                 
 -34              111111111111111111111111111111111111111111111111111111111111111111111111111111111111111111111111111111111                              11111111111110001111111111111111111111111111111111111111111111111111111111111111111111111111111111111                 
 -33              111111111111111111111111111111111111111111111111111111111111111111111111111111111111111111111111111111111                              111111111111111111111111111111111111111111111111111111111111111111111111111111111111111111111111111111                
 -32             1111111111111111111111111111111111111111111111111111111111111111111111111111111111111111111111111111111111                              1111111111111111111111111111111111111111111111111111111111111111111111111111111111111111111111111111111               
 -31             1111111111111111111111111111111111111111111111111111111111111111111111111111111111111111111111111111111111                              11111111111111111111111111111111111111110000000000000000000001111111111111111111111111111111111111111111              
 -30            11111111111111111111111111111111111111111111111111111111111111111111111111111111111111111111111111111111111                              111111111111111111111111111111111111111100000000000000000000011111111111111111111111111111111111111111111             
 -29            11111111111111111111111111111111111111111111111111111111111111111111111111111111111111111111111111111111111                              111111111111111111111111111111111111111100000000000000000000011111111111111111111111111111111111111111111             
 -28           111111111111111111111111111111111111111111111111111111111111111111111111111111111111111111111111000000000000                              1111111111111111111111111111111111111111000000000000000000000111111111111111111111111111111111111111111111            
 -27           111111111111111111111111111111111111111111111111111111111111111111111111111111111111000000000000000000000000                              11111111111111111111111111111111111111110000000000000000000001111111111111111111111111111111111111111111111           
 -26          111111111111111111111111111111111111111110001111111111111111111111111111111111110000000000000000000000000000                               11111111111111111111111111111111111111110000000000000000000001111111111111111111111111111111111111111111111           
 -25          111111111111111111111111111111111111111100000111111111111111111111111111111100000000000000000000000000000000                               111111111111111111111111111111111111111100000000000000000000011111111111111111111111110000011111111111111111          
 -24          111111111111111111111111111111111111111100000111111111111111111111111111100000000000000000000000000000000000                               1111111111111111111111111111111111111110000000000000000000000001111111111111111000000000000011111111111111111         
 -23         1111111111111111111111111111111111111111100000111111111111111111111111100000000000000000000000000000111111111                               1111111111111111111111111111111111110000000000000000000000000000111111111111111000000000000011111111111111111         
 -22         1111111111111111111111111111111111111111111011111111111111111111111110000000000000000000111111111111111111111                               11111111111111111111111111111111000000000000000000000000000000000000111111111110000000000000111111111111111111        
 -21        11111111111111111111111111111111111111111111111111111111111111111111000000000000000011111111111111111111111111                               111111111111111111111111111100000000000000000000000000000000000000000000000111100000000000001111111111111111111       
 -20        11111111111111111111111111111111111111111111111111111111111111111000000000000000111111111111111111111111111111                               111111111111111111111111110000000000000000000000000000000000000000000000000000100000000000001111111111111111111       
 -19       111111111111111111111111111111111111111111111111111111111111111100000000000000111111111111111111111111111111111                               1111111111111111111111100000000000000000000000000000000000000000000000000000000000000000000011111111111111111111      
 -18       111111111111111111111111111111111111111111111111111111111111000000000000000011111111111111111111111111111111111                               1111111111111111111100000000000000000001000000000000000000000000000000000000000000000000000011111111111111111111      
 -17      1111111111111111111111111111111111111111111111111111111000000000000000000011111111111111111111111111111111111111                               11111111111111110000000000000000001111110000000000000000000000011100000000000000000000000000111111111111111111111     
 -16      1111111111111111111111111111111111111111111111111110000000000000000000001111111111111111111111111111111111111111                               111111111111100000000000000000011111111100000000000000000000011111111111100000000000000000001111111111111111111111    
 -15     11111111111111111111111111111111111111111111111100000000000000000000000111111111111111111111111111111111111111111                               111111111000000000000000000011111111111100000000000000000000011111111111111100000000000000001111111111111111111111    
 -14    111111111111111111111111111111111111111111111100000000000000000000000111111111111111111111111111111111111111111111                               1000000000000000000000000111111111111111000000000000011111000111111111111111110000000001111111111111111111111111111   
 -13    111111111111111111111111111111111111111111100000000000000000000001111111111111111111111111111111111111111111111111                               0000000000000000000000111111111111111111000000000000011110000111111111111111111000000000111111111111111111111111111   
 -12   1111111111111111111111111111111111111111110000000000000000000111111111111111111111111111111111111111111111111111111                               00000000000000000001111111111111111111110000000000000110000001111111111111100000000000001111111111111111111111111111  
 -11   1111111111111111111111111111111111111111000000000000000011111111111111111111111111111111111111111111111111111111111                               00000000000000011111111111111111111111110000000000000000000001111111111111100000000000000111111111111111111111111111  
 -10  00000000000000000000000111111111111111100000000000000011111111111111111111111111111111111111111111111111111111111111                               000000000001111111111111111111111111111000000000111111111111111111111111111000000100000001111110000000000000000000000 
  -9  00000000000000000000000111111111111110000000000000111111111111111111111111111111111111111111111111111111111111111111                               111111111111111111111111111111111111110000000000111111111111111111111111111000000110000000111110000000000000000000000 
  -8  00000000000000000000000111111111111000000000000011111111111111111111111111111111111111111000001111111111111111111111                               111111111111111111111111111111111111110000000000111111111111111111111111111000000111000000111110000000000000000000000 
  -7  00000000000000000000000000000000000000000000011111111111111111111111111111111111111111111000001111111111111111111111                               111111111111111111111111111111111111110000000000111111111111111111111111111000000100000000000000000000000000000000000 
  -6  00000000000000000000000000000000000000000001111111111111111111111111111111111111111111111000000111111111111111111111                               111111111111111111111111111111111111110000000000111111111111111111111111111111111100000000000000000000000000000000000 
  -5  00000000000000000000000000000000000000000111111111111111111111111111111111111111111111111000000011111111111111111111                               111111110001111111111111111111111000000000000000111111111111111111111111111111111100000000000000000000000000000000000 
  -4  00000000000000000000000000000000000000001111111111111111100000111111111111111111111111111000000011111111111111111111                               110000010000011111111111111111111000001000000011111111111111111111111111111111111100000000000000000000000000000000000 
  -3 000000000000000000000000000000000000000111111111111110001100000011111111111111111111111111111111111111111111111111111                               1000000110000011111111111111111110000011111111111111111111111111111111111111111111000000000000000000000000000000000000
  -2 000000000000000000000000000000000000001111111111111100001100000011111111111111111111111111111111111111111111111111111                               1000011111100011111111111111111100000011111111111111101000001111110111111111111111000000000000000000000000000000000000
  -1 000000000000000000000000000000000000011111111111111000001100000000111111111111111111000111111111111111111111111111111                                111111111111111111111111111111000000011111111111111000000001111000111111111111111000000000000000000000000000000000000
   0 000000000000000000000000000000000000011111111111111000111100000000111111111111110000000111111111111111111111111111111                                111111111111111111111111111111000111111111111111111000000001100000111111111111110000000000000000000000000000000000000
   1 0000000000000000000000000000000000000111111111111110111111000001011111111111111100000011111111111111111100011111100001                               111111111111111111111111111111111111111111111111111110000001100001111111111111100000000000000000000000000000000000000
   2 0000000000000000000000000000000000000111111111111111111111111111111111111111111100000111111111111111111100000110000001                               111111111111111111111111111111111111111111111111111110000001100011111111111111000000000000000000000000000000000000000
   3  000000000000000000000000000000000000111111111111111111111111111111111110000000100000111111111111111111110000010000011                               11111111111111111111000000011111111111111111111111111100000111111111111111110000000000000000000000000000000000000000 
   4  000000000000000000000000000000000000111111111111111111111111111111111000000000000000111111111111111111111100011111111                               11111111111111111111000000011111111111111111111111111111111111111111111111100000000000000000000000000000000000000000 
   5  000000000000000000000000000000000000111111111111111111111111111111111000000000011111111111111111111111111111111111111                               11111111111111111111100000011111111111111111111111111111111111111111111110000000000000000000000000000000000000000000 
   6  000000000000000000000000000000000000000000111111111111111111111111111000000000011111111111111111111111111111111111111                               11111111111111111111110000011111111111111111111111111111111111111111111000000000000000000000000000000000000000000000 
   7  000000000000000000000000000000000000000000111111111111111111111111111000000000011111111111111111111111111111111111111                               11111111111111111111110000011111111111111111111111111111111111111111000000000000000000000000000000000000000000000000 
   8  000000000000000000000001111000000011000000111111111111111111111111111000000000011111111111111111111111111111111111111                               11111111111111111111111111111111111111111111111111111111111111111100000000000001111111111111110000000000000000000000 
   9  000000000000000000000001111100000001000000111111111111111111111111111000000000111111111111111111111111111100000000000                               11111111111111111111111111111111111111111111111111111111111111000000000000000111111111111111110000000000000000000000 
  10   00000000000000000000001111100000000000000111111111111110000000000000000000001111111111111111111111111000000000000000                               1111111111111111111111111111111111111111111111111111111111100000000000000001111111111111111111000000000000000000000  
  11   11111111111111111111111111110000000000000111111111111110000001100000000000001111111111111111111110000000000000000000                               1111111111111111111111111111111111111111111111111111110000000000000000000111111111111111111111111111111111111111111  
  12    1111111111111111111111111110000000001111111111111111110000111100000000000001111111111111111110000000000000000000000                               111111111111111111111111111111111111111111111111100000000000000000000001111111111111111111111111111111111111111111   
  13    1111111111111111111111111111000000000111111111111111110001111100000000000001111111111111110000000000000000000000001                               111111111111111111111111111111111111111111111000000000000000000000001111111111111111111111111111111111111111111111   
  14     111111111111111111111100000000000000001111111111111110000000000000000000001111111111110000000000000000000111111111                               11111111111111111111111111111111111111111100000000000000000000000111111111111111111111111111111111111111111111111    
  15     111111111111111111111100000000000000000001111111111110000000000000000000001111111110000000000000000001111111111111                               1111111111111111111111111111111111111111000000000000000000000111111111111111111111111111111111111111111111111111     
  16      11111111111111111111100000000000000000000000000111000000000000000000000001111110000000000000000001111111111111111                               1111111111111111111111111111111111111100000000000000000001111111111111111111111111111111111111111111111111111111     
  17       1111111111111111111100000000000000000000000000000000000000000000000000001000000000000000000011111111111111111111                               111111111111111111111111111111111110000000000000000111111111111111111111111111111111111111111111111111111111111      
  18       1111111111111111111100000000000000000000000000000000000000000000000000000000000000000000011111111111111111111111                               111111111111111111111111111111111000000000000001111111111111111111111111111111111111111111111111111111111111111      
  19        111111111111111111100000000000001000000000000000000000000000000000000000000000000000011111111111111111111111111                               11111111111111111111111111111100000000000000011111111111111111111111111111111111111111111111111111111111111111       
  20        111111111111111111100000000000001111000000000000000000000000000000000000000000000001111111111111111111111111111                               11111111111111111111111111000000000000000011111111111111111111111111111111111111111111111111111111111111111111       
  21         11111111111111111100000000000001111111111100000000000000000000000000000000000011111111111111111111111111111111                               1111111111111111111110000000000000000000111111111111111111111111101111111111111111111111111111111111111111111        
  22          1111111111111111100000000000001111111111111110000000000000000000000000000111111111111111111111111111111111111                               1111111110000000000000000000000000000011111111111111111111111110000011111111111111111111111111111111111111111        
  23          1111111111111111100000000000001111111111111111000000000000000000000000111111111111111111111111111111111111111                               000000000000000000000000000000000001111111111111111111111111111000001111111111111111111111111111111111111111         
  24           111111111111111110000011111111111111111111111110000000000000000000001111111111111111111111111111111111111111                               000000000000000000000000000000001111111111111111111111111111111000001111111111111111111111111111111111111111         
  25            11111111111111111111111111111111111111111111110000000000000000000001111111111111111111111111111111111111111                               000000000000000000000000000011111111111111111111111111111111111100011111111111111111111111111111111111111111         
  26            11111111111111111111111111111111111111111111110000000000000000000001111111111111111111111111111111111111111                              000000000000000000000000111111111111111111111111111111111111111111111111111111111111111111111111111111111111          
  27             1111111111111111111111111111111111111111111110000000000000000000001111111111111111111111111111111111111111                              000000000000111111111111111111111111111111111111111111111111111111111111111111111111111111111111111111111111          
  28              111111111111111111111111111111111111111111110000000000000000000001111111111111111111111111111111111111111                              11111111111111111111111111111111111111111111111111111111111111111111111111111111111111111111111111111111111           
  29              111111111111111111111111111111111111111111110000000000000000000001111111111111111111111111111111111111111                              11111111111111111111111111111111111111111111111111111111111111111111111111111111111111111111111111111111111           
  30               11111111111111111111111111111111111111111110000000000000000000001111111111111111111111111111111111111111                              1111111111111111111111111111111111111111111111111111111111111111111111111111111111111111111111111111111111            
  31                1111111111111111111111111111111111111111111111111111111111111111111111111111111111111111111111111111111                              1111111111111111111111111111111111111111111111111111111111111111111111111111111111111111111111111111111111            
  32                 111111111111111111111111111111111111111111111111111111111111111111111111111111111111111111111111111111                              111111111111111111111111111111111111111111111111111111111111111111111111111111111111111111111111111111111             
  33                  11111111111111111111111111111111111111111111111111111111111111111111111111111111111110001111111111111                              111111111111111111111111111111111111111111111111111111111111111111111111111111111111111111111111111111111             
  34                  11111111111111111111111111111111111111111111111111111111111111111111111111111111111110001111111111111                              11111111111111111111111111111111111111111000111111111111111111111111111111111111111111111111111111111111              
  35                    111111111111111111111111111111111111111111111111111111111111111111111111111111111110001111111111111                              1111111111111111100111111111111111111111000001111111111111111111111111111111111111111111111111111111111               
  36                     11111111111111111111111111111111111111111111111111111111111111111111111111111111111011111111111111                              111111111111111100000111111111111111111110001111111111111111111111111111111111111111111111111111111111                
  37                      11111111111111111111111111111111111111111111111111111111111111111111111111111111111111111111111111                             11111111111111110000011111111111111111111111111111111111111111111111111111111111111111111111111111111                 
  38                       1111111111111111111111111111111111111111111111111111111111111111111111111111111111111111111111111                             111111111111111100000111111111111111111111111111111111111111111111111111111111111111111111111111111                   
  39                        111111111111111111111111111111111111111111111111111111111111111111111111111111111111111111111111                             11111111111111111000111111111111111111111111111111111111111111111111111111111111111111111111111111                    
  40                          1111111111111111111111111111111111111111111111111111111111111111111111111111111111111111111111                             111111111111111111111111111111111111111111111111111111111111111111111111111111111111111111111111                      
  41                           111111111111111111111111111111111111111111111111111111111111111111111111111111111111111111111                             1111111111111111111111111111111111111111111111111111111111111111111111111111111111111111111111                        
  42                            11111111111111111111111111111111111111111111111111111111111111111111111111111111111111111111                             11111111111111111111111111111111111111111111111111111111111111111111111111111111111111111111                          
  43                             1111111111111111111111111111111111111111111111111111111111111111111111111111111111111111111                             111111111111111111111111111111111111111111111111111111111111111111111111111111111111111111                            
  44                               11111111111111111111111111111111111111111111111111111111111111111111111111111111111111111                             1111111111111111111111111111111111111111111111111111111111111111111111111111111111111111                              
  45                                1111111111111111111111111111111111111111111111111111111111111111111111111111111111111111                             111111111111111111111111111111111111111111111111111111111111111111111111111111111111111                               
  46                                 111111111111111111111111111111111111111111111111111111111111111111111111111111111111111                             11111111111111111111111111111111111111111111111111111111111111111111111111111111111111                                
  47                                  11111111111111111111111111111111111111111111111111111111111111111111111111111111111111                             1111111111111111111111111111111111111111111111111111111111111111111111111111111111111                                 
  48                                   1111111111111111111111111111111111111111111111111111111111111111111111111111111111111                             111111111111111111111111111111111111111111111111111111111111111111111111111111111111                                  
  49                                    111111111111111111111111111111111111111111111111111111111111111111111111111111111111                             11111111111111111111111111111111111111111111111111111111111111111111111111111111111                                   
  50                                     11111111111111111111111111111111111111111111111111111111111111111111111111111111111                             1111111111111111111111111111111111111111111111111111111111111111111111111111111111                                    
  51                                      1111111111111111111111111111111111111111111111111111111111111111111111111111111111                             11111111111111111111111111111111111111111111111111111111111111111111111111111111                                      
  52                                       111111111111111111111111111111111111111111111111111111111111111111111111111111111                             1111111111111111111111111111111111111111111111111111111111111111111111111111111                                       
  53                                         1111111111111111111111111111111111111111111111111111111111111111111111111111111                             11111111111111111111111111111111111111111111111111111111111111111111111111111                                         
  54                                          111111111111111111111111111111111111111111111111111111111111111111111111111111                             1111111111111111111111111111111111111111111111111111111111111111111111111111                                          
  55                                            1111111111111111111111111111111111111111111111111111111111111111111111111111                             11111111111111111111111111111111111111111111111111111111111111111111111111                                            
  56                                              11111111111111111111111111111111111111111111111111111111111111111111111111                             111111111111111111111111111111111111111111111111111111111111111111111111                                              
  57                                                111111111111111111111111111111111111111111111111111111111111111111111111                             1111111111111111111111111111111111111111111111111111111111111111111111                                                
  58                                                  111111111111111111111111111111111111111111111111111111111111111111111                              11111111111111111111111111111111111111111111111111111111111111111111                                                  
  59                                                     111111111111111111111111111111111111111111111111111111111111111111                              1111111111111111111111111111111111111111111111111111111111111111                                                      
  60                                                        111111111111111111111111111111111111111111111111111111111111111                              111111111111111111111111111111111111111111111111111111111111                                                          
  61                                                           111111111111111111111111111111111111111111111111111111111111                              11111111111111111111111111111111111111111111111111                                                                    
  62                                                               11111111111111111111111111111111111111111111111111111111                              11111111111111111111111111111111111111111111                                                                          
  63                                                                          111111111111111111111111111111111111111111111                              11111111111111111111111111111111111111111                                                                             
  64                                                                               1111111111111111111111111111111111111111                               11111111111111111111111111111111111111                                                                               
  65                                                                                  111111111111111111111111111111111111                                111111111111111111111111111111111111                                                                                 
  66                                                                                    1111111111111111111111111111111111                                11111111111111111111111111111111111                                                                                  
  67                                                                                      11111111111111111111111111111111                                11111111111111111111111111111111                                                                                     
  68                                                                                       11111111111111111111111111111                                    1111111111111111111111111111                                                                                       
  69                                                                                          11111111111111111111111                                          11111111111111111111111                                                                                         
  70                                                                                            111111111111111111                                                 11111111111111111                                                                                           
  71                                                                                              1111111111111                                                         1111111111                                                                                             
  72                                                                                                11111111                                                                                                                                                                   
  73                                                                                                   11                                                                                                                                                                      
seats 21126; refused 1894 DR-CLAIM, 1493 DR-KEEP, 757 DR-ROAD, 608 OB19

## house
SEATS  house, footprint 9x7, no route standoff  1 char = 1 block  x -133..132 across, z -74..73 down
KEY  1 the footprint seats with its minimum corner here  0 refused  space void
       -3        -2        -1        -0        -9        -8        -7        -6        -5        -4        -3        -2        -1         0         1         2         3         4         5         6         7         8         9         0         1         2         3  
     32109876543210987654321098765432109876543210987654321098765432109876543210987654321098765432109876543210987654321098765432109876543210123456789012345678901234567890123456789012345678901234567890123456789012345678901234567890123456789012345678901234567890123456789012
 -74                                                                                                                                                                      000                                                                                                  
 -73                                                                                                                                                                   000000000                                                                                               
 -72                                                                                              0000000000                                                        00000000000000                                                                                             
 -71                                                                                            00000000000000000                                                0000000000000000000                                                                                           
 -70                                                                                          00000000000000000000000                                         000000000000000000000000                                                                                         
 -69                                                                                        0000000000000000000000000000                                   000000000000000000000000000000                                                                                      
 -68                                                                                      00000000000000000000000000000000                                00000000000000000000000000000000                                                                                     
 -67                                                                                   00000000000000000000000000000000000                                0000000000000000000000000000000000                                                                                   
 -66                                                                                  000000000000000000000000000000000000                                000000000000000000000000000000000000                                                                                 
 -65                                                                                00000000000000000000000000000000000000                               0000000000000000000000000000000000000000                                                                              
 -64                                                                              00000000000000000000000000000000000000000                              000000000000001000000000000000000000000000000                                                                         
 -63                                                                           00000000000000000001100000000000000000000000                              00000000000111111000000000000000000000000000000000000000                                                              
 -62                                                                     00000000000000000000000111111111000000000000000000                              000000000111111111100000000000000000000000000000000000000000                                                          
 -61                                                           000000000000000000000000000000011111111111100000000000000000                              000000000111111111111000000000000000000000000000000000000000000                                                       
 -60                                                       0000000000000000000000000000000001111111111111100000000000000000                              000000000111111111111111000000000000000000000000000000000000000000                                                    
 -59                                                   00000000000000000000000000000000000011111111111111000000000000000000                              000000000111111111111111100000000000000000000000000000000000000000000                                                 
 -58                                                 0000000000000000000000000000000000000111111111111111000000000000000000                             000000000111111111111111111100000000000000000000000000000000000000000000                                               
 -57                                               000000000000000000000000000000000000000011111111111000000000000000000000                             00000000011111111111111111111100000000000000000000000000000000000000000000                                             
 -56                                             00000000000000000000000000000000000000000001111000100000000000000000000000                             0000000000000111111111111111111110000000000000000000000000000000000000000000                                           
 -55                                           0000000000000000000000000000000000010000000000100000000000000000000000000000                             000000000000011111111111111111111100000000000000000000000000000000000000000000                                         
 -54                                          00000000000000000000000000000000011110000000000000000000000000000000000000000                             0000000000000001111111111111111000000000000000000000000000000000000000000000000                                        
 -53                                        0000000000000000000000000000000001111110000000000000000000000000000000000000000                             000000000000000000111111111111000000000000000000000000000000000000000000000000000                                      
 -52                                       00000000000000000000111100000000001100100000000000000000000000000000000000000000                             0000000000000000001100000000000000000000001000000000000000000000000000000000000000                                     
 -51                                     0000000000000000001111111100000000000000000000000000000000000000000000001100000000                             00000000000000000000000000000000000000000011000000000000000000000000000000000000000                                    
 -50                                    00000000000000011111111111000000000000000000000000000000000000000000000001100000000                             010000000000000000000000000000000000000111111000000000000000000000000000000000000000                                   
 -49                                   000000000000000011110001110000000000000000000000000000000000000000000000001100000000                             0100000000000000000000000000000001111111111111000000000000000000000000000000000000000                                  
 -48                                  0000000000000000011110000000000000000000000000000000000000000000001100000001100000000                             01000000000000000010000000000000011111111111110000000000000000000100000000000000000000                                 
 -47                                 00000000000000000011000000000000000000000000000000000000000000001111100000001100000000                             010000000100000001110000011111111111111111111110000000000000000000110000000000000000000                                
 -46                                000000000000000000011000000000000000000000000000000000010000011111111100000001100000000                             0100000001111111111111111111111111111111111111100000000000000000001111000000000000000000                               
 -45                               0000000000011000000111000000000000000000000001111100000011111111111111100000001100000000                             01000000011111111111111111111111111111111111111000000000000000000001010000000000000000000                              
 -44                             000000000000000000000111000000000000000000000011111110001111111111111111100000001100000000                             0100000001111111111111111111111111111111111111111000000000000000000001011000000000000000000                            
 -43                           00000000000000000000000000000000000000000000000111111111111111111111111111100000001100000000                             01000000001111111111111111111111111111111111111110000000000000000000000111000000000000000000                           
 -42                         0000000000000111110000000000000000000000000000000111111111111111111111111111100000001100000000                             010000000011111111111111111111111111111111111111110000000000000000000000111000000000000000000                          
 -41                       000000000000011111110000011110000000000011000000000111111111111111111111111111100000001000000000                             0100000000111111111111111111111111111111111111111110000000000000000000000011000000000000000000                         
 -40                     00000000000000011111111000111111001110001111111000000111111111111111111111111111100000001000000000                             010000000011111111111111111111111111111111111111111100000000000000000000000000000000000000000000                       
 -39                    000000000000000011111111000111110111111111111111110000111111111111111111111111111100000001000000000                             0100000000111111111111111111111111111111111111111111100000000000000000000000000000000000000000000                      
 -38                  00000000000000000011111111111111111111111111111111111111111111111111111111111111111100000001000000000                             01000000001111111111111111111111111111111111111111111100000000000000000000000000000000000000000000                     
 -37                 000000000000000100111111111111111111111111111111111111111111111111111111111111111111100000001000000000                              11000000011111111111111111111111000000000000000000000000000000000000000000000000000000000000000000                    
 -36                0000000000000001111111111111111111111111111111111111111111111111111111111111111111111100000001000000000                              110000000111111111111111111111110000000000000000000000000000000000000000000000000000000000000000000                   
 -35               00000000000000111111111111111111111111111111111111111111111111111111111111111111111111100000001000000000                              11000000011111111111111111111111000000000000000000000000000000000000000000000000000000000000000000000                 
 -34              000000000000011111111111111111111111111111111111111111111111111111111111111111111111111100000001000000000                              11000000011111111111111111111111000000000000000000000000000000000000000000000000000000000000000000000                 
 -33              000000000001111111111111111111111111111111111111111111111111111111111111111111111111110000000000000000000                              110000000111111111111111111111110000000000000000000000000000000000000000000000000000000000000000000000                
 -32             0000000000111111111111111111111111111111111111111111111111111111111111111110000000000000000000000000000000                              1100000001111111111111111111111100000000000000000000000000000111100000000000000000000000000000000000000               
 -31             0000000001111111111111111111111111111111111111111111111111111111111111000000000000000000000000000000000000                              11000000011111111111111111111111000000000000000000000000000001111110000000000000000000000000000000000000              
 -30            00000000011111111111111111111111111111111111111111111111111111111110000000000000000000000000000000000000000                              110000000111111111111111111111110000000000000000000000000000011111111000000000000000000000000000000000000             
 -29            00000000011111111111111111111111111111111111111111111111111111110000000000000000000000000000000000000000000                              110000000111111111111111111111110000000000000000000000000000001111111110000000000000000000000000000000000             
 -28           000000000111111111111111111111111111111111111111111111111111110000000000000000000000000000000000000000000000                              1100000001111111111111111111100000000000000000000000000000000001111111100000000000000000000000000000000000            
 -27           000000000111111111111111111111111111111111111111111111111111000000000000000000000000000000000000000000000000                              11000000011111111111111110000000000000000000000000000000000000000001111000000000000000000000000000000000000           
 -26          000000000111111111111111111111111111111111111111111111111110000000000000000000000000000000000000000000000000                               11000000011111111111100000000000000000000000000000000000000000000000000000000000000000000000000000000000000           
 -25          000000000111111111111111111111111111111111111111111111110000000000000000000000000000000000000000000000000000                               110000000111111111100000000000000000000000000000000000000000000000000000000000000000000000000000000000000000          
 -24          000000000111111111111111111111111111111111111111111111000000000000000000000000000000000000000000001100000000                               1100000001111111000000000000000000000000000000000000000000000000000000000000000000000000000000000000000000000         
 -23         0000000001111111111111111111111111111111111111111110000000000000000000000000000000000001111100000001100000000                               1100000001111000000000000000000000000000000000000000000000000000000000000000000000000000000000000000000000000         
 -22         0000000001111111111111111111111111111111111110000000000000000000000000000000000000111111111100000001100000000                               11000000000000000000000000000000000000000000000000000000000000000000000000000000000000000000000000000000000000        
 -21        00000000011111111111111111111111111111111100000000000000000000000000000000000001111111111111100000001100000000                               110000000000000000000000000000000000000000000000000000000000000000000000000000000000000000000000000000000000000       
 -20        00000000011111111111111111111111111111000000000000000000000000000000000000001111111111111111100000001100000000                               110000000000000000000000000000000000000000000000000000000000000000000000000000000000000000000000000000000000000       
 -19       000000000111111111111111111111111111000000000000000000000000000000000000000111111111111111111100000001100000000                               0000000000000000000000000000000000000000000000000000000000000000000000000000000000000000000000000000000000000000      
 -18       000000000111111111111111111111111000000000000000000000000000000000000000111111111111111111111100000001100000000                               0000000000000000000000000000000000000000000000000000000000000000000000000000000000000000000000000000000000000000      
 -17      0000000001111111111111111111111100000000000000000000000000000000000000011111111111111111111111100000001100000000                               00000000000000000000000000000011000000000000000000000000000001111100000000000000000000000000000000000000000000000     
 -16      0000000000000000000111111111110000000000000000000000000000000000000001111111111111111111111111100000001100000000                               000000000000000000000000000111100000000000000000000000000000011111100000000000000000000000000000000000000000000000    
 -15     00000000000000000000111111111000000000000000000000000000000000000001111111111111111111111111111100000001100000000                               000000000000000000000000111111000000000000000000000000000000011111100000000000000000000000000000000000000000000000    
 -14    000000000000000000000111111100000000000000000000000000000000000011111111111111100000000000001111100000001100000000                               0000000000000000000001111111110000000000000000000000000000000111111000000000000000000000000000000000000000000000000   
 -13    000000000000000000000000000000000000000000000000000000000001111111111111111111100000000000001111100000001100000000                               0000000000000000001111111111110000000000000000000000000000000111111000000000000000000000000000000000000000000000000   
 -12   0000000000000000000000000000000000000000000000000000000111111111111111111111111100000000000000111100000001100000000                               00000000000000111111111111111100000000000000000000000000000001111110000000000000000000000000000000000000000000000000  
 -11   0000000000000000000000000000000000000000000000000000111111111111111111111111111100000000000000011100000001100000000                               00000000000111111111111110000000000000000000000000000000000001111110000000000000000000000000000000000000000000000000  
 -10  00000000000000000000000000000000000000000000000000000000000000111111111111111111100000000000000011100000001100000000                               000000000000011011111111100000000000000000000000111101111111111111100000000000000000000000000000000000000000000000000 
  -9  00000000000000000000000000000000000000000000000000000000000000011111111111111111100000000000000011100000001100000000                               000000000000001111111111100000000000000000000000111111101111111111100000000000000000000000000000000000000000000000000 
  -8  00000000000000000000000000000000000000000000000000000000000000011111111110111111100000000000000011100000001100000000                               000000000000001110111111000000000000000000000000000000000000000000000000000000000000000000000000000000000000000000000 
  -7  00000000000000000000000000000000000000000000000000000000000000000111111110100000000000000000000011100000001100000000                               000000000000001110011110000000000000000000000000000000000000000000000000000000000000000000000000000000000000000000000 
  -6  00000000000000000000000000000000000000001100000000000000000000000111111000000000000000000000000011100000001100000000                               000000000000001110001110000000000000000000000000000000000000000000011100000000000000000000000000000000000000000000000 
  -5  00000000000000000000000000000000000000011100000000000000000000000111111000000000000000000000000000000000000000000000                               000000000000001110000110000000000000000000000000000000000000000000011100000000000000000000000000000000000000000000000 
  -4  00000000000000000000000000000000000000011100000000000000000000000111111000000000000000000000000000000000000000000000                               000000000000001111000110000000000000000000000000000000000000000000011100000000000000000000000000000000000000000000000 
  -3 000000000000000000000000000000000000000011100000000000000000000000000000000000000000000110001111000000000000000000000                               0000000000000000000000000000000000000011111100000000000000000000000111000000000000000000000000000000000000000000000000
  -2 000000000000000000000000000000000000000011100000000000000000000000000000000000000000000110000111000000000000000000000                               0000000000000000000000000000000000000011111100000000000000000000000111000000000000000000000000000000000000000000000000
  -1 000000000000000000000000000000000000000011100000000000000000000000000000000000000000000111000111000000000000000000000                                110000000111000000000000000000000000011111100000000000000000000000110000000000000000000000000000000000000000000000000
   0 000000000000000000000000000000000000000000000000000000000000000000000000000000000000000111100111000000000000000000000                                110000000111000000000000000000000101111111100000000000000000000000000000000000000000000000000000000000000000000000000
   1 0000000000000000000000000000000000000000000000000000000000000000000000000000000000000011111101110000000000000000000000                               110000000111000000000000000111111101111111111000000000000000000000000000000000000000000000000000000000000000000000000
   2 0000000000000000000000000000000000000000000111111111110111111100000000000000000000000111111111110000000000000000000000                               110000000111000000000000000111111111111111111000000000000000000000000000000000000000000000000000000000000000000000000
   3  000000000000000000000000000000000000000000111111111111110111100000000000000000000000111111111011000000000000000000000                               11000000011100000000000000011111111111111111110000000000000000000000000000000000000000000000000000000000000000000000 
   4  000000000000000000000000000000000000000000111111000000000000000000000000000000000000111111111111110000000000000000000                               11000000011100000000000000011111111111111111111111111110000000000000000000000000000000000000000000000000000000000000 
   5  000000000000000000000000000000000000000000111111000000000000000000000000000000011111111111111110000000000000000000000                               11000000011110000000000000011111111111111111111111110000000000000000000000000000000000000000000000000000000000000000 
   6  000000000000000000000000000000000000000000111111000000000000000000000000000000011111111111100000000000000000000000000                               11000000011111000000000000011111111111111111111000000000000000000000000000000000000000000000000000000000000000000000 
   7  000000000000000000000000000000000000000000111111000000000000000000000000000000011111111100000000000000000000000000000                               11000000011111000000000000011111111111111100000000000000000000000000000000000000000000000000000000000000000000000000 
   8  000000000000000000000000000000000000000000111111000000000000000000000000000000011111100000000000000000000000000000000                               11000000011111111111111111111111111111000000000000000000000000000000000000001111111111000000000000000000000000000000 
   9  000000000000000000000000000000000000000000111111000000000000000000000000000000111100000000000000000000000000000000000                               11000000011111111111111111111111111000000000000000000000000000000000000000111111111111000000000000000000000000000000 
  10   00000000000000000000000000000000000000000011111000000000000000000000000000001100000000000000000000000000000000000000                               1100000001111111111111111111111110000000000000000000000000000000000000001111111111111100000000000000000000000000000  
  11   00000000000000000000000000000000000000000000000000000000000000000000000000000000000000000000000000000000000000000000                               1100000001111111111111111111111000000000000000000000000000000000000000111111111111111111111111000000000000000000000  
  12    0000000000000000000000000000000000000000000000000000000000000000000000000000000000000000000000000000000000000000000                               110000000111111111111111111100000000000000000000000000000000000000011111111111111111111111111100000000000000000000   
  13    0000000000000000000000000000000000000000000000000000000000000000000000000000000000000000000000000000000001100000000                               110000000111111111111111110000000000000000000000000000000000000011111111111111111111111111111000000000000000000000   
  14     000000000000000000000000000000000000000000000000000000000000000000000000000000000000000000000000000000001100000000                               11000000011111111111111000000000000000000000000000000000000011111111111111111111111111111111100000000000000000000    
  15     000000000000000000000000000000000000000000000000000000000000000000000000000000000000000000000000000000001100000000                               1100000001111111111000000000000000000000000000000000000011111111111111111111111111111111111100000000000000000000     
  16      00000000000000000000000000000000000000000000000000000000000000000000000000000000000000000000111100000001100000000                               1100000001111100000000000000000000000000000000000011111111111111111111111111111111111111111100000000000000000000     
  17       0000000000000000000000000000000000000000000000000000000000000000000000000000000000000000111111100000001100000000                               110000000000000000000000000000000000000000000011111111111111111111111111111111111111111111100000000000000000000      
  18       0000000000000000000000000000000000000000000000000000000000000000000000000000000000000111111111100000001100000000                               000000000000000000000000000000000000000000001111111111111111111111111111111111111111111111100000000000000000000      
  19        000000000000000000000000000000000000000000000000000000000000000000000000000000000011111111111100000001100000000                               00000000000000000000000000000000000000000111111111111111111111111111111111111111111111111110000000000000000000       
  20        000000000000000000000000000000001111000000000000000000000000000000000000000000111111111111111100000001100000000                               00000000000000000000000000000000000000011111111111111111111111111111111111111111111111111100000000000000000000       
  21         00000000000000000000000000000001111111100000000000000000000000000000000001111111111111111111100000001100000000                               0000000000000000000000000000000000000111111111111111111111111111111111111111111111111111110000000000000000000        
  22          0000000000000000000000000000001111111110000000000000000000000000000001111111111111111111111100000001100000000                               0000000000000000000000000000000000111111111111111111111111111111111111111111111111111111100000000000000000000        
  23          0000000000000000000000000000000011111111000000000000000000000000000001111111111111111111111100000001100000000                               000000000000000000000000000000011111111111111111111111111111111111111111111111111111111110000000000000000000         
  24           000000000000000000000000000000000111111000000000000000000000000000001111111111111111111111100000001100000000                               000000000000000000000000000111111111111111111111111111111111111111111111111111111111111100000000000000000000         
  25            00000000000000000000000000000000001111000000000000000000000000000001111111111111111111111100000001100000000                               000000000000000000000011111111111111111111111111111111111111111111111111111111111111111000000000000000000000         
  26            00000000000000000000000000000000000000000000000000000000000000000001111111111111111111111100000001100000000                              000000000001111111111111111111111111111111111111111111111111111111111111111111111111110000000000000000000000          
  27             0000000000000000000000000000000000000000000000000000000000000000001111111111111111111111100000001100000000                              010000000111111111111111111111111111111111111111111111111111111111111111111111111111000000000000000000000000          
  28              000000000000000000000000000000000000000000000000000000000000000001111111111111111111111100000001100000000                              01000000011111111111111111111111111111111111111111111111111111111111111111111111110000000000000000000000000           
  29              000000000000000000000000000000000000000000000000000000000000000001111111111111111111111100000001100000000                              01000000011111111111111111111111111111111111111111111111111111111111111111111111000000000000000000000000000           
  30               00000000000000000000000000000000000000000000000000000000000000001111111111111111111111100000001100000000                              0100000001111111111111111111111111111111111111111111111111111111111111111111001000000000000000000000000000            
  31                0000000000000000000000000000000000000000001111111111111111111111111111111111111111111100000000100000000                              0100000001111111111111111111111111111111111111111111111111111111111111111110000000000000000000000000000000            
  32                 000000000000000000000000000000000000000000111111111111111111111111111111111111111111100000000100000000                              010000000111111111111111111111111111100001111111111111111101111100011111111000000000000000000000000000000             
  33                  00000000000000000000000000000000000000000011111111111111111111111111111111111111111100000000100000000                              010000000111111111111111111111111111100000011111110001110011111100011111111000000000000000000000000000000             
  34                  00000000000000000011000000000000000000000001111111111111111111111111111111111111111100000000100000000                              01000000011111111111111111111111111110000000001100000000000111100000111111100000000000000000000000000000              
  35                    000000000000000001110000000000000000000000111111111111111111111111111111111111111100000000100000000                              1100000001111111111111111111111111111000000000000000000000000000000011111000000000000000000000000000000               
  36                     00000000000000000111000000000000000000000011111111111111111111111111111111111111100000000100000000                              110000000111111111111111111111111111100000000000000000000000000000000000000000000000000000000000000000                
  37                      00000000000000000110100000000000000000000111111111111111111111111111111111111111100000001000000000                             11000000011111111111111111000111111100000000000000000000001110000000000000000000000000000000000000000                 
  38                       0000000000000000000101000000000000000000001111111111111111111111111111111111111100000001000000000                             110000000111111111111111000000111110000000000000000000000011100000011000000000000000000000000000000                   
  39                        000000000000000000111100000000000000000001111111111111111111111111111111111111100000001000000000                             11000000011111111100000100000000000000000000000000000000001100000000000000000000000000000000000000                    
  40                          0000000000000000001100000000000000000001111111111111111111111000001110000000100000001000000000                             110000000111110000000000000000000000000000000000000000000011000000000000000000000000000000000000                      
  41                           000000000000000000010000000000000000000111111111111100000000000000100000000000000001000000000                             1100000001100000000000000000000000000000000000000000000011110000000000000000000000000000000000                        
  42                            00000000000000000000000000000000000000111111111111100000000000000000000000000000001000000000                             11000000000000000000000000000000000000000000000000111000111100000000000000000000000000000000                          
  43                             0000000000000000000000000000000000000011111100000000000000000000000000000000000001000000000                             110000000000000000000000000000000000000000000000011111111111000000000000000000000000000000                            
  44                               00000000000000000000000000000000000001100000000000000000000000000000000000000000000000000                             1100000000000000000000000000000000000000000000001111111100000000000000000000000000000000                              
  45                                0000000000000000000000000000000000000100000000000000000000001100000000000000000000000000                             000000000000000000000000000000000100110000000000111100000000000000000000000000000000000                               
  46                                 000000000000000000000000000000000000000000000000011111111111100000000000000000000000000                             00000000000000000000000000000000111111000000000000000000000000000000000000000000000000                                
  47                                  00000000000000000000000000000000000000000000000111111111111111100000000000000000000000                             0000000000000000000000000000000011110000000000000000000000000000000000000000000000000                                 
  48                                   0000000000000000000000000000000000000000000111111111111111111111000000000000000000000                             000000000000000000000100000000001000000000000000000000000000000000000000000000000000                                  
  49                                    000000000000000000000000000000000000000000011111111111111111111000000000000000000000                             00000000000000010001111000000000000000000000000000000000000000000000000000000000000                                   
  50                                     00000000000000000000000000000000000000000000011111111111111111111100000000000000000                             0000000000000111111111110000000000000000000000000000000000000000000000000000000000                                    
  51                                      0000000000000000000000000000000000000000000000111111111111111111100000000000000000                             00000000001111111111111110000000000000000000000000000000000000000000000000000000                                      
  52                                       000000000000000000000000000000000000000000000001111111111111111000000000000000000                             0000000000111111111111110000000000000000000000000000000000000000000000000000000                                       
  53                                         0000000000000000000000000000000000000000000000111111111111111000000000000000000                             00000000011111111111111000000000000000000000000000000000000000000000000000000                                         
  54                                          000000000000000000000000000000000000000000000000111111111111000000000000000000                             0000000001111111111110000000000000000000000000000000000000000000000000000000                                          
  55                                            0000000000000000000000000000000000000000000000001111111111000000000000000000                             00000000001111111110000000000000000000000000000000000000000000000000000000                                            
  56                                              00000000000000000000000000000000000000000000000011111000000000000000000000                             000000000000000110000000000000000000000000000000000000000000000000000000                                              
  57                                                000000000000000000000000000000000000000000000000000000000000000000000000                             0000000000000000000000000000000000000000000000000000000000000000000000                                                
  58                                                  000000000000000000000000000000000000000000000000000000000000000000000                              00000000000000000000000000000000000000000000000000000000000000000000                                                  
  59                                                     000000000000000000000000000000000000000000000000000000000000000000                              0000000000000000000000000000000000000000000000000000000000000000                                                      
  60                                                        000000000000000000000000000000000000000000000000000000000000000                              000000000000000000000000000000000000000000000000000000000000                                                          
  61                                                           000000000000000000000000000000000000000000000000000000000000                              00000000000000000000000000000000000000000000000000                                                                    
  62                                                               00000000000000000000000000000000000000000000000000000000                              00000000000000000000000000000000000000000000                                                                          
  63                                                                          000000000000000000000000000000000000000000000                              00000000000000000000000000000000000000000                                                                             
  64                                                                               0000000000000000000000000000000000000000                               00000000000000000000000000000000000000                                                                               
  65                                                                                  000000000000000000000000000000000000                                000000000000000000000000000000000000                                                                                 
  66                                                                                    0000000000000000000000000000000000                                00000000000000000000000000000000000                                                                                  
  67                                                                                      00000000000000000000000000000000                                00000000000000000000000000000000                                                                                     
  68                                                                                       00000000000000000000000000000                                    0000000000000000000000000000                                                                                       
  69                                                                                          00000000000000000000000                                          00000000000000000000000                                                                                         
  70                                                                                            000000000000000000                                                 00000000000000000                                                                                           
  71                                                                                              0000000000000                                                         0000000000                                                                                             
  72                                                                                                00000000                                                                                                                                                                   
  73                                                                                                   00                                                                                                                                                                      
seats 6378; refused 4651 DR-CLAIM, 4205 DR-SLOPE, 3526 DR-PASS, 3384 DR-SITE, 2600 DR-KEEP, 1134 OB19
DR-SLOPE asked: a site rising 7 or more is refused
NOT ASKED  DR-CROSS, DR-WAY — the pass may still decline a seat marked 1 under these
