## tree
SEATS  tree, footprint 1x1, 3 blocks off a route  1 char = 1 block  x -148..147 across, z -72..71 down
KEY  1 the footprint seats with its minimum corner here  0 refused  space void
            -4        -3        -2        -1        -0        -9        -8        -7        -6        -5        -4        -3        -2        -1         0         1         2         3         4         5         6         7         8         9         0         1         2         3         4       
     87654321098765432109876543210987654321098765432109876543210987654321098765432109876543210987654321098765432109876543210987654321098765432109876543210123456789012345678901234567890123456789012345678901234567890123456789012345678901234567890123456789012345678901234567890123456789012345678901234567
 -72                                                                                                                                   11                                1111111111111                  1111111111              11111111111111             1111111111111111111                               
 -71    111                                 111000                                                                                 111111                                1111111111111111111      1111111111111111111111111111111111111111111111111111111111111111111111111111111                         1  
 -70    11110000                         001111000000000                                      111111                            111111111                                1111111111111111111111111111111111111111000000000000000000000000000000011111111111111111111111111111111111                     111  
 -69    11100000000                    000001100000000000                                  111111111000000                    11111111111                                1111111111111111111111111111110000000000000000000000000000000000000000000000000000000111111111111111111111111                11111  
 -68    1110000000000               0000000001000000000000                               0101101111000000000                1111111111111                                111111111111111111111111100000000000000000000000000000000000000000000000000000000000000000000000000111111111111            0001011  
 -67    1100000000000000      000000000000000100000000000000                          111110000001100000000000            111111111111111                                11111111111111111111111000000000000000000000000000000000000000000000000000000000000000000000000000000000000111000         00000011  
 -66   111000000000000000000000000000000000000000000000000000                       1111100000000000000000000000     11111111111111111111                                0000000000000011111110000000000000000000000000000000000000000000000000000000000000000000000000000000000000001000000     0000000001  
 -65   1110000000000000000000000000000000000000000000000000000                     111110000000000000000000000000111111111111111111111111                                000000000000001111110000000000000000000000000000000000000000000000000000000000000000000000000000000000000000000000000  00000000001  
 -64   010000000000000000000000000000000000000000000000000000000                 11110101010000000000000000000000001111111111111111111111                                0000000000000011111100000000000000000000000000000000000000000000000000000000000000000000000000000000000000000000000000000000000001  
 -63   0100000000000000000000000000000000000000000000000000000000              1111110111111100000000000000000000000111111111111111111111                                0000000000000011111000000000000000000000000000000000000000000000000000000000000000000000000000000000000000000000000000000000000000  
 -62   110000000000000000000000000000000000000000000000000000000000           01111110111011111000000000000000000000000111111111111111111                                0000000000000011110000000000000000000000000011111111111111111111000000000000000000000000000000000000000000000000000000000000000000  
 -61   1000000000000000000000000000000000000001000000000000000000000     0000000011111111111111010000000000000000000000001111111111111111                                0000000000000011110000000000000000001111111111111100001111111111000000000011000000000000000000000000000000000000000000000000000000  
 -60   1100000000000000000000000000000000000001100000000000000000000100000000000001111011111111010000000000000000000000000111111111111111                                0000000000000011100000000000000000001111111111111100001111111111000000000011000000000000000000000000000000000000000000000000000000  
 -59   1110000000000000000000000000000000000001111000000000000000000100000000000001111111111111111100000000000000000000000111111111111111                                0000000000000011100000000000000000001111111111111100001111111111000000000011000000000000000000000000000001000000000000000000000000  
 -58    111000000000000000000000000000000000001010111000000000000000000000000000000110011111111111100000000000000000000000011111111111111                                0000000000000011100000000000000000001111111111111100001111111111000000000011000000000000000000000000000001100000000000000000000000  
 -57    111000000000000000000000000000000000011011111010000000000000000000000000000111111100000011110000000000000000000000011111111111111                                0000000000000011000000000000000000001111111111111100001111111111000000000011000000000000000000000000000001100000000000000000000000  
 -56    111100000000000000010000000000000000011111111110000000000000000000000000000111111001111001111100000000000000000000011111111111111                                000000000000001100000000001000000000111111111111110000111111111100000000001100000000000000000000000000000110000000000000000000000   
 -55     11110000000000000100000000000000000111111111110000000000000000000000000000010111011111101111111100000000000000000001111111111111                                000000000000001100000000011000000000111111111111111111111111111100000000001100000000000000000000000000000110000000000000000000000   
 -54     01111100000000001111100000000000000000000001111000000000001000000000000000110011011111101111011100000000000000000011111111111111                                000000000000001100000000011111111111111111111111111111111111111100000000001100000000000000000000000000000111000000000000000000000   
 -53     11101001010110011111111000000000000000000001111100000000011000000000000000111111011111101111011100000000000000000011111111111111                                000000000000001100000000001111111111111111111111111111111111111111111111111100000000000000000000000000000111000000000000000000000   
 -52     10001100000011111111111111101000000000000001111110000000001000000000000000111111011111111111011100000000000000000011111111111111                                000000000000000000000000000111111111111111111111100000111111111111111111111100000000000000000000000000000111100000000000000000001   
 -51      1101000000011111111111111111000000000000001111111010111111100000000000001111111001111111111111000000000000000000111111111111111                                00000000000000000000000000011111111111111111111110000011111111111111111111110000000000000000000001111110111111000000000000000001    
 -50      1000000000000111111111111111000000000000001111111011101110000000000000001101111100000111101110000000000000000000111111111111111                                00000000000000000000000000011111111111111111111110000011111111111111111111110000000000000000000000010000000111100000000000000011    
 -49      1000000000000011111111111111000000000000001111111111111111110000000000011111111111111111111111000001000000000001111111111111111                                00000000000000000000000000011111111111111111111110000011111111111111111111111111000000000000000000000000000011110000000000000011    
 -48       000000000000011111111111111000000000000001111111111111111111100000001111110000011111111101110000001110000000111111111111111111                                11111111111111111000000000111111111111111111111110000000000000000000000000011110000000000000000000000000000001111100000000000011    
 -47       000000000000000000000000001000000000000001111111111111111111111101011111110000011111000111100000011111110111111111111111111111                                11111111111111111111111111111111111111111111111110000000000000000000000000011000000000000000000000000000000001111111110101011111    
 -46       000000000000000000000000001000000000000001111111110000000000000000000001110000001111000100000000111111111111111111111111111111                                1111111111111111111111111111111111111111111111111000000000000000000000000001000000000000000000000000000000000111111110000000011     
 -45       000000000000000000000000001111111111111111111111110000000000000000000001111000101111110000000000001111111111111111111111111111                                1111111111111111111111111111111111111111111111111000000000000000000000000000000000000000000000000000000000000011111000000000001     
 -44       000000000000000000000000001111111111000000000011110000000000000000000001111111100110000000000011011111111111111111111111111111                                1111111111111111111111111111111111111111111111111000000000000000000000000000000000000000000000000000000000000111110000000000000     
 -43      0000000000000000000000000001111111110000000000000000000000000000000000001011110000000000000000111111111111111111111111111111111                                1111111111111111111111111111111111111111111111111000000000000000000000000000000000000000000000000000000000000111110000000000000     
 -42      0000000000000000000000000001111111110000000000000000000000000000000000000001111000000000000001111111111111111111111111111111111                                11111111111111111111111111111111111111111111111110000000000000000000000000000000000001000000000000000000000001111000000000000000    
 -41      0000000000000000000000000001111111110000000000000000000000000000000000001000000000000000001111111111111111111111111111111111111                                11111111111111111111111111111111111111111111111110000000000000000000000000000000000011000000000000000000000011111000000000000000    
 -40      0000000000000010000000000001111111110000000000000000000000000000000000000000000000000000111111000111111111111111111111111111111                                11111111111111111111111111111111111111111111111110000000000000000000000000000000001111100000000000000000000111111000000000000000    
 -39      0000000000000010000000000001111111110000000000000000000000000000000000000000000000000011111110000011111111111111111111111111111                                11111111111111111100011111111111111111111111111110000000000000000000000000000000011111100000000000001110111111110000000000000000    
 -38     00000000000000110000000000001100000010000000000000000000000000000000000000000000000001111111110000011111111111111111111111111111                                111111111111111110000011111111111111111111111111100000000000000000000000000000001111111100000000000000111111111110000000000000001   
 -37     00000000000011110000000000001000000011111111000000000000000000000000000000000010011101111111110000011111111111111111111111111111                                111111111111111110000011111111111111111111111111100000000000000000000000000111111111111111000000000000011111110000000000000000001   
 -36     00000000001111110000000011110000000011111111111111110000000000000000000000000000001111111111111000111111111111111111111111111111                                111111111111111110000011111111111111111111111111100000000000000000000000000111111111111111111000000000001111100000000000000000001   
 -35     00000000000111110000000011110000000011111111111111110000000000000000000000000000000000001111111111111111111111111111111111111111                                111111111111111111000111111111111111111111111111100000000000000000000000000111111111111111110000000000000111000000000000000000000   
 -34     00000000001111110000000011100000000011111111111111110000000000000000000000000000000000000000111111111111111111111111111111111111                                1111111111111111111111111111111111111111111111111111100000000000000000000001111111111111111100000000000001110000000000000000000001  
 -33    000000000001111110000000011100000000011111111111111110000000000000000000000000000000000000000000111111111111111111111111111111111                                1111111111111111111111111111111111111111111111111000000000000000000000000101111111111111111100000000000001110000000000000000000001  
 -32    000000000001111110000000011000000000011111111111111110000000000000000000000000000000000000000000000111111111111111111111111111111                                1111111111111111111111111111111111111111111110000000000000000000000000000000011111111111111000000000000000000000000000000000000000  
 -31    000000000011111110000000010000000000111111111111111110000000000000000000000000000000000000000000000000001111111111111111111111111                                1111111111111111111111111111111111111111110000000000000000000000000000000000001111111111111100000000000000000000000000000000000001  
 -30    000000000111111111111111100000000000111111111111111110000000000000000000000000000000000000000000000000000000001111111111111111111                                11111111111111111111111111111111111111000000000000000000000000000000000000000001111111111111000000000000000000000000000000000000011 
 -29    100000001111111111111111100000000001111111111111111100000000000000000000000000000000000000000000000000000000000000000000000000011                                11111111111111111111111111111111110000000000000000000000000000000000000000000000111111111111000000000000000000000000000000000000011 
 -28    111101111111111111111110000000000001111111111111111000000000000000000000001111100000000000000000000000000000000000000000000000001                                11111111111111111111111111111100000000000000000000000000000000000000000000000000011111111111100000000000000000000000001000000000111 
 -27   1111111111111111111111100000000000011111111111111110000000000000000000000001111111111100000000000000000000000000000000000000000001                                11111111111111111111111111000000000000000000000000000000000011111111110000000000001111111011110000000000000000000000011100000001111 
 -26   1111111111111111111111000000000000111111111111111100000000000000000000000001111111111111100000000000000000000000000000000000000001                                11111111111111111111100000000000000000000000000000000000011111111111110000000000000111000000011000000000000001000000011000000000111 
 -25   1111111111111111111110000000000000111111111111111000000000000111111111111111111111111111111100000000000000000000000000000000000001                                11111111111111100000000000000000000000000000000000000011111111111111111000000000000100000000000111000000000000000000000000000000011 
 -24   1111111111111111111100000000000001111111111111111000000000000101011111111111111111111111111111110000000000000000000000000000000001                                11000000000000000000000000000000000000000000000000111111111111111111111100000000000000000000000011000000000000000000000000000000001 
 -23   1111111111111111111000000000000011111111111111110000000000001111111111111111111111111111111111111111000000000000000000000000000001                                10000000000000000000000000000000000000000000001111111111111111111111111110000000000000000000000011100000000000000000000000000000001 
 -22  11111111111111111100000000000000111111111111111100000000000011111111111111111111111111111111111111111111111100000000000000000000011                                10000000000000000000000000000000000000000011111111111111111111111111111111000000000000000000000001110000000100000000000000000000001 
 -21  11111111111111111000000000000001111111111111111100000000000011111111111111111111111111111111111111111111111111111111111111111111111                                100000000000000000000000000000000000000111111111111111111111111111111111111000000000000000000000011111101110000000000000000000000001
 -20  11111111111111110000000000000011111111111111111000000000000111111111111111111111111111111111111111100000000000000000000111111111111                                100000000000000000000000000000000001111111111111111111111111111111111111111000000000000000000000011111111111000000000000000000000011
 -19  11111111111111100000000000001111111111111111110000000000001111111111111111111111111111111111111110000000000000000000000000000111111                                100000000000000000000000000000011111111111111111111111111111111111111111111100000000000000000000001111111111000000000000000000000011
 -18  11111111111111000000000000011111111111111111110000000000011111111111111111111111111111111111111000000000000000000000000000000000111                                100000000000000000000000011111111111111111111111111111111111111111111111111110000000000000000000011111111111000000000000000000000011
 -17 111111111111100000000000000111111111111111111100000000000111111111111111111111111111111111111100000000000000000000000000000000000011                                110000000000000000011111111111111111111111111111111111111111111111111111111110000000000000000000011111111111100000000000000000000111
 -16 111111111111000000000000001111111111111111111100000000000111111111111111111111111111111111111000000000000000000000000000000000000011                                111111111111111111111111111111111111111111111111111111111111111111111111111111000000000000000000011111111111110000000110000000001111
 -15 111111111110000000000000011111111111111111111000000000001111111111111111111111111111111111110000000000000000000000000000000000000011                                111111111111111111111111111111111111111111111111111111111111111111111111111111000000000000000000111111111111111110111111000000011111
 -14 000000000000000000000001111111111111111111111000000000011111111111111111111111111111111111100000000000000000000000000000000000000011                                111111111111111111111111111100011111111111111111111111111111111111111111111111100000000000000000111111111111110000000000000000000000
 -13 000000000000000000000001111111111111111111110000000000011111111111111111111111111111111111000000000000000000000000000000000000000011                                111111111111111111111111100000000111111111111111111111111111111111111111111111100000000000000001111111111111110000000000000000000000
 -12 000000000000000000000001111111111111111111100000000000111111111111111111111111111111111110000000000000000111111111110000000000000011                                111111111111111111110000000000000011111111111111111111111111111111111111111111110000000000000111111111111111110000000000000000000000
 -11 000000000000000000000001111111111111111111100000000000111111111111111111111111111111111100000000000000011111111111111111100000000111                                111111111111111111110000000000000011111111111111111111111111111111111111111111111000000000011111111111111111110000000000000000000000
 -10 000000000000000000000001111111111111111111000000000001111111111111111111111111111111111000000000000000001111111111111111111111111111                                111111111111111111100000000000000011111111111111111111111111111111111111111111111000000000001111111111111111110000000000000000000000
  -9 000000000000000000000000000000000000001111000000000001111111111111111111111111111111111000000000000000000011111111111111111111111111                                111111111111111111100000000000000001111111111111111111111111111111111111111111111100000000001110000000000000000000000000000000000000
  -8 000000000000000000000000000000000000001110000000000011111111111111111111111111111111110000000000000000000000111111111111111111111111                                111111111111111111000000000000000001111111111111111111111111111111111111111111111100000000000110000000000000000000000000000000000000
  -7 000000000000000000000000000000000000001110000000000111111111111111111111111111111111110000000000010000000000001111111111111111111111                                111111111111111110000000000000000000111111111000000000000000000000000000000000000000000000000110000000000000000000000000000000000000
  -6 000000000000000000000000000000000000001100000000000111111111111111111111111111111111100000000000110000000000000011111111111111111111                                111111111111111110000000000000000000111111100000000000000000000000000000000000000000000000000000000000000000000000000000000000000000
  -5 000000000000000000000000000000000000001100000000001111111111111111111111111111111111100000000001100000000000000001111111111111111111                                111111111111111100000000000000000000111111000000000000000000000000000000000000000000000000000000000000000000000000000000000000000000
  -4 000000000000000000000000000000000000001000000000001111111111111111111111111111111111000000000001100000000000000000111111111111111111                                111111111111111100000000000000000000011110000000000000000000000000000000000000000000000000000000000000000000000000000000000000000000
  -3 000000000000000000000000000000000000001000000000011111111111111111111111111111111111000000000011000000000000000000111111111111111111                                111111111111111100000000000000000000011100000000000000000000000000000000000000000000000000000000000000000000000000000000000000000000
  -2 000000000000000000000000000000000000000000000000000110111111111101111111111111111100000000000010000000000000000000111111111111111111                                111111111111111100000000000000000000001100000000000000000000000000000000000000000000000000000000000000000000000000000000000000000000
  -1 000000000000000000000000000000000000000000000000000000000000000000000000000000000000000000000110000000000000000000011111111111111111                                111111111111111110000000000000000000001000000000000000000000000000000000000000000000000000000000000000000000000000000000000000000000
   0 000000000000000000000000000000000000000000000000000000000000000000000000000000000000000000000100000000000000000000011111111111111111                                111111111111111110000000000000000000011000000000000000000000000000000000000000000000000000000000000000000000000000000000000000000000
   1 000000000000000000000000000000000000000000000000000000000000000000000000000000000000000000001100000000000000000000001111111111111111                                111111111111111111000000000000000000010000000000001111111111111111101111111111011000000000000000000000000000000000000000000000000000
   2 000000000000000000000000000000000000000000000000000000000000000000000000000000000000000000001110000000000000000000001111111111111111                                111111111111111111000000000000000000110000000000111111111111111111111111111111111110000000000100000000000000000000000000000000000000
   3 000000000000000000000000000000000000000000000000000000000000000000000000000000000000000000011110000000000000000000001111111111111111                                111111111111111111000000000000000001100000000000111111111111111111111111111111111100000000000110000000000000000000000000000000000000
   4 000000000000000000000000000000000000000000000000000000000000000000000000000000000000000000111111000000000000000000001111111111111111                                111111111111111111100000000000000001100000000001111111111111111111111111111111111100000000001110000000000000000000000000000000000000
   5 000000000000000000000000000000000000000000000000000000000000000000000000000000000000000001111111000000000000000000011111111111111111                                111111111111111111110000000000000011000000000001111111111111111111111111111111111000000000001110000000000000000000000000000000000000
   6 000000000000000000000000000000000000001000000000000000000000000000000000000000000000000111111111000000000000000000011111111111111111                                111111111111111111111100000000000010000000000011111111111111111111111111111111111000000000011110000000000000000000000000000000000000
   7 000000000000000000000000000000000000001000000000001111111111111111111111111111111111111111111111100000000000000000111111111111111111                                111111111111111111111111000000000000000000000011111111111111111111111111111111110000000000011110000000000000000000000000000000000000
   8 000000000000000000000000000000000000001100000000001111111111111111111111111111111111111111111111100000000000000001111111111111111111                                111111111111111111111111110000000000000000000111111111111111111111111111111111100000000000111110000000000000000000000000000000000000
   9 000000000000000000000000000000000000001100000000000111111111111111111111111111111111111111111111110000000000000001111111111111111111                                111111111111111111111111111100000000000000000111111111111111111111111111111111100000000000111110000000000000000000000000000000000000
  10 000000000000000000000001111111111111111110000000000111111111111111111111111111111111111111111111110000000000000011111111111111111111                                111000000001111111111111111110000000000000001111111111111111111111111111111111000000000001111111111111111111110000000000000000000000
  11 000000000000000000000001111111111111111000000000000011111111111111111111111111111111111111111111110000000000000011111111111111111111                                110000000000000011111111111000000000000000011111111111111111111111111111111111000000000001111111111111111111110000000000000000000000
  12 000000000000000000000001111111111111100000000000000001111111111111111111111111111111111111111111111000000001111111111111111111111111                                110000000000000000000000000000000000000000111111111111111111111111111111111110000000000011111111111111111111110000000000000000000000
  13 000000000000000000000001111111111111000000000000000001111111111111111111111111111111111111111111111110001111111111111111111111111111                                110000000000000000000000000000000000000001111111111111111111111111111111111110000000000111111111111111111111100000000000000000000000
  14 000000000000000000000001111111111111000000000000000000111111111111111111111111111111111111111111111111111111111111111111111111111111                                110000000000000000000000000000000000000011111111111111111111111111111111111100000000000111111111111111111110000000000000000000000000
  15 111100000000011000000011111111111110000000000000000000111111111111111111111111111111111111111111111111111111111111111111111111111111                                110000000000000000000000000000000000000111111111111111111111111111111111111000000000001111111111111111111100000000000000111111111111
  16 111000000000000000000001111111111110000000000000000000011111111111111111111111111111111111111111111111111111111110000000000000000011                                110000000000000000000000000000000000001111111111111111111111111111111111111000000000001111111111111111111000000000000001111111111111
  17 110000000000000000000000111111111110000000000000000000011111111111111111111111111111111111111111111111111110000000000000000000000001                                11100000000000000000000000000000000011111111111111111111111111111111111111000000000001111111111111111111000000000000011111111111111 
  18 110000000000000000000000111111111100000000000000000000001111111111111111111111111111111111111111111110000000000000000000000000000001                                11111100000000000000000000000000001111111111111111111111111111111111111110000000000001111111111111111110000000000000111111111111111 
  19 110000000000000000000000111111111110000000000000000000000111111111111111111111111111111111111111100000000000000000000000000000000001                                11111111111100000000000000000000111111111111111111111111111111111111111100000000000011111111111111111000000000000001111111111111111 
  20 100000000000000000000000011101111110000000000000000000000111111111111111111111111111111111111000000000000000000000000000000000000001                                11111111111111111111111111111111111111111111111111111111111111111111111000000000000111111111111111110000000000000011111111111111111 
  21  10000000000000000000000100000001110000000000000000000000011111111111111111111111111111111000000000000000000000000000000000000000001                                11000000000000000000000111111111111111111111111111111111111111111111111000000000000111111111111111100000000000000111111111111111111 
  22  10000000000000000000000000000000111000000000000000000000001111111111111111111111111110000000000000000000000000000000000000000000001                                1000000000000000000000000000001111111111111111111111111111111111111111000000000000111111111111111100000000000001111111111111111111  
  23  10000000000000000000000000000000011000000000000000000000000111111111111111111111100000000000000000000000000000000000000000000000011                                1000000000000000000000000000000000111111111111111111111111111111101010000000000001111111111111111000000000000011111111111111111111  
  24  11000000000000000000000000000000011100000000000100000000000011111111111111111000000000000000000000000000000000000000111111111111111                                1000000000000000000000000000000000000011111111111111110000000000000000000000000001111111111111110000000000000111111111111111111111  
  25  11100000000011000000010000000000000011000000011100000000000001111111111111000000000000000000000000000000000000111111111111111111111                                1000000000000000000000000000000000000000011111111111110000000000000000000000000011111111111111110000000000001111111111111111111111  
  26  11110000000111000000000000000000000001111011111110000000000000000000000000000000000000000000000000000000011111111111111111111111111                                1000000000000000000000000000000000000000000011111111110000000000000000000000000111111111111111100000000000011111111111111111111111  
  27  11100000000010000000000000000000000000111111111111000000000000000000000000000000000000000000000000000111111111111111111111111111111                                100000000000000000000000000000000000000000000000001111000000000000000000000000111111111111111100000000000011111111111111111101111   
  28  11000000000000000000000000000000000000011111111111100000000000000000000000000000000000000000000001111111111111111111111111111111111                                110000000000000000000000000000000000000000000000000000000000000000000000000001111111111111111100000000001111111111111111100000001   
  29  11000000000000000000000000000000000000011111111111110000000000000000000000000000000000000000011111111111111111111111111111111111111                                111111111111111111100000000000000000000000000000000000000000000000000000000011111111111111111000000000001111111111111111000000000   
  30   1000000000000000000000000000000000000011111111111111000000000000000000000000000000000000111111111111111111111111111111111111111111                                111111111111111111111111100000000000000000000000000000000000000000000000000111111111111111111000000000010000000011111110000000000   
  31   0000000000000000000000000000000000000001111111111111100000000000000000000000000000000111111111111111111111111111111111111111111111                                111111111111111111111111111111000000000000000000000000000000000000000000000111111111111111110000000000110000000011111100000000000   
  32   1000000000000000000000111000000000000011111111111111110010000000000000000000000001111111111111111111111111111111111111111111111111                                111111111111111111111111111111111000000000000000000000000000000000000000000111111111111111110000000001110000000011111100000000000   
  33   1000000000000000000000111000000000000011111111111111110000000000000000000000011111111111111111111111111111111111111111111111111111                                11111111111111111111111111111111111100000000000000000000000000000000000000011111111111111111000000000111000000001111110000000000    
  34    000000000000000000000111000000000000011111111111111110000000000000000000001000001111111111111111111111111111000111111111111111111                                11111111111111111111111111111111111111110000000000000000000000000000000000011111111111111111000000001111000000001111100000000000    
  35    100000000000000000001111100000000000111111111111111110000000000000000000001000001111111111111111111111111110000011111111111111111                                11111111111111111111111111111100011111111111110000000000000000000000000000011111111111111111000000001111000000001111110000000000    
  36    100000000000000000011111110000000000000111111111111110000000000000000000001000001111111111111111111111111110000011111111111111111                                11111111111111111111111111111000001111111110111001000000000000000000000000000000000011111111000000010000000000001111000000000000    
  37    100000000000000011111111111000000000000001111111100000000000000000000000001000001111111111111111111111111110000011111111111111111                                11111111111111111111111111111000001111111110000000000000000000000000000000000000000000000001000000110000000000001100000000000000    
  38     00000000000000001111111101110000000000000111111000000000000000000000000001000001111111111111111111111111111000111111111111111111                                1111111111111111111111111111100000111111100000000000000000000000000000000000000000000000000111111111000000000000100000000000000     
  39     00000000000000011111100000000000000000000111110000000000000000000000000001000001111111111111111111111111111111111111111111111111                                1111111111111111111111111111110001111110000000000000000000000000000000000000000000000000000111111111000000000000100000000000000     
  40     00000000000000011111000000000000000000000011000000000000000000000000000001000001111111111111111111111111111111111111111111111111                                1111111111111111111111111111111111111000000000000000000000000000000000000000000000000000000111111111000000000000000000000000000     
  41     00000000000000011110000000000000000000000010000000000000000000000000000001000001111111111111111111111111111111111111111111111111                                1111111111111111111111111111111111000000000000001111000000000000000000000000000000000000000111111111000000000000000000000000000     
  42      0000000000000111110000000000000000000000000000000000000000000000000000001000001111111111111111111111111111111111111111111111111                                1111111111111111111111111111111110000000000000000111100000000000000000000000000000000000000111111111000000000000000000000000000     
  43      0000000000000111110000000000000000000000000000000000000000000000000000001000001111111111111111111111111111111111111111111111111                                111111111111111111111111111110110000000000011001111111000000000000000000000111110000000000111111111100000000000000000000000000      
  44      1000000000001111100000000000000000000000000000000000000000000000000000001000001111111111111111111111111111111111111111111111111                                111111111111111111111111111100000000000011111101000111000000000000000000000111111111111111111111111100000000000000000000000000      
  45      1100000000111111110000000000000000000000000000000000000000000000000000001000001111111111111111111111111111111111111111111111111                                111111111111111111111111111111000000001000111100000011111001110111111111111111111111100000000000000100000000000000000000000000      
  46     11111010101111111110000000000000000000000000000000010000000000000000000001000001111111111111111111111111111111111111111111111111                                111111111111111111111011111110000001111000111110000011111110101111111111111111111111100000000000000100000000000000000000000000      
  47     11000000000000111110000000000000000000000000000001111111111111111111111111000001111111111111111111111100000000011111111111111111                                111111111111111111000000011100000011101111111110000011111100000001111111111111111111100000000000000111111111111110000000000000      
  48     11000000000000001111000000000000000000000000000011111111111111111111111111000001111111111111111111111000000000000000000000000000                                1111111111111111000000000001000001111111111111111111111100000000000111111111111111111000000000000001111111111111100000000000001     
  49     11000000000000000111100000001000000000000000000000001111111111111111111111000001111111111111111111111000000000000000000000000000                                1111111111111110000000000000000000111011110000011111011000000000000000111011101111111000000000000001111111111111110000000000001     
  50     10000000000000000011111101111110000000000000000000001111111111111111111111000001111111111111111111111000000000000000000000000000                                1111111111111110000000000000000001111111111111001111111000000000000011111110101111111000000000000001111111111111111100000001011     
  51    100000000000000000001111000000000000000000000000000001111111111111111111111000001111111111111111111111000000000000000000000000000                                11111111111111000000000000000000111011111111111011111100000000000000010000000001111110000000000000010111111111111111000000110001    
  52    000000000000000000000111000000000000000000000000000001111111111111111111111111111111111111111111111111100000000001100000000000000                                11111111111111000000000000000000111011110111111011111100000000000000011000000000111110000000000000000000011111111001101010010111    
  53    000000000000000000000111000000000000000000000000000001100000000001111111111111111111111111111111111111110000000001100000000000000                                11111111111111000000000000000000111011100111111011001100000000000000010000000000011110000000000000000000000111110000000000111110    
  54    000000000000000000000011000000000000000000000000000001100000000001111111111111111111111111111000000000110000000001100000000000000                                11111111111110000000000000000000111111110111111011101000000000000000000000000000001111111111100000000000000000100000000000001111    
  55    000000000000000000000011000000000000000000000000000001100000000001111111111000011111111111111000000000100000000001100000000000000                                111111111111110000000000000000000001111100111100111111000000000000000000000000000011111111110000000000000000010000000000000001111   
  56   0000000000000000000000011000000000000000000000000000001100000000001111111111000011111111111111000000000000000000001100000000000000                                111111111111110000000000000000000000011110000001111111000000000000000000000000000010111110110000000000000000000000000000000000111   
  57   0000000000000000000000011000000000000000000000000000001100000000001111111111000011111111111111000000000000000000011100000000000000                                111111111111110000000000000000000000001111111111110011000000000000000000000000000000111010100000000000000000000000000000000000111   
  58   0000000000000000000000001000000000000000000000000000001100000000001111111111000011111111111111000000000000000000011100000000000000                                1111111111111110000000000000000000000011111111111111111000000000000010000000000000000001111000000000000000000000000000000000000111  
  59   0000000000000000000000000000000000000000000000000000001100000000001111111111000011111111111111000000000000000000011100000000000000                                1111111111111110000000000000000000000000101111111101111000000000000010000000000000000000011000000000000000000000000000000000000011  
  60   0000000000000000000000000000000000000000000000000000001100000000001111111111000011111111111111000000000000000000111100000000000000                                1111111111111111000000000000000000000000101111111111111100000000     0000000000000000000001000000000000000000000000000000000000001  
  61   0000000000000000000000000000000000000000000000000000000000000000001111111111111111111100000000000000000000000000111100000000000000                                11111111111111111100000000000000000000000011111011101111110           000000000000000000000000000000000000000000000000000000000011  
  62   0000000000000000000000000000000000000000000000000000000000000000000000000000000000000000000000000000000000000001111100000000000000                                1111111111111111111110000000000000000000000011111110111111              0000000000000000000000000000000000000000000000000000000010  
  63   1000000000000000000000000000000000000000000000000000000000000000000000000000000000000000000000000000000000000011111100000000000000                                11111111111111111111110000000000000000000000001010101111                 000000000000000000000000000000000000000000000000000000011  
  64   10000000000  000000000000000000000000000000000000000000000000000000000000000000000000000000000000000000000000011111100000000000000                                111111111111111111111111000000000000000000000000011111                     0000000000000000000000000000000000000000000000000000111  
  65   1000000000     0000001000000000000000000000000000000000000000000000000000000000000000000000000000000000000000111111100000000000000                                11111111111111111111     0000000000000000000000011111                       00000000000000000000000000000000000000000000000000011   
  66   11000000         00011100000000000000000000000000000000000000000000000000000000000000000000000000000000000011111111111111111111111                                111111111111111            000000000001100000011111                          000000000000001000000000000000      0000000000000011   
  67   1101000            111111111111000000000000000000000000000000000000000000000000000000000000000000000000001111111111111111111111111                                1111111111111                0000000001111011010                               0000000000001000000000               0000000000111   
  68   11111                1111111111111111111111110000000000000000000000000000000000000000000000000000000111111111111111111111111111111                                11111111111                    000000111111111                                  000000000001100000                    00000000111   
  69   111                     1111111111111111111111111111111111100000000000000000000000000000001111111111111111111111111111111111111111                                111111111                            111111                                      000000000111100                         00001111   
  70   1                         1111111111111111111111111111111111111111111111111111111111111111111111111111111      1111111111111111111                                111111                                                                                 000111                                1111   
  71                                1111111111111111111             11111111111111              1111111111                  1111111111111                                11                                                                                                                                  
seats 14859; refused 12534 DR-CLAIM, 3849 DR-ROAD, 1640 OB19, 1578 DR-KEEP, 1372 DR-ROOT

## boulder
SEATS  boulder, footprint 1x1, 2 blocks off a route  1 char = 1 block  x -148..147 across, z -72..71 down
KEY  1 the footprint seats with its minimum corner here  0 refused  space void
            -4        -3        -2        -1        -0        -9        -8        -7        -6        -5        -4        -3        -2        -1         0         1         2         3         4         5         6         7         8         9         0         1         2         3         4       
     87654321098765432109876543210987654321098765432109876543210987654321098765432109876543210987654321098765432109876543210987654321098765432109876543210123456789012345678901234567890123456789012345678901234567890123456789012345678901234567890123456789012345678901234567890123456789012345678901234567
 -72                                                                                                                                   11                                1111111111111                  1111111111              11111111111111             1111111111111111111                               
 -71    111                                 111111                                                                                 111111                                1111111111111111111      1111111111111111111111111111111111111111111111111111111111111111111111111111111                         1  
 -70    11111111                         111111111111111                                      111111                            111111111                                1111111111111111111111111111111111111111111111111111111111111111111111111111111111111111111111111111111111                     111  
 -69    11111111111                    111111111111111111                                  111111111111111                    11111111111                                1111111111111111111111111111111111111111100000000000000000000000000000111111111111111111111111111111111111111                11111  
 -68    1111111111111               1111111111111111111111                               1111111111111111111                1111111111111                                111111111111111111111111111111100000000000000000000000000000000000000000000000000000111111111111111111111111111            1111111  
 -67    1111111111111111      111111111111111111111111111111                          111111111111111111111111            111111111111111                                11111111111111111111111111000000000000000000000000000000000000000000000000000000000000000000000000111111111111111         11111111  
 -66   111111111111111111111111111111111111111111111111111111                       1111111111111111111111111111     11111111111111111111                                1111111111111111111111110000000000000000000000000000000000000000000000000000000000000000000000000000000000111111111     1111111111  
 -65   1111111111111111111111111111111111111111111111111111111                     111111111111111111111111111111111111111111111111111111                                111111111111111111111100000000000000000000000000000000000000000000000000000000000000000000000000000000000001111111111  11111111111  
 -64   111111111111111111111111111111111111111111111111111111111                 11111111111111111111111111111110001111111111111111111111                                1111111111111111111110000000000000000000000000000000000000000000000000000000000000000000000000000000000000011111111111111111111111  
 -63   1111111111111111111111111111111111111111111111111111111111              1111111111111111111111111111111100000111111111111111111111                                1111111111111111111110000000000000000000000111111111111111111111000000000000000000000000000000000000000000011111111111111111111111  
 -62   111111111111111111111111111111111111111111111111111111111111           11111111111111111111111111111111100000111111111111111111111                                1111111111111111111100000000000000001111111111111111111111111111000000000011000000000000000000000000000000011111111111111111111111  
 -61   1111111111111111111111111111111111111111111111111111111111111     1111111111111111111111111111111111111100000111111111111111111111                                1111111111111111111000000000000000001111111111111100001111111111000000000011000000000000010000000000000000111111111111111111111111  
 -60   1111111111111111111111111111111111111111111111111111111111111111111111111111111111111111111111111111111110001111111111111111111111                                1111111111111111111000000000000000001111111111111100001111111111000000000011000000000000010000000000000001111111111111111111111111  
 -59   1111111111111111111111111111111111111111111111111111111111111111111111111111111111111111111111111111111111111111111111111111111111                                1111111111111111110000000010000000001111111111111100001111111111000000000011000000000000010000000000000001111111111111111111111111  
 -58    111111111111111111111111111111111111111111111111111111111111111111111111111111111111111111111111111111111111111111111111111111111                                1111111111111111110000000010000000001111111111111100001111111111000000000011000000000000010000000000000001111111111111111111111111  
 -57    111111111111111111111111111111111111111111111111111111111111111111111111111111111111111111111111111111111111111111111111111111111                                1111111111111111110000000110000000001111111111111100001111111111000000000011000000000000010000000000000001111111111111111111111111  
 -56    111111111111111111111111111111111111111111111111111111111111111111111111111111111111111111111111111111111111111111111111111111111                                111111111111111110000000111000000000111111111111110000111111111100000000001100000000000001000000000000000111111111111111111111111   
 -55     11111111111111111111111111111111111111111111111111111111111111111111111111111111111111111111111111111111111111111111111111111111                                111111111111111110000000111000000000111111111111111111111111111100000000001100000000000001000000000000000111111111111111111111111   
 -54     11111111111111111111111111111000000000000001111111111111111111111111111111111111111111111111111111111111111111111111111111111111                                111111111111111110000000111111111111111111111111111111111111111100000000001100000000000001000000000000000111111111111111111111111   
 -53     11111111111111111111111111111000000000000001111111111111111111111111111111111111111111111111111111111111111111111111111111111111                                111111111111111110000001111111111111111111111111111111111111111111111111111100000000000000000000000000000111111111111111111111111   
 -52     11111111111111111111111111111000000000000001111111111111111111111111111111111111111111111111111111111111111111111111111111111111                                111111111111111110000001111111111111111111111111111111111111111111111111111100000000000000000000000000000111111111111111111111111   
 -51      1111111111111111111111111111000000000000001111111111111111111111111111111111111111111111111111111111111111111111111111111111111                                11111111111111111000000111111111111111111111111111111111111111111111111111110000000000000000001111111111111111111111111111111111    
 -50      1111111111111111111111111111000000000000001111111111111111111111111111111111111111111111111111111111111111111111111111111111111                                11111111111111111000000111111111111111111111111111111111111111111111111111110000000000000000001111111111111111111111111111111111    
 -49      1111111111111111111111111111000000000000001111111111111111111111111111111111111111111111111111111111111111111111111111111111111                                11111111111111111100001111111111111111111111111111111111111111111111111111111111111000000000011111111111111111111111111111111111    
 -48       111111111111111111111111111000000000000001111111111111111111111111111111110000011111111111111111111111111111111111111111111111                                11111111111111111111111111111111111111111111111111111100000000000000000000011111100000000000111111111111111111111111111111111111    
 -47       111111111111110000000000001000000000000001111111111111111111111111111111110000011111111111111111111111111111111111111111111111                                11111111111111111111111111111111111111111111111111111100000000000000000000011111000000000011111111111111111111111111111111111111    
 -46       111111111111110000000000001000000000000001111111110000000000000000000001110000011111111111111111111111111111111111111111111111                                1111111111111111111111111111111111111111111111111111110000000000000000000001110000000000011111111111111111111111111111111111111     
 -45       111111111111110000000000001111111111111111111111110000000000000000000001111000111111111111111111111111111111111111111111111111                                1111111111111111111111111111111111111111111111111111110000000000000000000001100000000001111111111111111111111111111111111111111     
 -44       111111111111110000000000001111111111111111111111110000000000000000000001111111111111111111111111111111111111111111111111111111                                1111111111111111111111111111111111111111111111111111110000000000000000000001000000000111111111111111111111111111111111111111111     
 -43      1111111111111110000000000001111111111100000000111110000000000000000000001111111111111111111111111111111111111111111111111111111                                1111111111111111111111111111111111111111111111111111110000000000000000000000000000001111111111111111111111111111111111111111111     
 -42      1111111111111110000000000001111111111000000000000000000000000000000000001111111111111111111111111111111111111111111111111111111                                11111111111111111111111111111111111111111111111111111100000000000000000000000000000111111111111111111111111111111111111111111111    
 -41      1111111111111110000000000001111111111000000000000000000000000000000000001111111111111111111111111111111111111111111111111111111                                11111111111111111111111111111111111111111111111111111100000000000000000000000000011111111111111111111111111111111111111111111111    
 -40      1111111111111110000000000001111111111000000000000000000000000000000000001111111111111111111111000111111111111111111111111111111                                11111111111111111111111111111111111111111111111111111100000000000000000000000000111111111111111111111111111111111111111111111111    
 -39      1111111111111110000000000001111111111000000000000000000000000000000000001111111111111111111110000011111111111111111111111111111                                11111111111111111100011111111111111111111111111111111100000000000000000000000001111111111111111111111111111111111111111111111111    
 -38     11111111111111110000000000001111111111111111100000000000000000000000000001111111111111111111110000011111111111111111111111111111                                111111111111111110000011111111111111111111111111111111000000000000000000000111111111111111111111111111111111111111111111111111111   
 -37     11111111111111110000000000001110000111111111111111110000000000000000000001111111111111111111110000011111111111111111111111111111                                111111111111111110000011111111111111111111111111111111000000000000000000000111111111111111111111111111111111111111111111111111111   
 -36     11111111111111110000000011111100000111111111111111110000000000000000000001111111111111111111111000111111111111111111111111111111                                111111111111111110000011111111111111111111111111111111000000000000000000000111111111111111111111111111111111111111111111111111111   
 -35     11111111111111110000000011111000000111111111111111110000000000000000000000000000011111111111111111111111111111111111111111111111                                111111111111111111000111111111111111111111111111111111000000000000000000000111111111111111111111111111111111111111111111111111111   
 -34     11111111111111110000000011111000000111111111111111110000000000000000000000000000000000011111111111111111111111111111111111111111                                1111111111111111111111111111111111111111111111111111110000000000000000000001111111111111111111111111111111111111111111111111111111  
 -33    111111111111111110000000011110000000111111111111111110000000000000000000000000000000000000001111111111111111111111111111111111111                                1111111111111111111111111111111111111111111111111111110000000000000000000101111111111111111111111111111111111111111111111111111111  
 -32    111111111111111110000000011110000001111111111111111110000000000000000000000000000000000000000001111111111111111111111111111111111                                1111111111111111111111111111111111111111111111111100000000000000000000001111111111111111111111111111111111111111111111111111111111  
 -31    111111111111111110000000011100000001111111111111111110000000000000000000000000000000000000000000001111111111111111111111111111111                                1111111111111111111111111111111111111111111111000000000000000000000000000000111111111111111111111111111111111111111111111111111111  
 -30    111111111111111111111111111000000011111111111111111110000000000000000000000000000000000000000000000000011111111111111111111111111                                11111111111111111111111111111111111111111110000000000000000000000000000000000111111111111111111111111111111111111111111111111111111 
 -29    111111111111111111111111110000000011111111111111111110000000000000000000001111110000000000000000000000000000011111111111111111111                                11111111111111111111111111111111111111100000000000000000000000000000000000000011111111111111111111111111111111111111111111111111111 
 -28    111111111111111111111111110000000111111111111111111110000000000000000000001111111111110000000000000000000000000000000000000000111                                11111111111111111111111111111111111000000000000000000000000000000000000000000001111111111111111111111111111111111111111111111111111 
 -27   1111111111111111111111111000000001111111111111111111100000000000000000000001111111111111110000000000000000000000000000000000000011                                11111111111111111111111111111110000000000000000000000000111111111111111000000000111111111111111111111111111111111111111111111111111 
 -26   1111111111111111111111110000000001111111111111111111000000000000000000000001111111111111111110000000000000000000000000000000000011                                11111111111111111111111111100000000000000000000000000111111111111111111100000000011111111111111111111111111111111111111111111111111 
 -25   1111111111111111111111100000000011111111111111111110000000001111111111111111111111111111111111111000000000000000000000000000000011                                11111111111111111111110000000000000000000000000001111111111111111111111110000000001111111111111111111111111111111111111111111111111 
 -24   1111111111111111111111000000000111111111111111111100000000011111111111111111111111111111111111111111100000000000000000000000000011                                11111111111111110000000000000000000000000000011111111111111111111111111111000000001111111111111111111111111111111111111111111111111 
 -23   1111111111111111111110000000001111111111111111111100000000111111111111111111111111111111111111111111111111110000000000000000000111                                11100000000000000000000000000000000000000111111111111111111111111111111111100000000111111111111111111111111111111111111111111111111 
 -22  11111111111111111111100000000011111111111111111111000000000111111111111111111111111111111111111111111111111111111111111111111111111                                11000000000000000000000000000000000000111111111111111111111111111111111111110000000011111111111111111111111111111111111111111111111 
 -21  11111111111111111110000000000111111111111111111110000000001111111111111111111111111111111111111111111111111111111111111111111111111                                110000000000000000000000000000000011111111111111111111111111111111111111111100000000111111111111111111111111111111111111111111111111
 -20  11111111111111111100000000011111111111111111111110000000011111111111111111111111111111111111111111111111111111111111111111111111111                                110000000000000000000000000000111111111111111111111111111111111111111111111110000000011111111111111111111111111111111111111111111111
 -19  11111111111111111000000000111111111111111111111100000000111111111111111111111111111111111111111111110000000000000000001111111111111                                110000000000000000000000111111111111111111111111111111111111111111111111111111000000011111111111111111111111111111111111111111111111
 -18  11111111111111110000000001111111111111111111111000000001111111111111111111111111111111111111111111000000000000000000000000001111111                                111000000000000000111111111111111111111111111111111111111111111111111111111111000000001111111111111111111111111111111111111111111111
 -17 111111111111111100000000011111111111111111111111000000001111111111111111111111111111111111111111100000000000000000000000000000001111                                111111111111111111111111111111111111111111111111111111111111111111111111111111100000001111111111111111111111111111111111111111111111
 -16 111111111111110000000000111111111111111111111110000000011111111111111111111111111111111111111110000000000000000000000000000000000111                                111111111111111111111111111111111111111111111111111111111111111111111111111111100000000111111111111111111111111111111111111111111111
 -15 111111111111100000000011111111111111111111111110000000111111111111111111111111111111111111111100000000000000000000000000000000000111                                111111111111111111111111111111111111111111111111111111111111111111111111111111110000000011111111111111111111111111111111111111111111
 -14 000000000000000000000001111111111111111111111100000000111111111111111111111111111111111111111000000000000000000000000000000000000111                                111111111111111111111111111100011111111111111111111111111111111111111111111111110000000011111111111111111111110000000000000100000000
 -13 000000000000000000000001111111111111111111111100000001111111111111111111111111111111111111110000000000001111111111111000000000000111                                111111111111111111111111100000000111111111111111111111111111111111111111111111111000000001111111111111111111110000000000000000000000
 -12 000000000000000000000001111111111111111111111000000001111111111111111111111111111111111111100000000000111111111111111111110000001111                                111111111111111111110000000000000011111111111111111111111111111111111111111111111100000001111111111111111111110000000000000000000000
 -11 000000000000000000000001111111111111111111110000000011111111111111111111111111111111111111000000000011111111111111111111111111111111                                111111111111111111110000000000000011111111111111111111111111111111111111111111111100000000111111111111111111110000000000000000000000
 -10 000000000000000000000001111111111111111111110000000011111111111111111111111111111111111110000000000110001111111111111111111111111111                                111111111111111111100000000000000011111111111111111111111111111111111111111111111110000000111111111111111111110000000000000000000000
  -9 000000000000000000000000000000000000001111100000000111111111111111111111111111111111111100000000011000000011111111111111111111111111                                111111111111111111100000000000000001111111111111111111111111111111111111111111111110000000011110000000000000000000000000000000000000
  -8 000000000000000000000000000000000000001111100000001111111111111111111111111111111111111100000000110000000000111111111111111111111111                                111111111111111111000000000000000001111111111111111111111111111111111111111111111111000000011110000000000000000000000000000000000000
  -7 000000000000000000000000000000000000001111000000001111111111111111111111111111111111111000000001110000000000001111111111111111111111                                111111111111111110000000000000000000111111111111111111111111111111111111111111111111000000001110000000000000000000000000000000000000
  -6 000000000000000000000000000000000000001111000000011111111111111111111111111111111111111000000011110000000000000011111111111111111111                                111111111111111110000000000000000000111111111100000000000000000000000000000000000000100000001110000000000000000000000000000000000000
  -5 000000000000000000000000000000000000001110000000011111111111111111111111111111111111110000000011100000000000000001111111111111111111                                111111111111111100000000000000000000111111110000000000000000000000000000000000000000000000000000000000000000000000000000000000000000
  -4 000000000000000000000000000000000000001110000000111111111111111111111111111111111111110000000111100000000000000000111111111111111111                                111111111111111100000000000000000000011111100000000000000000000000000000000000000000000000000000000000000000000000000000000000000000
  -3 000000000000000000000000000000000000001100000000111111111111111111111111111111111111100000000111000000000000000000111111111111111111                                111111111111111100000000000000000000011111000000000000000000000000000000000000000000000000000000000000000000000000000000000000000000
  -2 000000000000000000000000000000000000001100000001111111111111111111111111111111111111100000001110000000000000000000111111111111111111                                111111111111111100000000000000000000001110000000000000000000000000000000000000000000000000000000000000000000000000000000000000000000
  -1 000000000000000000000000000000000000000000000000001111111111111111111111111111111110000000001110000000000000000000011111111111111111                                111111111111111110000000000000000000001110000000000000000000000000000000000000000000000000000000000000000000000000000000000000000000
   0 000000000000000000000000000000000000000000000000000000000000000000000000000000000000000000011100000000000000000000011111111111111111                                111111111111111110000000000000000000011100000000011111111111111111111111111111111100000000000000000000000000000000000000000000000000
   1 000000000000000000000000000000000000000000000000000000000000000000000000000000000000000000011100000000000000000000001111111111111111                                111111111111111111000000000000000000011100000001111111111111111111111111111111111111100000001110000000000000000000000000000000000000
   2 000000000000000000000000000000000000000000000000000000000000000000000000000000000000000000111110000000000000000000001111111111111111                                111111111111111111000000000000000000111000000001111111111111111111111111111111111111000000001110000000000000000000000000000000000000
   3 000000000000000000000000000000000000000000000000000000000000000000000000000000000000000001111110000000000000000000001111111111111111                                111111111111111111000000000000000001111000000011111111111111111111111111111111111111000000011110000000000000000000000000000000000000
   4 000000000000000000000000000000000000000000000000000000000000000000000000000000000000000011111111000000000000000000001111111111111111                                111111111111111111100000000000000001110000000011111111111111111111111111111111111110000000011110000000000000000000000000000000000000
   5 000000000000000000000000000000000000001100000001000000000000000000000000000000000000001111111111000000000000000000011111111111111111                                111111111111111111110000000000000011110000000111111111111111111111111111111111111110000000111110000000000000000000000000000000000000
   6 000000000000000000000000000000000000001100000000111111111111111111111111111111111111111111111111000000000000000000011111111111111111                                111111111111111111111100000000000011100000000111111111111111111111111111111111111100000000111110000000000000000000000000000000000000
   7 000000000000000000000000000000000000001110000000111111111111111111111111111111111111111111111111100000000000000000111111111111111111                                111111111111111111111111000000000011000000001111111111111111111111111111111111111100000001111110000000000000000000000000000000000000
   8 000000000000000000000000000000000000001110000000011111111111111111111111111111111111111111111111100000000000000001111111111111111111                                111111111111111111111111110000000110000000001111111111111111111111111111111111111000000001111110000000000000000000000000000000000000
   9 000000000000000000000000000000000000001111000000011111111111111111111111111111111111111111111111110000000000000001111111111111111111                                111111111111111111111111111100011000000000011111111111111111111111111111111111110000000011111110000000000000000000000000000000000000
  10 000000000000000000000001111111111111111111000000001111111111111111111111111111111111111111111111110000000000000011111111111111111111                                111111111111111111111111111111110000000000111111111111111111111111111111111111110000000011111111111111111111110000000000000000000000
  11 000000000000000000000001111111111111111111100000001111111111111111111111111111111111111111111111110000000000000011111111111111111111                                111100000011111111111111111111000000000001111111111111111111111111111111111111100000000111111111111111111111110000000000000000000000
  12 000000000000000000000001111111111111111111100000000111111111111111111111111111111111111111111111111000000001111111111111111111111111                                111000000000000111111111111100000000000011111111111111111111111111111111111111100000001111111111111111111111110000000000000000000000
  13 000000001000000000000001111111111111111111110000000011111111111111111111111111111111111111111111111110001111111111111111111111111111                                111000000000000000000000000000000000000111111111111111111111111111111111111111000000001111111111111111111111110000000000000000000000
  14 000001111111000000100001111111111111111111110000000011111111111111111111111111111111111111111111111111111111111111111111111111111111                                111000000000000000000000000000000000001111111111111111111111111111111111111111000000011111111111111111111111110000000000000000000000
  15 111111111111111111111111111111111111111111111000000001111111111111111111111111111111111111111111111111111111111111111111111111111111                                111000000000000000000000000000000000011111111111111111111111111111111111111110000000011111111111111111111111000000000011111111111111
  16 111111111111111111111111111111111111111111111100000001111111111111111111111111111111111111111111111111111111111111111111111111111111                                111100000000000000000000000000000001111111111111111111111111111111111111111100000000111111111111111111111110000000001111111111111111
  17 111111111111111111111111111111111111111111111100000000111111111111111111111111111111111111111111111111111111111111000000000000000111                                11111110000000000000000000000000011111111111111111111111111111111111111111110000000011111111111111111111110000000001111111111111111 
  18 111111111111111111111111111111111111111111111110000000111111111111111111111111111111111111111111111111111111000000000000000000000011                                11111111111110000000000000000001111111111111111111111111111111111111111111100000000111111111111111111111100000000011111111111111111 
  19 111111111111111111111111111111111111111111111110000000011111111111111111111111111111111111111111111111000000000000000000000000000011                                11111111111111111111111111111111111111111111111111111111111111111111111111000000001111111111111111111111000000000111111111111111111 
  20 111111111111111111111111111111111111111111111111000000001111111111111111111111111111111111111111110000000000000000000000000000000011                                11111111111111111111111111111111111111111111111111111111111111111111111110000000001111111111111111111100000000001111111111111111111 
  21  11111111111111111111111111111111111111111111111000000001111111111111111111111111111111111111100000000000000000000000000000000000011                                11111111111111111111111111111111111111111111111111111111111111111111111100000000011111111111111111111000000000111111111111111111111 
  22  11111111111111111111111111111111111111111111111100000000111111111111111111111111111111111100000000000000000000000000000000000000111                                1110000000000000000000111111111111111111111111111111111111111111111111110000000011111111111111111111000000000111111111111111111111  
  23  11111111111111111111111111111111111111111111111110000000011111111111111111111111111111000000000000000000000000000001111111111111111                                1100000000000000000000000000011111111111111111111111111111111111111111100000000011111111111111111110000000001111111111111111111111  
  24  11111111111111111111111111111111111111111111111110000000001111111111111111111111110000000000000000000000000001111111111111111111111                                1100000000000000000000000000000001111111111111111111110000000000000000000000000111111111111111111100000000011111111111111111111111  
  25  11111111111111111111111111111111111111111111111111000000000111111111111111111100000000000000000000000000111111111111111111111111111                                1100000000000000000000000000000000000111111111111111110000000000000000000000001111111111111111111000000000111111111111111111111111  
  26  11111111111111111111111111111111111111111111111111100000000000000000000000000000000000000000000000001111111111111111111111111111111                                1100000000000000000000000000000000000000111111111111110000000000000000000000011111111111111111111000000001111111111111111111111111  
  27  11111111111111111111111111111111111111111111111111110000000000000000000000000000000000000000000011111111111111111111111111111111111                                111000000000000000000000000000000000000000011111111111000000000000000000000011111111111111111111000000011111111111111111111111111   
  28  11111111111111111111111111111111111111111111111111111000000000000000000000000000000000000000111111111111111111111111111111111111111                                111111111111111111110000000000000000000000000000011111000000000000000000000111111111111111111110000000011111111111111111111111111   
  29  11111111111111111111111111111111111111111111111111111100000000000000000000000000000000001111111111111111111111111111111111111111111                                111111111111111111111111110000000000000000000000000000000000000000000000000111111111111111111110000000111111111111111111111111111   
  30   1111111111111111111111111111111111111111111111111111110000000000000000000000000000001111111111111111111111111111111111111111111111                                111111111111111111111111111111100000000000000000000000000000000000000000000111111111111111111100000001110000000011111111111111111   
  31   1111111111111111111111111111111111111111111111111111111111000000000000000000000011111111111111111111111111111111111111111111111111                                111111111111111111111111111111111100000000000000000000000000000000000000000111111111111111111100000011110000000011111111111111111   
  32   1111111111111111111111111111111111111111111111111111110010000000000000000000111111111111111111111111111111111111111111111111111111                                111111111111111111111111111111111111100000000000000000000000000000000000000111111111111111111000000011110000000011111111111111111   
  33   1111111111111111111111111111111111111111111111111111110000000000000000000001111111111111111111111111111111111111111111111111111111                                11111111111111111111111111111111111111111000000000000000000000000000000000011111111111111111100000011111000000001111111111111111    
  34    111111111111111111111111111111111111111111111111111110000000000000000000001111111111111111111111111111111111000111111111111111111                                11111111111111111111111111111111111111111111111000000000000000000000000000011111111111111111100000011111000000001111111111111111    
  35    111111111111111111111111111111111111111111111111111110000000000000000000001111111111111111111111111111111110000011111111111111111                                11111111111111111111111111111100011111111111111111111100000000000000000000011111111111111111100000111111000000001111111111111111    
  36    111111111111111111111111111111111111111111111111111110000000000000000000001111111111111111111111111111111110000011111111111111111                                11111111111111111111111111111000001111111111111111111100000000000000000000011111111111111111100001110000000000001111111111111111    
  37    111111111111111111111111111111111111111111111111111110000000000000000000001111111111111111111111111111111110000011111111111111111                                11111111111111111111111111111000001111111111111111111100000000000000000000000000000111111111111111110000000000001111111111111111    
  38     11111111111111111111111111111111111111111111111110000000000000000000000001111111111111111111111111111111111000111111111111111111                                1111111111111111111111111111100000111111111111111111110000000000000000000000000000000000001111111111000000000000111111111111111     
  39     11111111111111111111111111111111111111111111111100000000000000000000000001111111111111111111111111111111111111111111111111111111                                1111111111111111111111111111110001111111111111111111110000000000000000000000000000000000001111111111000000000000111111111111111     
  40     11111111111111111111111111111111111111111111111000000000000000000000000001111111111111111111111111111111111111111111111111111111                                1111111111111111111111111111111111111111111111111111110000000000000000000000000000000000001111111111000000000000111111111111111     
  41     11111111111111111111111111111111111111111111100000000000000000000000000001111111111111111111111111111111111111111111111111111111                                1111111111111111111111111111111111111111111111111111110000000000000000000001000000000000001111111111000000000000111111111111111     
  42      1111111111111111111111111111111111111111111000000000000000000000000000001111111111111111111111111111111111111111111111111111111                                1111111111111111111111111111111111111111111111111111110000000000000000000001111110000000011111111111000000000000111111111111111     
  43      1111111111111111111111111111111111111111110000000000000000000000000000001111111111111111111111111111111111111111111111111111111                                111111111111111111111111111111111111111111111111111111000000000000000000000111111111111111111111111100000000000011111111111111      
  44      1111111111111111111111111111111111111111000000000010000000000000000000001111111111111111111111111111111111111111111111111111111                                111111111111111111111111111111111111111111111111000111000000000000000000000111111111111111111111111100000000000011111111111111      
  45      1111111111111111111111111111111111111100000000000110000000000000000000001111111111111111111111111111111111111111111111111111111                                111111111111111111111111111111111111111111111110000011111111111111111111111111111111100000000000000100000000000011111111111111      
  46     11111111111111111111111111111111111111000000000011110000000000000000000001111111111111111111111111111111111111111111111111111111                                111111111111111111111111111111111111111111111110000011111111111111111111111111111111100000000000000100000000000011111111111111      
  47     11111111111111111111111111111111111100000000000111111111111111111111111111111111111111111111111111111111111111111111111111111111                                111111111111111111111111111111111111111111111110000011111111111111111111111111111111100000000000000111111111111111111111111111      
  48     11111111111111111111111111111111111000000000011111111111111111111111111111111111111111111111111111111111110000111111111111111111                                1111111111111111111111111111111111111111111111111111111111111111111111111111111111111000000000000001111111111111111111111111111     
  49     11111111111111111111111111111111110000000000000000001111111111111111111111111111111111111111111111111111100000011111111111111111                                1111111111111111111111111111111111111111111111111111111111111111111111111111111111111000000000000001111111111111111111111111111     
  50     11111111111111111111111111111111110000000000000000001111111111111111111111111111111111111111111111111111100000011111111111111111                                1111111111111111111111111111111111111111111111111111111111111111111111111111111111111000000000000001111111111111111111111111111     
  51    111111111111111111111111000000000000000000000000000001111111111111111111111111111111111111111111111111111100000011111111111111111                                11111111111111111111111111111111111111111111111111111111111111111111111111111111111110000000000000011111111111111111111111111111    
  52    111111111111111111111111000000000000000000000000000001111111111111111111111111111111111111111111111111111100000011111111111111111                                11111111111111111111111111111111111111111111111111111111111111111111111111111111111110000000000000011111111111111111111111111111    
  53    111111111111111111111111000000000000000100000000000001100000000001111111111111111111111111111111111111111000000011111111111111111                                11111111111111111111111111111111111111111111111111111111111111111111111111111111111110000000000000011111111111111111111111111111    
  54    111111111111111111111111000000000000000100000000000001100000000001111111111111111111111111111000000000111000000011111111111111111                                11111111111111111111111111111111111111111111111111111111111111111111111111111111111111111111111111111111111111111111111111111111    
  55    111111111111111111111111000000000000000100000000000001100000000001111111111000011111111111111000000000111000000011111111111111111                                111111111111111111111111111111111111111111111111111111111111111111111111111111111111111111111111111111111111111111111111111111111   
  56   1111111111111111111111111000000000000000100000000000001100000000001111111111000011111111111111000000000110000000111111111111111111                                111111111111111111111111111111111111111111111111111111111111111111111111111111111111111111111111111111111111111111111111111111111   
  57   1111111111111111111111111000000000000000100000000000001100000000001111111111000011111111111111000000000100000000111111111111111111                                111111111111111111111111111111111111111111111111111111111111111111111111111111111111111111111111111111111111111111111111111111111   
  58   1111111111111111111111111000000000000000100000000000001100000000001111111111000011111111111111000000000100000000111111111111111111                                1111111111111111111111111111111111111111111111111111111111111111111111111111111111111111111111111111111111111111111111111111111111  
  59   1111111111111111111111111000000000000000100000000000001100000000001111111111000011111111111111000000000000000001111111111111111111                                1111111111111111111111000111111111111111111111111111111111111111111111111111111111111111111111111111111111111111111111111111111111  
  60   1111111111111111111111110000000000000000100000000000001100000000001111111111000011111111111111000000000000000001111111111111111111                                1111111111111111111110000011111111111111111111111111111111111111     1111111111111111111111111111111111111111111111111111111111111  
  61   1111111111111111111111100000000000000000000000000000001100000000001111111111111111111111111111000000000000000011111111111111111111                                11111111111111111111100000111111111111111111111111111111111           111111111111111111111111111111111111111111111111111111111111  
  62   1111111111111111111111100000000000000000000000000000000000000000001111111111111111111110000000000000000000000111111111111111111111                                1111111111111111111110000011111111111111111111111111111111              1111111111111111111111111111111111111111111111111111111111  
  63   1111111111111111111111100000000000000000000000000000000000000000000000000000000000000000000000000000000000000111111111111111111111                                11111111111111111111110001111111111111111111111111111111                 111111111111111111111111111111111111111111111111111111111  
  64   11111111111  111111111100000000000000000000000000000000000000000000000000000000000000000000000000000000000001111111111111111111111                                111111111111111111111111111111111111111111111111111111                     1111111111111111111111111111111111111111111111111111111  
  65   1111111111     1111111110000000000000000000000000000000000000000000000000000000000000000000000000000000000111111111111111111111111                                11111111111111111111     1111111111111111111111111111                       11111111111111111111111111111111111111111111111111111   
  66   11111111         11111111111111100000000000000000000000000000000000000000000000000000000000000000000000011111111111111111111111111                                111111111111111            111111111111111111111111                          111111111111111111111111111111      1111111111111111   
  67   1111111            111111111111111111111111111000000000000000000000000000000000000000000000000000001111111111111111111111111111111                                1111111111111                1111111111111111111                               1111111111111111111111               1111111111111   
  68   11111                1111111111111111111111111111111111111110000000000000000000000000000011111111111111111111111111111111111111111                                11111111111                    111111111111111                                  111111111111111111                    11111111111   
  69   111                     1111111111111111111111111111111111111111111111111111111111111111111111111111111111111111111111111111111111                                111111111                            111111                                      111111111111111                         11111111   
  70   1                         1111111111111111111111111111111111111111111111111111111111111111111111111111111      1111111111111111111                                111111                                                                                 111111                                1111   
  71                                1111111111111111111             11111111111111              1111111111                  1111111111111                                11                                                                                                                                  
seats 24496; refused 6128 DR-CLAIM, 1990 DR-ROAD, 1640 OB19, 1578 DR-KEEP

## house
SEATS  house, footprint 9x7, no route standoff  1 char = 1 block  x -148..147 across, z -72..71 down
KEY  1 the footprint seats with its minimum corner here  0 refused  space void
            -4        -3        -2        -1        -0        -9        -8        -7        -6        -5        -4        -3        -2        -1         0         1         2         3         4         5         6         7         8         9         0         1         2         3         4       
     87654321098765432109876543210987654321098765432109876543210987654321098765432109876543210987654321098765432109876543210987654321098765432109876543210123456789012345678901234567890123456789012345678901234567890123456789012345678901234567890123456789012345678901234567890123456789012345678901234567
 -72                                                                                                                                   00                                0000000000000                  0000000000              00000000000000             0000000000000000000                               
 -71    000                                 000000                                                                                 000000                                1100000000000000000      0000000000000000000000000000000000000000000000000000000000000000000000000000000                         0  
 -70    00000000                         000000000000000                                      000000                            000000000                                0000000000000000000000000000000000000000000000000000000000000000000000000000000000000000000000000000000000                     000  
 -69    00000000000                    000000000000000000                                  000000000000000                    00000000000                                0000000000000000000000000000000000000000000000000000000000000000000000000000000000000000000000000000000000000                00000  
 -68    0000000000000               0000000000000000000000                               0000000000000000000                0000000000000                                000000000000000000000000000000000000000000000000000000000000000000000000000000000000000000000000000000000000000            0000000  
 -67    0000000000000000      000000000000000000000000000000                          000000000000000000000000            000000000000000                                00000000000000000000000000000000000000000000000000000000000000000000000000000000000000000000000000000000000000000         00000000  
 -66   000000000000000000000000000000000000000000000000000000                       0000000000000000000000000000     00000000000000000000                                0000000000000000000000000000000000000000000000000000000000000000000000000000000000000000000000000000000000000000000     0000000000  
 -65   0000000000000000000000000000000000000000000000000000000                     000000000000000000000000000111100000000000000000000000                                000000000000000000000000000000000000000000000000000000000000000000000000000000000000000000000000000000000000000000000  00000000000  
 -64   000000000000000000000000000000000000000000000000000000000                 00000000000000000000000000000000000000000000000000000000                                0000000000000000000000000000000000000000000000000000000000000000000000000000000000000000000000000000000000000000000000000000000000  
 -63   0000000000000000000000000000000000000000000000000000000000              0000000000000000000000000000000000000000000000000000000000                                1100000000000000000000000000000000000000000000000000000000000000000000000000000000000000000000000000000000000000000000000000000000  
 -62   000000000000000000000000000000000000000000000000000000000000           00000000000000000000000000000000000000000000000000000000000                                1100000000000000000000000000000000001111110000000000001100000000000000000000000000000000000000000000000000000000000000000000000000  
 -61   0000000000000000000000000000000000000000000000000000000000000     0000000000000000000000000000000000000000000000000000000100000000                                1100000000000000000000000000000000001111110000000000001100000000000000000000000000000000000000000000000000000000000000000000000000  
 -60   0000000000000000000000000000000000000000000000000000000000001110000000000000000000000000000000000000000000000000000000001100000000                                1100000000000000000000000000000000001111110000000000001100000000000000000000000000000000000000000000000000000000000000000000000000  
 -59   0000000000000000000000000000000000000000000000000000000000000000000000000000000000000000000000000000000000000000000000001100000000                                1100000000000000000000000000000000001111110000000000001100000000000000000000000000000000000000000000000000000000000000000000000000  
 -58    000000000000000000000000000000000000000000000000000000000000000000000000000000111100000000000000000000000000000000000001100000000                                1100000000000000000000000000000000001111100000000000001100000000000000000000000000000000000000000000000000000000000000000000000000  
 -57    000000000000000111111100000000000000000000001000000000000000000000000000000011111100010000000000000000000000011100000001100000000                                1100000000000000000000000000000000001111100000000000001100000000000000000000000000000000000000000000000000000000000000000000000000  
 -56    000000000000011111111100000000000000000000001100000000000000000000000000000111111100010000000000000001111111111100000001100000000                                110000000000000000000000000000000000111110000000000000110000000000000000000000000000000000000000000000000000000000000000000000000   
 -55     00000000000111111111100000000000000000000001111000000000000000000000000011111111100000000000000000001111111111100000001100000000                                110000000000000000000000000000000000111110000000000000110000000000000000000000000000000000000000000000000000000000000000000000000   
 -54     00000000000111111111100000000000000000000001111100000000000000000000000111111110000000000000000000001111111111100000001100000000                                110000000000000000000000011111111111111110000000000000000000000000000000000000000000000000000000000000000000000000000000000000000   
 -53     00000000000000000000000000000000000000000001111111000000000000000000000111111000000000000000000000001111111111100000001100000000                                110000000000000000000000011111111111111110000000000000000000000000000000000000000000000000000000000000000000000000000000000000000   
 -52     00000000000000000000000000000000000000000001000000000000000000000000000001110000000000000000000000011111111111100000001100000000                                110000000000000000000000011111111111111110000000000000000000000000000000000000000000000000000000000000000000000000000000000000000   
 -51      0000000000000000000000000000000000000000001000000000000000000000000000001100000000000000000000000011111111111100000001100000000                                11000000000000000000000001111111111111111000000000000000000000000000000000000000000000000000011100000000000000000000000000000000    
 -50      0000000000000000000000000000000000000000001000000000000000000000000000001100000000000000000000000011111111111100000001100000000                                11000000000000000000000001111111111111111000000000000000000000000000000000000000000000000000111100000000000000000000000000000000    
 -49      0000000000000000000000000000000000000000001000000000000000000000000000001100000000000000000000000111111111111100000001100000000                                11000000000000000000000001111111111111111000000000000000000000000000000000000000000000000001111100000000000000000000000000000000    
 -48       000000000000000000000000000000000000000000000000000000000000000000000001100000000000000000000000111111111111100000001100000000                                11000000000000000000000001111111111111111000000000000000000000000000000000000000000000000111111100000000000000000000000000000000    
 -47       000000000000000000000000000000000000000000000000000000000000000000000000000000000000000000000001111111111111100000001100000000                                11000000000000000000000001111111111111111000000000000000000000000000000000000000000000001111111100000000000000000000000000000000    
 -46       000000000000000000000000000000000000000000000000000000000000000000000000000000000000000000000011111111111111100000001100000000                                1100000000000000000000000111111111111111111111000000000000000000000000000000000000000011111111110000000000000000000000100000000     
 -45       000000000000000000000000001110000000000000000000000000000000000000000000000000000000000000001111111111111111100000001100000000                                1100000000000000000000000111111111111111111111000000000000000000000000000000000000001111111111110000000000000000000000100000000     
 -44       000000000000000000000000001110000000000000000000000000000000000000000000000000000000000000111111111111111111100000001100000000                                1100000001111111111111111111111111111111111111000000000000000000000000000000000000011111111111110000000000000000000000000000000     
 -43      0000000000000000000000000001110000000000000000000000000000000000000000000000000000000000011111111111111111111100000001100000000                                1100000001111111111111111111111111111111111111000000000000000000000000000000000000111111111111110000000000000000000000000000000     
 -42      0000000000000000000000000000000000000000000000000000000000000000000000000000000000000001111111111111111111111100000001100000000                                11000000011111111111111111111111111111111111110000000000000000000000000000000000111111111111111100000000000000000000000000000000    
 -41      0000000000000000000000000000000000000000000000000000000000000000000000000000000000000111111111111111111111111100000001100000000                                11000000011111111111111111111111111111111111110000000000000000000000000000000001111111111111111100000000000000000000000000000000    
 -40      0000000000000000000000000000000000000000000000000000000000000000000000000000000001111111111111111111111111111100000001100000000                                11000000011111111111111111111111111111111111110000000000000000000000000000000011111111111111111100000000000000000000000000000000    
 -39      0000000000000000000000000000000001111000000000000000000000000000000000000000000000000111111111111111111111111100000001100000000                                11000000011111111111111111111111111111111111110000000000000000000000000000011111111111111111111111111111111111100000000000000000    
 -38     10000000000000000000000000000000001111111111000000000000000000000000000000000000000000000011111111111111111111100000001100000000                                110000000111111111111111111111111111111111111100000000000000000000000000000111111111111111111111111111111111111100000000000000000   
 -37     10000000000000000000000000000000001111111111000000000000000000000000000000000000000000000000011111111111111111100000001100000000                                110000000111111111111111111111111111111111100000000000000000000000000000000111111111111111111111111111111111111100000000000000000   
 -36     10000000000000000000000000000000001111111111000000000000000000000000000000000000000000000000000011111111111111100000001100000000                                110000000111111111111111111111111111111000000000000000000000000000000000000111111111111111111111111111111111111100000000000000000   
 -35     10000000000000000000000000000000001111111111000000000000000000000000000000000000000000000000000000000111111111100000001100000000                                110000000111111111111111111111111111000000000000000000000000000000000000000011111111111111111111111111111111111100000000000000000   
 -34     10000000000000000000000000000000001111111111000000000000000000000000000000000000000000000000000000000000000111100000001100000000                                1100000001111111111111111111111100000000000000000000000000000000000000000000011111111111111111111111111111111111100000000000000000  
 -33    000000000000000000000000000000000011111111111000000000000000000000000000000000000000000000000000000000000000000000000000000000000                                1100000001111111111111111111000000000000000000000000000000000000000000000000001111111111111111111111111111111111100000000000000000  
 -32    000000000000000000000000000000000011111111111000000000000000000000000000000000000000000000000000000000000000000000000000000000000                                1100000001111111111111110000000000000000000000000000000000000000000000000000000111111111111111111111111111111111100000000000000000  
 -31    000000000000000000000000000000000111111111110000000000000000000000000000000000000000000000000000000000000000000000000000000000000                                1100000001111111111100000000000000000000000000000000000000000000000000000000000011111111111111111111111111111111100000000000000000  
 -30    000000000000111000000000000000000111111111100000000000000000000000000000000000000000000000000000000000000000000000000000000000000                                11000000011111100000000000000000000000000000000000000000000000000000000000000000011111111111111111111111111111111100000000000000000 
 -29    000000000000110000000000000000001111111111000000000000000000000000000000001111100000000000000000000000000000000000000000000000000                                11000000000000000000000000000000000000000000000000000000000000000000000000000000011111111111111111111111111111111100000000000000000 
 -28    000000000000100000000000000000011111111111000000000000000000000000000000001111111100000000000000000000000000000000000000000000000                                00000000000000000000000000000000000000000000000000000000000000000000000000000000001111111111111111111111111111111100000000000000000 
 -27   0000000000000000000000000000000011111111110000000000000000000000000000000001111111111100000000000000000000000000000000000000000000                                00000000000000000000000000000000000000000000000000001111111111111000000000000000000111111111111111111111111111111100000000000000000 
 -26   0000000000000000000000000000000111111111100000000000000000000000000000000001111111111111110000000000000000000000000000000000000000                                00000000000000000000000000000000000000000000000011111111111111111100000000000000000111111111111111111111111111111100000000000000000 
 -25   0000000000000000000000000000001111111111100000000000000000111111111111111111111111111111111111000000000000000000000000000000000000                                00000000000000000000000000000000000000000000111111111111111111111110000000000000000011111111111111111111111111111100000000000000000 
 -24   0000000000000000000000000000011111111111000000000000000001111111111111111111111111111111111100000000000000000000000000000000000000                                00000000000000000000000000000000000000001111111111111111111111111111000000000000000011111111111111111111111111111100000000000000000 
 -23   0000000000000000000000000000111111111110000000000000000001111111111111111111111111111111110000000000000000000000000000000000000000                                00000000000000000000000000000000000001111111111111111111111111111111100000000000000001111111111111111111111111111100000000000000000 
 -22  00000000000000000000000000001111111111110000000000000000011111111111111111111111111111111000000000000000000000000000000000000000000                                00000000000000000000000000000000011111111111111111111111111111111111100000000000000001111111111111111111111111111100000000000000000 
 -21  00000000000000000000000000111111111111100000000000000000111111111111111111111111111111100000000000000000000000000000000000000000000                                000000000000000000000000000001111111111111111111111111111111111111111100000000000000001111111111111111111111111111100000001000000000
 -20  00000000000000000000000001111111111111100000000000000001111111111111111111111111111111000000000000000000000000000000000000000000000                                000000000000000000000000000000011111111111111111111111111111111111111110000000000000000111111111111111000000000000000000000000000000
 -19  00000000000000000000000011111111111111000000000000000011111111111111111111111111111110000000000000000000000000000000000000000000000                                000000000000000000000000000000000111111111111111111111111111111111111110000000000000000111111111111111000000000000000000000000000000
 -18  00000000000000000000000111111111111111000000000000000011111111111111111111111111111100000000000000000000000000000000000000000000000                                110000000111000000000000000000000011111111111111111111111111111111111111000000000000000011111111111111000000000000000000000000000000
 -17 000000000000000000000001111111111111110000000000000000111111111111111111111111111111000000000000000000000000000000000000000000000000                                110000000111000000000000000000000011111111111111111111111111111111111111000000000000000011111111111111000000000000000000000000000000
 -16 000000000000000000000001111111111111100000000000000001111111111111111111111111111110000000000000000000000000000000000000000000000000                                110000000110000000000000000000000011111111111111111111111111111111111111100000000000000001111111111111000000000000000000000000000000
 -15 000000000000000000000000000000000000000000000000000001111111111111111111111111111100000000000000000000000000000000000000000000000000                                110000000110000000000000000000000001111111111111111111111111111111111111100000000000000000000000000000000000000000000000000000000000
 -14 000000000000000000000000000000000000000000000000000011111111111111111111111111111000000000000000000000000000110000000000000000000000                                110000000100000000000000000000000001111111111111111111111111111111111111110000000000000000000000000000000000000000000000000000000000
 -13 000000000000000000000000000000000000000000000000000011111111111111111111111111111000000000000000000000000000001111100000000000000000                                110000000000000000000000000000000000111111111111111111111111111111111111111000000000000000000000000000000000000000000000000000000000
 -12 000000000000000000000000000000000000000000000000000111111111111111111111111111110000000000000000000000000000000011100000001100000000                                110000000000000000000000000000000000111111111111111111111111111111111111111000000000000000000000000000000000000000000000000000000000
 -11 000000000000000000000000000000000000000000000000000111111111111111111111111111110000000000000000000000000000000001100000001100000000                                110000000000000000000000000000000000111000000000000000000000000000000000000000000000000000000000000000000000000000000000000000000000
 -10 000000000000000000000000000000000000000000000000001111111111111111111111111111100000000000000000000000000000000000100000001100000000                                110000000000000000000000000000000000000000000000000000000000000000000000000000000000000000000000000000000000000000000000000000000000
  -9 000000000000000000000000000000000000000000000000011111111111111111111111111111100000000000000000000000000000000000100000001100000000                                110000000000000000000000000000000000000000000000000000000000000000000000000000000000000000000000000000000000000000000000000000000000
  -8 000000000000000000000000000000000000000000000000011111111111111111111111111111000000000000000000000000000000000000100000001100000000                                110000000000000000000000000000000000000000000000000000000000000000000000000000000000000000000000000000000000000000000000000000000000
  -7 000000000000000000000000000000000000000000000000111111111111111111111111111111000000000000000000000000000000000000000000001100000000                                110000000000000000000000000000000000000000000000000000000000000000000000000000000000000000000000000000000000000000000000000000000000
  -6 000000000000000000000000000000000000000000000000011111111111111111111111111100000000000000000000000000000000000000000000001100000000                                110000000000000000000000000000000000000000000000000000000000000000000000000000000000000000000000000000000000000000000000000000000000
  -5 000000000000000000000000000000000000000000000000000000000000000000000000000000000000000000000000000000000000000000000000001100000000                                110000000000000000000000000000000000000000000000000000000000000000000000000000000000000000000000000000000000000000000000000000000000
  -4 000000000000000000000000000000000000000000000000000000000000000000000000000000000000000000000000000000000000000000000000001100000000                                110000000000000000000000000000000000000000000000000000000000000000000000000000000000000000000000000000000000000000000000000000000000
  -3 000000000000000000000000000000000000000000000000000000000000000000000000000000000000000000000000000000000000000000000000001100000000                                110000000000000000000000000000000000000000000000000000000000000000000000000000000000000000000000000000000000000000000000000000000000
  -2 000000000000000000000000000000000000000000000000000000000000000000000000000000000000000000000000000000000000000000000000001100000000                                110000000000000000000000000000000000000000000000000000000000000000000000000000000000000000000000000000000000000000000000000000000000
  -1 000000000000000000000000000000000000000000000000000000000000000000000000000000000000000000000000000000000000000000000000001100000000                                110000000000000000000000000000000000000000000000111111111111111111111111111000000000000000000000000000000000000000000000000000000000
   0 000000000000000000000000000000000000000000000000000000000000000000000000000000000000000000000000000000000000000000000000001100000000                                110000000000000000000000000000000000000000000011111111111111111111111111111100000000000000000000000000000000000000000000000000000000
   1 000000000000000000000000000000000000000000000000000000000000000000000000000000000000000000000000000000000000000000000000001100000000                                110000000100000000000000000000000000000000000011111111111111111111111111111000000000000000000000000000000000000000000000000000000000
   2 000000000000000000000000000000000000000000000000000000000000000000000000000000000000000000000000000000000000000000000000001100000000                                110000000100000000000000000000000000000000000111111111111111111111111111111000000000000000000000000000000000000000000000000000000000
   3 000000000000000000000000000000000000000000000000000000000000000000000000000000000000000000000000000000000000000000000000001100000000                                110000000100000000000000000000000000000000000111111111111111111111111111110000000000000000000000000000000000000000000000000000000000
   4 000000000000000000000000000000000000000000000000000000000000000000000000000000000000011100000000000000000000000000000000001100000000                                110000000110000000000000000000000000000000001111111111111111111111111111100000000000000000000000000000000000000000000000000000000000
   5 000000000000000000000000000000000000000000000000011111111111111111111111111111111111111100000000000000000000000000000000001100000000                                110000000111000000000000000000000000000000001111111111111111111111111111100000000000000000000000000000000000000000000000000000000000
   6 000000000000000000000000000000000000000000000000011111111111111111111111111111111111111100000000000000000000000000000000001100000000                                000000000111110000000000000000000000000000011111111111111111111111111111000000000000000000000000000000000000000000000000000000000000
   7 000000000000000000000000000000000000000000000000001111111111111111111111111111111111111110000000000000000000000000100000001100000000                                000000000000001100000000000000000000000000011111111111111111111111111111000000000000000000000000000000000000000000000000000000000000
   8 000000000000000000000000000000000000000000000000000111111111111111111111111111111111111110000000000000000000000001100000001100000000                                000000000000000000000000000000000000000000111111111111111111111111111110000000000000000000000000000000000000000000000000000000000000
   9 000000000000000000000000000000000000000000000000000111111111111111111111111111111111111111000000000000000000000001100000001100000000                                000000000000000000000000000000000000000001111111111111111111111111111110000000000000000000000000000000000000000000000000000000000000
  10 000000000000000000000001111111111111000000000000000011111111111111111111111111111111111111000000000000000000000011100000001100000000                                000000000000000000000000000000000000000011111111111111111111111111111100000000000000001111111111111110000000000000000000000000000000
  11 000000000000000000000001111111111111000000000000000011111111111111111111111111111111111111000000000000000000000011100000001100000000                                000000000000000000000000000000000000000111111111111111111111111111111000000000000000011111111111111100000000000000000000000000000000
  12 000000000000000000000001111111111111100000000000000001111111111111111111111111111111111111100000000000000000000000000000000000000000                                000000000000000000000000000000000000001111111111111111111111111111111000000000000000011111111111111000000000000000000000000000000000
  13 000000000000000000000001111111111111100000000000000001111111111111111111111111111111111111111000000000000000000000000000000000000000                                000000000000000000000000000000000000011111111111111111111111111111110000000000000000111111111111110000000000000000000000000000000000
  14 000000000000000000000001111111111111110000000000000000111111111111111111111111111111111111111110000000000000000000000000000000000000                                000000000000000000000000000000000000111111111111111111111111111111100000000000000000111111111111100000000000000000000000000000000000
  15 000000000011111111111111111111111111111000000000000000011111111111111111111111111111111111100000000000000000000000000000000000000000                                000000000000000000000000000000000011111111111111111111111111111111000000000000000001111111111110000000000000000000000000000000000000
  16 000000000011111111111111111111111111111000000000000000011111111111111111111111111111111000000000000000000000000000000000000000000000                                000000000000000000000000000000001111111111111111111111111111111110000000000000000001111111111100000000000000000000000000000000000000
  17 000000000011111111111111111111111111111100000000000000001111111111111111111111111111000000000000000000000000000000000000000000000000                                00000000000000000000000000000011111111111111111111111111111111111000000000000000001111111111100000000000000000000000000000000000000 
  18 000000000011111111111111111111111111111100000000000000000111111111111111111111110000000000000000000000000000000000000000000000000000                                00000000000000000000000000001111111111111111110000000000000000000000000000000000011111111111000000000000000000000000000000000000000 
  19 000000000011111111111111111111111111111110000000000000000011111111111111111100000000000000000000000000000000000000000000000000000000                                00000000000000000000000000000000111111111111110000000000000000000000000000000000011111111110000000000000000000000000000000000000000 
  20 000000000011111111111111111111111111111110000000000000000000000000000000000000000000000000000000000000000000000000000000000000000000                                00000000000000000000000000000000000011111111110000000000000000000000000000000000111111111100000000000000000000000000000000000000000 
  21  00000000011111111111111111111111111111111000000000000000000000000000000000000000000000000000000000000000000000000000000000000000000                                00000000000000000000000000000000000000011111110000000000000000000000000000000001111111111100000000000000000010000000000000000000000 
  22  00000000011111111111111111111111111111111100000000000000000000000000000000000000000000000000000000000000000000000000000001100000000                                0000000000000000000000000000000000000000001111000000000000000000000000000000000111111111100000000000000000011000000000000000000000  
  23  00000000011111111111111111111111111111111100000000000000000000000000000000000000000000000000000000000000000011111100000001100000000                                0000000000000000000000000000000000000000000000000000000000000000000000000000001111111111000000000000000000111000000000000000000000  
  24  00000000001111111111111111111111111111111110000000000000000000000000000000000000000000000000000000000001111111111100000001100000000                                0000000000000000000000000000000000000000000000000000000000000000000000000000011111111111000000000000000000000000000000000000000000  
  25  00000000001111111111111111111111111111111111000000000000000000000000000000000000000000000000000000011111111111111100000001100000000                                0000000000000000000000000000000000000000000000000000000000000000000000000000111111111110000000000000000000000000000000000000000000  
  26  00000000001111111111111111111111111111111111100000000000000000000000000000000000000000000000000111111111111111111100000001100000000                                0000000000000000000000000000000000000000000000000000000000000000000000000001111111111110000000000000000000000000000000000000000000  
  27  00000000001111111111111111111111111111111111110000000000000000000000000000000000000000000001111111111111111111111100000001100000000                                110000000111100000000000000000000000000000000000000000000000000000000000000111111111110000000000000000000000000000000001000000000   
  28  00000000000111111111111111111111111111111111111000000000000000000000000000000000000000011111111111111111111111111100000001100000000                                110000000111111111100000000000000000000000000000000000000000000000000000000111111111110000000000000000000000000000000001000000000   
  29  00000000000111111111111111111111111111111111111000000000000000000000000000000000000011111111111111111111111111111100000001100000000                                110000000111111111111111000000000000000000000000000000000000000000000000000111111111110000000000000000000000000000000001000000000   
  30   0000000000111111111111111111111111111111111111000000000000000000000000000000000111111111111111111111111111111111100000001100000000                                110000000111111111111111111000000000000000000000000000000000000000000000000111111111110000000000000000000000000000000001000000000   
  31   0000000000111111111111111111111111111111111111000000000000000000000000000001111111111111111111111111111111111111100000001100000000                                110000000111111111111111111111000000000000000000000000000000000000000000000111111111110000000000000000000000000000000001000000000   
  32   0000000000011111111111111111111111111111111111000000000000000000000000000001111111111111111111111111111111111111100000001100000000                                110000000111111111111111111111111100000000000000000000000000000000000000000000000011110000000000000000000000000000000000000000000   
  33   0000000000000000000000000011111111111111111100000000000000000000000000000001111111111111111111111111111111111111100000001100000000                                11000000011111111111111111111111111111000000000000000000000000000000000000000000000000000000000000000000000000000000000000000000    
  34    000000000000000000000000011111111111111111000000000000000000000000000000001111111111111111111111111111111111111100000001100000000                                11000000011111111111111111111111110000000000000000000000000000000000000000000000000000000000000000000000000000000000000000000000    
  35    000000000000000000000000011111111111111110000000000000000000000000000000001111111111111111111111111111111111111100000001100000000                                11000000011111111111111111111111000000000000000000000000000000000000000000000000000000000000000000000000000000000000000000000000    
  36    000000000000000000000000011111111111111000000000000000000000000000000000001111111111111111111111111111111111111100000001100000000                                11000000011111111111111111111100000000000000000000000000000000000000000000000000000000000111000000000000000000000000000000000000    
  37    000000000000000000000000011111111111110000000000000000000000000000000000001111111111111111111111111111111111111100000001100000000                                11000000011111111111111111110000000000000000000000000000000000000000000000000000000000000111000000000000000000000000000000000000    
  38     01000000000000000000000011111111111100000000000000000000000000000000000001111111111111111111111000000000000000000000001100000000                                1100000001111111111111111100000000000000000000000000000000000000000000000000000000000000011100000000000000000000000000000000000     
  39     01000000000000000000000011111111110000000000000000000000000000000000000001111111111111111111111000000000000000000000001100000000                                1100000001111111111111110000000000000000000000000000000000000000000000000000000000000000000000000000000000000000000000000000000     
  40     00000000000000000000000011111111000000000000000000000000000000000000000000000001111111111111111000000000000000000000001100000000                                1100000001111111111111100000000000000000000000000000000000000000000000000000000000000000000000000000000000000000000000000000000     
  41     00000000000000000000000011111110000000000000000000000000000000000000000000000001111111111111111000000000000000000000001100000000                                1100000001111111111111000000000000000000000001000000000000000000000000000000000000000000000000000000000000000000000000000000000     
  42      0000000000000000000000011111000000000000000000000000000000000000000000000000001111111111111111000000000000000000000001100000000                                1100000001111111111111000000000000000000000001000000000000000000000000000001100000000000000000000000000000000000000000000000000     
  43      0000000000000000000000011110000000000000000000000000000000000000000000000000001111111111111111000000000000000000000001100000000                                110000000111111111111000000000000000000000000100000000000000000000000000000110000000000000000000000000000000000000000000000000      
  44      0000000000000000000000011100000000000000000000000000000000000000000000000000001111111111111111000000000000000000000001100000000                                110000000111111111111000000000000000000000000100000000000000000000000000000110000000000000000000000000000000000000000000000000      
  45      0000000000000000000000000000000000000000000000000000000000000000000000000000001111111111111111000000000000000000000001100000000                                110000000111111111111000000000000000000000001111100000000000000000000011111110000000000000000000000000000000000000000000000000      
  46     00000000000000000000000000000000000000000000000000000000000000000000000000000001111111111111111000000000000000000000001100000000                                110000000111111111110000000000000000000000011111100000000000000000000011111110000000000000000000000000000000000000000000000000      
  47     00000000000000000000000000000000000000000000000000000000000000001100000000000001111111111111111000000000000000000000001100000000                                110000000111111111110000000000000000000001111111100000000000000000000000111110000000000000000000000111111111100000000000000000      
  48     00000000000000000000000000000000000000000000000000000000000000001100000000000001111100000000000000000000000000000000001100000000                                1100000001111111111100000000000000000001111111110000000000000000000000000111100000000000000000000001111111111000000000000000000     
  49     00000000000000000000000000000000000000000000000000000000000000001100000000000001111100000000000000000000000000000000001100000000                                1100000001111111111100000000000000010001111111000000000000000000000000000001100000000000000000000001111111110000000000000000000     
  50     00000000000000000000000000000000000000000000000000000000000000001100000000000001111100000000000000000000000000000000001100000000                                1100000001110000000000000000000000010001111110000000000000000000000000000000100000000000000000000001111111000000000000000000000     
  51    000000000000000000000000000000000000000000000000000000000000000001100000000000001111100000000000000000000000000000000001100000000                                11000000000000000000000000000000000000011110000000000000000000000000000000000000000000000000000000000000000000000000000000000000    
  52    000000000000000000000000000000000000000000000000000000000000000001100000000000011111100000000000000000000000000000000001100000000                                11000000000000000000000000000000000000000000000000000000000000000000000000000000000000000000000000000000000000000000000000000000    
  53    000000000000000000000000000000000000000000000000000000000000000001100000000000011111100000000000000000000000000000000001100000000                                11000000000000000000000000000000000000000000000000000000000111000000000000000000000000000000000000000000000000000000000000000000    
  54    000000000000000000000000000000000000000000000000000000000000000001100000000000011111100000000000000000000000000000000001100000000                                10000000000000000000000000000000000000000000000000000000000000000000000000000000000000000000000000000000000000000000000000000000    
  55    000000000000000000000000000000000000000000000000000000000000000001100000000000011111100000000000000000000000000000000001100000000                                000000000000000000000000000000000000000000000000000000000000000000000000000000000000000000000000000000000000000000000000000000000   
  56   0000000000000000000000000000000000000000000000000000000000000000000000000000000000000000000000000000000000000000000000001100000000                                000000000000000000000000000000000000000000000000000000000000000000000000000000000000000000000000000000000000000000000000000000000   
  57   0000000000000000000000000000000000000000000000000000000000000000000000000000000000000000000000000000000000000000000000000000000000                                000000000000000000000000000000000000000000000000000000000000000000000000000000000000000000000000000000000000000000000000000000000   
  58   0000000000000000000000000000000000000000000000000000000000000000000000000000000000000000000000000000000000000000000000000000000000                                0000000000000001111000000000000000000000000000000000000000000000000000000000000000000000000000000000000000000000000000000000000000  
  59   0000000000000000000000000000000000000000000000000000000000000000000000000000000000000000000000000000000000000000000000000000000000                                0000000000000000000000000000000000000000000000000000000000000000000000000000000000000000000000000000000000000000000000000000000000  
  60   0000000000000000000000000000000000000000000000000000000000000000000000000000000000000000000000000000000000000000000000000000000000                                0000000000000000000000000000000000000000000000000000000000000000     0000000000000000000000000000000000000000000000000000000000000  
  61   0000000000000000000000000000000000000000000000000000000000000000000000000000000000000000000000000000000000000000000000000000000000                                00000000000000000000000000000000000000000000000000000000000           000000000000000000000000000000000000000000000000000000000000  
  62   0000000000000000000000000000000000000000000000000000000000000000000000000000000000000000000000000000000000000000000000000000000000                                0000000000000000000000000000000000000000000000000000000000              0000000000000000000000000000000000000000000000000000000000  
  63   0000000000000000000000000000000000000000000000000000000000000000000000000000000000000000000000000000000000000000000000000000000000                                00000000000000000000000000000000000000000000000000000000                 000000000000000000000000000000000000000000000000000000000  
  64   00000000000  000000000000000000000000000000000000000000000000000000000000000000000000000000000000000000000000000000000001100000000                                000000000000000000000000000000000000000000000000000000                     0000000000000000000000000000000000000000000000000000000  
  65   0000000000     0000000000000000000000000000000000000000000000000000000000000000000000000000000000000000000000000000000000000000000                                00000000000000000000     0000000000000000000000000000                       00000000000000000000000000000000000000000000000000000   
  66   00000000         00000000000000000000000000000000000000000000000000000000000000000000000000000000000000000000000000000000000000000                                000000000000000            000000000000000000000000                          000000000000000000000000000000      0000000000000000   
  67   0000000            000000000000000000000000000000000000000000000000000000000000000000000000000000000000000000000000000000000000000                                0000000000000                0000000000000000000                               0000000000000000000000               0000000000000   
  68   00000                0000000000000000000000000000000000000000000000000000000000000000000000000000000000000000000000000000000000000                                00000000000                    000000000000000                                  000000000000000000                    00000000000   
  69   000                     0000000000000000000000000000000000000000000000000000000000000000000000000000000000000000000000000000000000                                000000000                            000000                                      000000000000000                         00000000   
  70   0                         0000000000000000000000000000000000000000000000000000000000000000000000000000000      0000000000000000000                                000000                                                                                 000000                                0000   
  71                                0000000000000000000             00000000000000              0000000000                  0000000000000                                00                                                                                                                                  
seats 7231; refused 13433 DR-CLAIM, 4063 DR-PASS, 3850 DR-SITE, 2668 OB19, 2491 DR-SLOPE, 2096 DR-KEEP
DR-SLOPE asked: a site rising 7 or more is refused
NOT ASKED  DR-CROSS, DR-WAY — the pass may still decline a seat marked 1 under these
