## tree
SEATS  tree, footprint 1x1, 3 blocks off a route  1 char = 1 block  x -132..131 across, z -76..75 down
KEY  1 the footprint seats with its minimum corner here  0 refused  space void
      -3        -2        -1        -0        -9        -8        -7        -6        -5        -4        -3        -2        -1         0         1         2         3         4         5         6         7         8         9         0         1         2         3 
     210987654321098765432109876543210987654321098765432109876543210987654321098765432109876543210987654321098765432109876543210987654321012345678901234567890123456789012345678901234567890123456789012345678901234567890123456789012345678901234567890123456789012345678901
 -76                                                                       1                                                                                                                                                                                                 
 -75                                                                      1111                                                                                                                                                                                               
 -74                                                                     1111000                                                                                                                                                                                             
 -73                                                                     111100000                                                                                                                                                                                           
 -72                                                                    111110000011                                                                                                                                                                                         
 -71                                                                   111110000000000                                                                                                                                                                                       
 -70                                                                   000110000000000111                                                                                                                                                                                    
 -69                                                                  0000010000000000111111                                                                                                                                                                                 
 -68                                                                 000000000000000001111111111                                                                                                                                                                             
 -67                                                                 0000000000000000011111111111111                                                                                                                                                                         
 -66                                   0000011                      00000000000000000111111111111111111                                                                                                                                                                      
 -65                               111000000111111                  0000000000000000011111111111111111111                                                                                                                                                                    
 -64                            111111000000111111111              000000000000000000111111111111111111111111                                                                                                           11111111111000000111111                              
 -63                          11111110000000111111111111           000000000000000000111111111111111111111111111                                                                                                    1110111111111110000011111111111                          
 -62                        111111111000000111111111111111        00000000000000000001111111111111111101111111111111                                            111                                             11100000000011111100000001111111111111                       
 -61                      1111111111000000011111111111111111      00000000000000000011111111111111111111111111111111111                                    111111111                                         1110000000000000111110000000111111111111111                     
 -60                    11111111111100000001111111111111000010    0000000000000000001111111111111111111111111111111111111                                111111111111                                     000000000000000000001110000000111111111111111111                   
 -59                   11111111111100000001111111111110000000000 00000000000000000001111111111111111111111111111111111111                                111111111111                                  1110000000000000000000001100000001111111111111111111                  
 -58                  111111111111100000001111111111100000000000000000000000000000011111111111111111111111111111111111111                                1111111111111                               1111100000000000000000000000000000111111111111111111111                 
 -57                 1111111111111100000011111111111000000000000000000000000000000011111111111111111111111111111111111111                               111111111111111                             111111000000000000000000000000000001111111111111111111111                
 -56                 11111111111110000000111111111100000000000000000000000000000000111111111111111111111111111111111111111                              1111111111111111                            111111000000000000000000000000000011111111111111111111111                
 -55                111111111111100000001111111111000000011000000000000000000000000111111111111111111111111111111111111111                              1111111111111111                           11111110000000000000000000000000000111111111111111111111111               
 -54               1111111111111100000001111111110000000111100000000000000000000000111111111111111111111111101111111111111                              11111111111111111                          101111100000000000000000000000000011111111111111111111111111              
 -53              11111111111111000000011111111110000001111100000000000000000000000111111111111111111111111111111111111111                              111111111111111111                         1111111000000000000000000000000000111111111111111111111111101             
 -52             111111111111110000000011111111110000011111100000000000000000000000111111111111111111111111111111111111111                              111111111111111111                        010111110000000000000000000000000011111111111111111111110000000            
 -51             111111111111111000000111111111110000011111100000000000000000000000111111111111111111111111111111111111111                             11111111111111111111                       111111100000100000000000000000000011111111111111111111000000000            
 -50            1111111111111010000000111111111110000111111100100000000000000000000111111111111111111111111111111111111111                             11111111111111111111                      11111111000000000000000000000000001111111111111111111100000000000           
 -49           11111111111111111000001111111111110000011111100000000000000000000000111111111111111111111111111111111111111                             111111111111111111111                     111111110000000000000000000000000011111111111111111110000000000000          
 -48           11111111111111111000001111111111110000001111110000000000000000000000011111111111111111111111111111111111111                             1111111111111111111111                    111111110000100000000000000000000111111111111111111110000000000000          
 -47          111111111111111111000001111111111110000000111110000000000000000000000011111111111111111111111111111111111111                             1111111111111111111111                   11111111100001000100000000000000011111111111111111111000000000000000         
 -46          111111111111111111100011111111111110000000000000000000000000000000000001111111111111111111111111111111111111                             11111111111111111111111                  11000000000001001000000000000000011111111111111111111000000000000000         
 -45         1111111111111111111100000000000000111000000000000000000000000000000000001111111111111111111111111111111111111                             11111111111111111111111                 011000000000011100000000000000000011111111111111111111000000000000000         
 -44         1111111111111111111000000000000000001110000000000000000000000000000000000111111111111111111111111111111111111                             111111111111111011111111                1110000000000110000000000000000001111111111111111111110000000000000000        
 -43        11111111111111111110000000000000000000011000000000000000000000000000000000011111111111111111111111111111111111                             1111111111100000000011111               0110000000000110000000000000000001111111111111111111100000000000000000        
 -42        11111111111111111110000000000000000000001111000000000000000000000000000000011111111111100000001111111111111111                             1111111111000000000001111              11110000000001100000000000000000011111111111111111111110000000000000000        
 -41        11111111111111111100000000000000000000000011111010001100000000000000000000001111111110000000000111111111111111                             11111111100000000000001111             011100000000111000000000000000001111111111111111111111000000000000000000       
 -40       111111111111111111000000000000000000000000001111000001100000000000000000000001111111000000000000011111111111111                              1111111000000000000000111111          011100000000001000000000000000001111111111111111111000000000000000000000       
 -39       111111111111111111000000000000000000000000000111000000100000000000000000000000111110000000000000001111111111111                              1111110000000000000000111111110001   0111100000000000000000000000000011111111111111111100000000000000000000000       
 -38       111111111111111110000000000000000000000000000011000001110000000000000000000000111110000000000000001111111111111                              11111100000000110000001111111000010000011100000000000000000000000000111111111111111111000000000000000000000000       
 -37      1111111111111111110000000000001100000000000000011000000110000000000000000000000011100000001100000000111111111111                              111111000000111111000001111110000000000111000000000000000000000000001111111111111111110000000000000000000000000      
 -36      1111111111111111100000000000000111000000000000001000001011000000000000000000000010000000011111000000111111111111                              111111000000111111000001111110000000000111000000000000000000000000001111111111111111100000000000000000000000001      
 -35      1111111111111111100000000000000011110000000000000100111111000000000000000000000000000001111111000000111111111111                              111111000001111111000001111110000000000111000000000000000000000000011111111111111111100000000000000000000000011      
 -34      1111111111111111100000000000000011111000000000000111111100100000000000000000000000000011111111100000011111111111                              111111000000111111000001111100000000000111000000000000000000000000011111111111111111100000000000000000000001111      
 -33      1111111111111111000000000000000001111100000000000011111100000000000000000000000000000011111111100000011111111111                              1111110000001111110000011111000000000011110000000000000000000000001111111110111111110000000000000000010111111111     
 -32      1111111111111111000000000000000001111110000000000001111100100000000000000000000000000011111111100000011111111111                              1111110000000111110000011111000000000011100000000000000000000000000111111110111111111000000000000000111111111111     
 -31      1111111111111111000000000000000000111111000000000001111110010000000000000000010000000011111111100000011111111111                              1111111000000001100000111111000000000111100000000000000000000000000011111110111111111000000000000000111111111111     
 -30      111111111111101100000000000000000011111110000000000011111000100000000000000000000000000011111110000001111111111                               1111111000000000000000111111000000000011000000000000000000000000000011111110111111111000000000000000111111111111     
 -29     1111111111111111000000000000000000001111110000000000011111000110000000000000000000000000000111110000001111111111                               1111111100000000000000111111000000000111000000000000000000000000000001111111111111111100000000000001111111111111     
 -28     1111111111100000000000000111110000001111111000000000001111000110000000000000000000000000000000000000001111111111                               11111111100000000000001111110000000001110000000000000000000000000000011111111111111111000000000000011111111111111    
 -27     1111111111111100000000000111110000000111111100000000001111100011000000000000000000000000000000000000001111111111                               11111111110000000000011111100000000001100000000000000000000000000000011111111111111111100000000000111111111111111    
 -26     1111111101000000000000000111111000000011111100000000001111100001000000000000000000000000000000000000011111111111                               11111111111000000001111111100000000001100000000000000000000000000000011111111111111111111000000011111111111111111    
 -25     1111111001010000000000000111111000000011111110000000001111110001000000000000000000000000000000000000011111111111                               11111111111111001111100011110000000001100000000000000000000000000000001111111111111111111111011111111111111111111    
 -24    11111111000000000000000001111111000000001111110000000001111110001000000000000000000000000000000000000111111111111                               111111111111111111110000011000000000011000000000000000000000000000000111111111111111111111111111111111111111111111   
 -23    11100000000000000000000001111111100000000111111000000001111110000000000000000000000000000000000000001111111111111                               111111111111111111110000011100000000011000000000000000000000000000000111111111111111111111111111111111111111111111   
 -22    11111100000000001000000001111111110000000011111000000000000000000000000000000000000000000001111111111111111111111                               111111111111111111110000011100000000010000000000000000000000000000000011111111111111111111111111111111111111111111   
 -21    11000000000001111000000001111111111000000011111000000000000000000000000000000000000000000001111111111111111111111                               111111111111111111110000011100000000010000000000000000000000000000000011111111111111111111111111111111111111111111   
 -20   111010000000001111000000001111111111000000001111000000000000000000000000000000000000000000001111111111111111111111                               1111111111111111111110011111000000000100000000000000000000000000000000111111111111111111111111111111111111111111111  
 -19   111000000001111111000000001111111111100000000111000000000000000000000000000000000000000000011111111111111111111111                               1111111111111111111111111111000000000000000000000000000000000000000000011111111111111111111111111111111111111111111  
 -18   110000010111111111000000001111111111110000000111000000000000000000000000000000000000000001111111111111111111111111                               1111111111111111111111111111000000000000000000000000000000000000000000011111111111111111111111111111111111111111111  
 -17   110000001111111111000000000111111111110000000111000000000000000000000000000000000000011111111111111111111111111111                               1111111111111111111111111111000000000000000000000000000000000000000000001111111111111111111111111111111111111111111  
 -16   100001111111111111000000000111111111111000000011000000000000000000000000000000000000011111111111111111111111111111                               11111111111111111111111100000000000000100000000000000010000000001100000001111111111111111111111111111111111111111111 
 -15  1111111111111111111000000000111111111111100000011000000000000000000000000000000000000111111111111111111111111111111                               11111111111111111111111000000000000000000000000000000011111011111100000001111111111111111111111111111111111111111111 
 -14  1111111111111111111000000000111111111111100000001000000000000000000000000000000000000111111111111111111111111111111                               11111111111111111111110000000000000000000000000000000001111111111110000000111111111111111111111111111111111111111111 
 -13  1111111111111111111100000000111111111111110000001000000000000000000000000000000000001111111111111111111111111111111                               11111111111111111111100000000000000000000000000000000001111111111110000000111111111111111111111111111111111111111111 
 -12  1111111111111111111100000000111111111111110000001000000000000000000000000000000000001111111111111111111111111111111                               11111111111111111000100000111000000000000000000000000001111111111111000000011111111111111111111111111111111111111111 
 -11 11111111111111111111100000000111111111111111000000000000000000000000000000000000000011111111111111111111111111111111                               111111111111111100000000001100000000000000000000000000011111111111110000000111111111111111111111111111111111111111111
 -10 00000000000000000000000000000111111111111111000000000000000000000000000000000000000011111111111111111111111111111111                               111111111111111000000000001100000010000000000000000000001111111111111000000111111111111111111110000000000000000000000
  -9 00000000000000000000000000000111111111111111000000000000000000000000000000000000000111111111111111111111111111111111                               111111111111111100000000011000000001000000000000000100001110000000011000000111111111111111111110000000000000000000000
  -8 00000000000000000000000000000111111111111111000000000000000000000000000000000000000111111111111111111111111111111111                               111111111111111110000000000000000001100000000000000110000110000000011000000111111111111111111110000000000000000000000
  -7 00000000000000000000000000000000000011111111100000000000000000000000000000000000001111111111111111111111111111111111                               111111111111111111110000000000000000100000000000001110000110000000010000000111111100000000000000000000000000000000000
  -6 00000000000000000000000000000000000011111111100000000000000000000000000000000000001111111111111111111111111111111111                               000000000000000000000000000000000000000000000000011110000110000000010000001111111100000000000000000000000000000000000
  -5 00000000000000000000000000000000000011111111100000000000000000000000000000001100001111111111111111111111111111111111                               000000000000000000000000000000000000000000000011111111000110000000010000001111111100000000000000000000000000000000000
  -4 00000000000000000000000000000000000011111111100000000000000000000000000000000000001111111111111111111111111111111111                               000000000000000000000000000000000000000000000011111111000110000000010000001111111100000000000000000000000000000000000
  -3 00000000000000000000000000000000000011111111000000000000000000110000000000000000000111111111111111111111111111111111                               000000000000000000000000000000000000000000000000111111000010000000000000001111111100000000000000000000000000000000000
  -2 00000000000000000000000000000000000011111111000000000000000000011000000000000000000000000000000000000000000000000000                               000000000000000000000000000000000000000000000000011111000110000000000000011111111100000000000000000000000000000000000
  -1 00000000000000000000000000000000000011111111000000111111111000011100000000000000000000000000000000000000000000000000                               000000000000000000000000000000000000000000000000001111000011111111100000011111111100000000000000000000000000000000000
   0 000000000000000000000000000000000000111111110000001111111110000111100000000000000000000000000000000000000000000000000                               00000000000000000000000000000000000000000000000000111000011111111100000011111111100000000000000000000000000000000000
   1 000000000000000000000000000000000000111111110000000000000011000111110000000000000000000000000000000000000000000000000                               00000000000000000000000000000000000000000000000000011000000000000000000011111111100000000000000000000000000000000000
   2 000000000000000000000000000000000000111111100000000000000010000111111000000000000000000000000000000000000000000000000                               11111111111111111111111111111111100000000000000000001100000000000000000011111111100000000000000000000000000000000000
   3 000000000000000000000000000000000000111111100000010000000011000111111110000000000000000000000000000000000000000000000                               11111111111111111111111111111111110000000000000000000000000000000000000111111111100000000000000000000000000000000000
   4 000000000000000000000000000000000000111111100000010000000011000111111110000000000000000000000000000000000000000000000                               11111111111111111111111111111111110000110000000000000000000000000000000111111111100000000000000000000000000000000000
   5 000000000000000000000000000000000000111111100000010000000011000011110000000000000000000000000000000000000000000000000                               11111111111111111111111111111111110000000000000000000000000000000000000111111111100000000000000000000000000000000000
   6 000000000000000000000000000000000000111111000000010000000011000011100000000000001000000000000000011111111111111111111                               11111111111111111111111111111111110000000000000000000000000000000000000111111111100000000000000000000000000000000000
   7 000000000000000000000000000000000000111111000000110000000011000011000000000000001100000000000000000011111111111111111                               11111111111111111111111111111111100000000000000000000000000000000000000011111111100000000000000000000000000000000000
   8 000000000000000000000001111111111111111111000000110000000011100001000000000000000100000000110000000001111111111111111                               11111111111111111111111111111111100000000000000000000000000000000000000011111111111111100000000000000000000000000000
   9 000000000000000000000001111111111111111111000000111111111111100000000000000000000010000001100000000000111111111111111                               11111111111111111111111111111111000000000000000000000000000000000000000011111111111111100000000000000000000000000000
  10 000000000000000000000001111111111111111111000000011111111111110000000000000000000000000001100000000001111111111111111                               11111111111111111111111111111111000000000000000000000000000000000000000011111111111111100000000000000000000000000000
  11  11111111111111111111111111111111111111111000000011111111111110000000000000000000000000011100000100011111111111111111                               1111111111111111111111111111111000000000000000000000000000000000001000000111111111111110000000011111111111111111111 
  12  11111111111111111111111111111111111111111100000001111111111110000000000000000000000000000000000111111111111111111111                               1111111111111111111111111111111000000000000000000000000000000000001000000111111111111110000000011111111111111111111 
  13  11111111111111111111111111111111111111111100000001111111111110000000000000000000000000000000001111111111111111111111                               1111111111111111111111111111110000000000000000000000000000000000001000000011111111111110000000001111111111111111111 
  14  11111111111111111111111111111111111111111110000000111111011111000000000000000000000000000000011111111111111111111111                               1111111111111111111111111111110000000000000000000000000000000000001100000011111111111110000000001111111111111111111 
  15  11111111111111111111111111111111111111111110000000110000000001000000000000000100000000000000111111111111111111111111                               111111111111111111111111111110000000000000000000000000000000000000110000000111111111111000000000111111111111100001  
  16   1111111111111111111111111111111111111111111000000000000000000000000000000000000000000001111111111111111111111111111                               111111111111111111111111111110000000000000000000000000000000000000111000000011111111111000000000111111111100000011  
  17   1111111111111111111111111111111111111111111100000000000000000000000000000000000000000001111111111111111111111111111                               111111111111111111111111100000000000000000000000000000000000000000111000000011111111111100000000111111111010000011  
  18   1111111111111111111111111111111111111111111100000000000000000000000000000000000000000001111111111111111111111111111                               111111111111111111111110000000000000000000000000000000000000000000111000000001111111111100000000111111100000000111  
  19   1111111111111111111111111111111111111111111110000000000000000000000000000000010000000001111100111111111111111111111                               111111111111111111111100000000000000000000000000000000000000000000111100000000111111111100000000111100000000010111  
  20    111111111111111111111111111111111111111111110000000000000000000000000000000010000000001110000011111111111111111111                               11111111111111111111110000000000000000000000000000000000000000000011111000000011111111110000000011110000000000011   
  21    111111111111111111111111111111111111111111110000000000000000000000000000000010000000001110000011111111111111111111                               11111111111111111111110000000000000000000000000000000000000000000011111000000001111111110000000010000000000111111   
  22    111111111111111111111111111111111111111111111000000000000000000000000000000110000000001110000011111111111111111111                               11111111111110000000000000000000000000000000000000001111110000000011111100000000111111110000000000000000000000111   
  23    111111111111111111111111111111111111111111111000000000000000000000000000000110000000000110000011111111111111111111                               11111111111100000000000000000000000000000000000010001111110000000001111110000000011111110000000000000000011111111   
  24     11111111111111111111011111111111111111111110000000000000000000000000000000110000000001111000111110011111111111111                               1111111111100000000000000000000000000000000000001000111111000000000111111100000001111110000000000000101001111111    
  25     11111111111111111000000011111111111111111111000000000000000000000000000000110000000000111111110000000011111111111                               1111111111100000000000000000000000000000000000001000011111000000000011111100000001111110000000000000001011111111    
  26     11111111111111100000000000111111111111111111000000000000000000000000000000110000000000111111000000000001111111111                               1111111111000000000000000000000000000000000000001100011111000000000011111110000000111110000000000011111111111111    
  27     11111111111111000000000000011111111111111111000000000000000000000000000001110000000001111110000000000000111111111                               1111111111000000000000000000000000000000000000000110001111000000000001111111000000111110000000000000011111111111    
  28      1111111111111000000000000011111111111111111000000000000000000000000000001110000000001111110000000000000011111111                               1111111111000000111110000000000000000000000000000110001111100000000000111111000000000000000000001111111111111111    
  29      1111111111110000000000000001111111110111111100000000000000000000000000001100000000001111110000000000000001111111                               111111111100000011111110000000000000000000000000001000111110000000000011111110000000000000000001101111111111111     
  30      1111111111110000000000000001111111110111111100000000000000000000000000011110000000001111110000011000000001111111                              1111111111100000011111111100000000100000000000000000100111111000000000001111110000000000000000001111111111111111     
  31      1111111111110000000000000001111111110111111110000000000000000000000000011100000000001111100000111110000000111111                              1111111111100000011111111100000000000000000000000000010011111000000000000111111000000000000000001111111111111111     
  32      1111111110100000000000000000111111110111111111000000000000000000000000111100000000001111100000111111000000111111                              1111111111100000011111111100000000000000000000000000000011111100000000000011111000000000000000001111111111111111     
  33       111100000000000000000000001111111111111111110000000000000000000000000111000000000001111100000111111000000111111                              1111111111100000011111111100000000000000000000000000010011111110000000000001111100000000000000011111111111111111     
  34       110000000000000000000000001111111111111111110000000000000000000000000111000000000011111100000111111100000111111                              1111111111110000001111111000000000000000000000000000001111110010000000000000111100000000000000011111111111111111     
  35       100000000000000000000000001111111111111111100000000000000000000000000111000000000011111100000111111000000111111                              1111111111110000001111100000000100000000000000000000001101000001000000000000001110000000000000011111111111111111     
  36       000000000000000000000000011111111111111111100000000000000000000000000111000000000011111100000111111000000111111                              1111111111110000000011000000011100000000000000000000000110000001100000000000000011000000000000111111111111111111     
  37        00000000000000000000000011111111111111111100000000000000000000000000111000001000011111110000001100000000111111                              111111111111100000000000000011111000000000000000000000011100000110000000000000000000000000000011111111111111111      
  38        0000000000000000000000011111111111111111100000000000000000000000000011110   1000111111110000000000000000111111                              111111111111100000000000000011111000000000000000000000001000000111000000000000000000000000000111111111111111111      
  39        000000000000000000000111111111111111111100000000000000000100000000001110          1111110000000000000001111111                              111111111111110000000000000111111100000000000000000000001100000111100000000000000000000000000111111111111111111      
  40        000000000000000000111111111111111111111100000000000000000111000000001110             11110000000000000111111111                             11111111111111100000000001111111110000000000000000000000110001011111000000000000000000000000111111111111111111       
  41         00000000000000001111111111111111111111000000000000000000110000000001111              1111000000000001111111111                             11111111111111110000000111111111111000000000000000000000000000000011110000000000000000000001111111111111111111       
  42         0000000000000000011111111111111111111000000000000000000110000000000110               1111100000000011111111111                             11111111111111111111111111111111111000000000000000000000000000000000011000000000000000000001111111111111111111       
  43         0000000000000000111111111111111111111000000000000000000110000000000111                111111110111111111111111                             1111111111111111111111111111111111110000000000000000000000000000000000111000000000000000001111111111111111111        
  44          000000000000000111111111111111111110000000000000000001110000000000110                 11111111111111111111111                             1111111111111111111111111111111111111000000000000000000000000000000000001110000000000000011111111111111111111        
  45          00000000000000011111111111111111111000000000000000010010000000000011                  11111111111111111111111                             111111111111111111111111111111111111100000000000000000000000000000000000011111111111110001111111111111111111         
  46          00000000000000011111111111111111111000000000000000100010000111111111                   1111111111111111111111                             111111111111111111111111111111111111110000000000000000000000011111000000011111111111100000111111111111111111         
  47           000000000000011111111111111111111000000000000000000001000011111111                    1111111111111111111111                             11111111111111111111111111111111111111000000000000000000000001111110000001111111111110000011111111111111111          
  48           000000000000011111111111111111110000000000000000000000000011111111                     111111111111111111111                             11111111111111111111111111111111111111100000000000000000000000111111000001111111111110000011111111111111111          
  49            00000000000111111111111111111110000000000000000000000000011111111                      11111111111111111111                             1111111111111111111111111111111111111110000000000000000000010011111110000111111111110000000101111111111111           
  50             000000000111111111111111111110000000000000000000001000001111111                       11111111111111111111                             111111111111111111111111111111111111111000000000000000000000001111110000011111111111000000111111111111111            
  51             000000011111111111111111111110000000000000000000000000011111010                        111111111111111111                              111111111111111111111111111111111111111000000000000000000000001111110000011111111110000000011111111111111            
  52              1011111111111111111111111110000000000000000000000000001111111                         111111111111111111                              11111111111111111111111111111111111111100000000000000000000000111110000001111111111000000011111111111111             
  53               111111111111111111111111110000000000000000000000000001111101                          11111111111111111                              1111111111111011111111111111111111111110000000000000000000000011110000000111111111000000011111111111111              
  54                11111111111111111111111100000000000000000000000000001111111                           1111111111111111                              111111111111111111111111111111111111111000000000000000000000000110000000111111111100000001111111111111               
  55                 111111111111111111111110000000000000000000000000000111111                            1111111111111111                              11111111111111111111111111111111111111100000000000000000000000000000000111111111100000001111111111111                
  56                 111111111111111111111100000000000000000000000000000111111                             111111111111111                               1111111111111111111111111111111111111100000000000000000000000000000001111111111100000011111111111111                
  57                  1111111111111111111110000000000000000000000000000011111                               1111111111111                                111111111111111111111111111111111111110000000000000000000000000000001111111111100000001111111111111                 
  58                   1111111111111111111000000011000000000000000000000111                                  111111111111                                11111111111111111111111111111111111110000000000000000000 00000000001111111111110000000111111111111                  
  59                    111111111111111111000000011100000000000000000000                                     111111111111                                1111111111111111111111111111111111111000000000000000000    01000011111111111110000000111111111111                   
  60                      1111111111111110000000111110000000000000111                                         11111111                                     11111111111111111111111111111111111000000000000000000      1111111111111111100000001111111111                     
  61                        11111111111110000000111111000000000111                                             11                                             11111111111110111111111111111110000000000000000000        111111111111111000000111111111                       
  62                           1111111111100000111111111110111                                                                                                    111111111111111111111111111000000000000000000           11111111111100000001111111                         
  63                               11111100000011111111111                                                                                                           111111111111111111111111000000000000000000             1111111111000000111111                           
  64                                                                                                                                                                     1111111111111111111100000000000000000                  111111000000111                              
  65                                                                                                                                                                       11111111111111111100000000000000000                      1100000                                  
  66                                                                                                                                                                          1111111111111100000000000000000                                                                
  67                                                                                                                                                                              111111111100000000000000000                                                                
  68                                                                                                                                                                                  1111110000000000100000                                                                 
  69                                                                                                                                                                                     111000000000011000                                                                  
  70                                                                                                                                                                                        000000000011111                                                                  
  71                                                                                                                                                                                          110000011111                                                                   
  72                                                                                                                                                                                            000001111                                                                    
  73                                                                                                                                                                                              0001111                                                                    
  74                                                                                                                                                                                                1111                                                                     
  75                                                                                                                                                                                                  1                                                                      
seats 12835; refused 5490 DR-ROOT, 4728 DR-CLAIM, 1971 DR-ROAD, 1255 DR-KEEP, 782 OB19

## boulder
SEATS  boulder, footprint 1x1, 2 blocks off a route  1 char = 1 block  x -132..131 across, z -76..75 down
KEY  1 the footprint seats with its minimum corner here  0 refused  space void
      -3        -2        -1        -0        -9        -8        -7        -6        -5        -4        -3        -2        -1         0         1         2         3         4         5         6         7         8         9         0         1         2         3 
     210987654321098765432109876543210987654321098765432109876543210987654321098765432109876543210987654321098765432109876543210987654321012345678901234567890123456789012345678901234567890123456789012345678901234567890123456789012345678901234567890123456789012345678901
 -76                                                                       1                                                                                                                                                                                                 
 -75                                                                      1111                                                                                                                                                                                               
 -74                                                                     1111111                                                                                                                                                                                             
 -73                                                                     111111111                                                                                                                                                                                           
 -72                                                                    111111111111                                                                                                                                                                                         
 -71                                                                   111111111111111                                                                                                                                                                                       
 -70                                                                   111111111111111111                                                                                                                                                                                    
 -69                                                                  0001111111111111111111                                                                                                                                                                                 
 -68                                                                 000001111111111111111111111                                                                                                                                                                             
 -67                                                                 0000011111111111111111111111111                                                                                                                                                                         
 -66                                   1111111                      00000011111111111111111111111111111                                                                                                                                                                      
 -65                               111111111111111                  0000001111111111111111111111111111111                                                                                                                                                                    
 -64                            111111111111111111111              100000011111111111111111111111111111111111                                                                                                           11111111111111111111111                              
 -63                          11111111111111111111111111           100000011111111111111111111111111111111111111                                                                                                    1111111111111111111111111111111                          
 -62                        111111111111111111111111111111        11000000111111111111111111111111111111111111111111                                            111                                             11111111111111111111111111111111111111                       
 -61                      1111111111111111111111111111111111      11000000011111111111111111111111111111111111111111111                                    111111111                                         1111111111111111111111111111111111111111111                     
 -60                    11111111111111111111111111111111111111    1100000001111111111111111111111111111111111111111111111                                111111111111                                     111111111111111111111111111111111111111111111111                   
 -59                   11111111111111111111111111111111111111111 11100000001111111111111111111111111111111111111111111111                                111111111111                                  1111111111111111111111111111111111111111111111111111                  
 -58                  111111111111111111111111111111111111111111111100000001111111111111111111111111111111111111111111111                                1111111111111                               1111111111111111111111111111111111111111111111111111111                 
 -57                 1111111111111111111111111111111111111111111111100000001111111111111111111111111111111111111111111111                               111111111111111                             111111111111111111111111111111111111111111111111111111111                
 -56                 11111111111111111111111111111111111111111111111000000011111111111111111111111111111111111111111111111                              1111111111111111                            111111111111111111111111111111111111111111111111111111111                
 -55                111111111111111111111111111111111111111111111111000000011111111111111111111111111111111111111111111111                              1111111111111111                           11111111111111111111111111111111111111111111111111111111111               
 -54               1111111111111111111111111111111111111111111111111000000011111111111111111111111111111111111111111111111                              11111111111111111                          111111111111111111111111111111111111111111111111111111111111              
 -53              11111111111111111111111111111111111111111111111111000000011111111111111111111111111111111111111111111111                              111111111111111111                         1111111111111111111111111111111111111111111111111111111111111             
 -52             111111111111111111111111111111111111111111111111111100000011111111111111111111111111111111111111111111111                              111111111111111111                        111111111111111111111111111111111111111111111111111111111111111            
 -51             111111111111111111111111111111111111111111111111111100000011111111111111111111111111111111111111111111111                             11111111111111111111                       111111111111111111111111111111111111111111111111111111111111111            
 -50            1111111111111111111111111111111111111111111111111111100000011111111111111111111111111111111111111111111111                             11111111111111111111                      11111111111111111111111111111111111111111111111111111111111111111           
 -49           11111111111111111111111111111111111111111111111111111100000011111111111111111111111111111111111111111111111                             111111111111111111111                     111111111111111111111111111111111111111111111111111111111111111111          
 -48           11111111111111111111111111111111111111111111111111111110000011111111111111111111111111111111111111111111111                             1111111111111111111111                    111111111111111111111111111111111111111111111111111111111111111111          
 -47          111111111111111111111111111111111111111111111111111111110000011111111111111111111111111111111111111111111111                             1111111111111111111111                   11111111111111111111111111111111111111111111111111111111111111111111         
 -46          111111111111111111111111111111111111111111111111111111110000001111111111111111111111111111111111111111111111                             11111111111111111111111                  11111111111111111111111111111111111111111111111111111111111111111111         
 -45         1111111111111111111111111111111111111111111111111111111110000001111111111111111111111111111111111111111111111                             11111111111111111111111                 111100000011111111111111111111111111111111111111111111111111111111111         
 -44         1111111111111111111111000000000001111111111111111111111110000001111111111111111111111111111111111111111111111                             111111111111111111111111                1111000000111111111111111111111111111111111111111111111111111111111111        
 -43        11111111111111111111100000000000000011111111111111111111110000000111111111111111111111111111111111111111111111                             1111111111111111111111111               1111000000111111111111111111111111111111111111111111111111111111111111        
 -42        11111111111111111111000000000000000000111111111111111111110000000111111111111111111111111111111111111111111111                             1111111111111111111111111              11111000000111111111111111111111111111111111111111111111111111111111111        
 -41        11111111111111111111000000000000000000011111111111111111111000000111111111111111111111111111111111111111111111                             11111111111111111111111111             111110000001111111111111111111111111111111111111111111111111111111111111       
 -40       111111111111111111110000000000000000000000111111000011111111000000011111111111111111111111111111111111111111111                              1111111111111111111111111111          111110000001111111111111111111111111111111111111111111111111111111111111       
 -39       111111111111111111100000000000000000000000011111000001111111000000011111111111111111111111111111111111111111111                              1111111111111111111111111111111111   1111110000001111111111111111111111111111111111111111111111111111111111111       
 -38       111111111111111111100000000111110000000000001111000001111111000000011111111111111111111111111111111111111111111                              11111111111111111111111111111111111111111110000001111111111111111111111111111111111111111111111111111111111111       
 -37      1111111111111111111000000001111111100000000000111000001111111100000001111111111111111111111111111111111111111111                              111111111111111111111111111111111111111111100000011111111111111111111111111111111111111111111111111111111111111      
 -36      1111111111111111111000000011111111111000000000111000001111111100000001111111111111111111111111111111111111111111                              111111111111111111111111111111111111111111100000011111111111111111111111111111111111111111111111111111111111111      
 -35      1111111111111111110000000011111111111100000000011100111111111110000000111111111111111111111111111111111111111111                              111111111111111111111111111111111111111111100000011111111111111111111111111111111111111111111111111111111111111      
 -34      1111111111111111110000000111111111111110000000001111111111111110000000111111111111111111111111111111111111111111                              111111111111111111111111111111111111111111100000011111111111111111111111111111111111111111111111111111111111111      
 -33      1111111111111111110000000111111111111111000000001111111111111111000000011111111111111111111111111111111111111111                              1111111111111111111111111111111111111111111000000111111111111111111111111111111111111111111111111111111111111111     
 -32      1111111111111111100000001111111111111111100000000111111111111111000000011111111111111111111111111111111111111111                              1111111111111111111111111111111111111111111000000111111111111111111111111111111111111111111111111111111111111111     
 -31      1111111111111111100000001111111111111111110000000011111111111111000000011111111111111111111111111111111111111111                              1111111111111111111111111111111111111111110000000111111111111111111111111111111111111111111111111111111111111111     
 -30      111111111111111110000000111111111111111111000000001111111111111100000000111111111111111111111111111111111111111                               1111111111111111111111111111111111111111110000000111111111111111111111111111111111111111111111111111111111111111     
 -29     1111111111111111110000001111111111111111111100000000111111111111110000000111111111111111111111111111111111111111                               1111111111111111111111111111111111111111100000001111111111111111111111111111111111111111111111111111111111111111     
 -28     1111111111111111110000001111111111111111111110000000111111111111110000000111111111111111111111111111111111111111                               11111111111111111111111111111111111111111000000011111111111111111111111111111111111111111111111111111111111111111    
 -27     1111111111111111100000001111111111111111111110000000011111111111110000000111111111011111111111111111111111111111                               11111111111111111111111111111111111111111000000011111111111111111111111111111111111111111111111111111111111111111    
 -26     1111111111111111100000001111111111111111111111000000011111111111111000000111111110000011111111111111111111111111                               11111111111111111111111111111111111111110000000111111111111111111111111111111111111111111111111111111111111111111    
 -25     1111111111111111100000011111111111111111111111000000011111111111111000000111111100000000111111111111111111111111                               11111111111111111111100011111111111111110000000111111111111111111111111111111111111111111111111111111111111111111    
 -24    11111111111111111100000011111111111111111111111100000011111111111111000000111111000000000011111111111111111111111                               111111111111111111110000011111111111111100000001111111111111111111111111111111111111111111111111111111111111111111   
 -23    11111111111111111100000011111111111111111111111100000011111111111111000000111111000000000001111111111111111111111                               111111111111111111110000011111111111111100000001111111111111111111111111111111111111111111111111111111111111111111   
 -22    11111111111111111100000011111111111111111111111000000000000000000000000000111111000000000001111111111111111111111                               111111111111111111110000011111111111111100000011111111111111111111111111111111111111111111111111111111111111111111   
 -21    11111111111111111100000011111111111111111111111000000000000000000000000000111111000000000001111111111111111111111                               111111111111111111110000011111111111111000000011111111111111111111111111111111111111111111111111111111111111111111   
 -20   111111111111111111100000011111111111111111111111000000000000000000000000000111111000000000001111111111111111111111                               1111111111111111111110011111111111111110000000111111111111111111111111111111111111111111111111111111111111111111111  
 -19   111111111111111111100000011111111111111111111111000000000000000000000000000111111100000000011111111111111111111111                               1111111111111111111111111111111111111110000000111111111111111111111111111111111111111111111111111111111111111111111  
 -18   111111111111111111100000011111111111111111111111000000000000000000000000000111111110000001111111111111111111111111                               1111111111111111111111111111111111111110000000111111111111111111111111111111111111111111111111111111111111111111111  
 -17   111111111111111111100000011111111111111111111111000000000000000000000000000111111111111111111111111111111111111111                               1111111111111111111111111111111111111111000000111111111111111111111111111111111111111111111111111111111111111111111  
 -16   111111111111111111100000001111111111111111111111000000000000000000000000001111111111111111111111111111111111111111                               11111111111111111111111111111111111111110000001111111111111111111111111111111111111111111111111111111111111111111111 
 -15  1111111111111111111100000001111111111111111111111000000000000000000000000001111111111111111111111111111111111111111                               11111111111111111111111111111111111111110000001111111111111111111111111111111111111111111111111111111111111111111111 
 -14  1111111111111111111110000001111111111111111111111000000000000000000000000001111111111111111111111111111111111111111                               11111111111111111111111111111111111111110000001111111111111111111111111111111111111111111111111111111111111111111111 
 -13  1111111111111111111110000001111111111111111111111000000000000000000000000001111111111111111111111111111111111111111                               11111111111111111111111111111111111111110000001111111111111111111111111111111111111111111111111111111111111111111111 
 -12  1111111111111111111110000001111111111111111111111000000000000000000000000001111111111111111111111111111111111111111                               11111111111111111000111111111111111111110000001111111111111111111111111111111111111111111111111111111111111111111111 
 -11 11111111111111111111110000001111111111111111111111000000000000000000000000001111111111111111111111111111111111111111                               111111111111111100000111111111111111111100000011111111111111111111111111111111111111111111111111111111111111111111111
 -10 00000000000000000000000000001111111111111111111111000000000000000000000000001111111111111111111111111111111111111111                               111111111111111000000011111111111111111100000011111111111111111111111111111111111111111111111110000000000000000000000
  -9 00000000000000000000000000001111111111111111111111000000000000000000000111111111111111111111111111111111111111111111                               111111111111111100000111111111111111111110000011111111111110000000011111111111111111111111111110000000000000000000000
  -8 00000000000000000000000000001111111111111111111111000000000000000000000111111111111111111111111111111111111111111111                               111111111111111110000111111111111111111110000011111111111110000000011111111111111111111111111110000000000000000000000
  -7 00000000000000000000000000000000000011111111111111000000000000000000000111111111111111111111111111111111111111111111                               111111111111111111111111111111111111111111111111111111111110000000011111111111111100000000000000000000000000000000000
  -6 00000000000000000000000000000000000011111111111111000000000000000000000011111111111111111111111111111111111111111111                               111111111111111111111111111111111111111111111111111111111110000000011111111111111100000000000000000000000000000000000
  -5 00000000000000000000000000000000000011111111111111000000000000000000000001111111111111111111111111111111111111111111                               000000000000000000000000000000000000011111111111111111111110000000011111111111111100000000000000000000000000000000000
  -4 00000000000000000000000000000000000011111111111111000000000000011000000000011111111111111111111111111111111111111111                               000000000000000000000000000000000000000000111111111111111110000000011111111111111100000000000000000000000000000000000
  -3 00000000000000000000000000000000000011111111111111000000000000111100000000000011111111111111111111111111111111111111                               000000000000000000000000000000000000000000000111111111111110000000011111111111111100000000000000000000000000000000000
  -2 00000000000000000000000000000000000011111111111111000000000000011110000000000000001111111111111111111111111111111111                               000000000000000000000000000000000000000000000001111111111110000000011111111111111100000000000000000000000000000000000
  -1 00000000000000000000000000000000000011111111111111111111111111111111000000000000000000000000000000000000000000000000                               000000000000000000000000000000000000000000000000111111111111111111111111111111111100000000000000000000000000000000000
   0 000000000000000000000000000000000000111111111111111111111111111111111000000000000000000000000000000000000000000000000                               00000000000000000000000000000000000000000000000011111111111111111111111111111111100000000000000000000000000000000000
   1 000000000000000000000000000000000000111111111111110000000011111111111100000000000000000000000000000000000000000000000                               11111111111111111111111111111111110000000000000001111000000000000011111111111111100000000000000000000000000000000000
   2 000000000000000000000000000000000000111111111111110000000011111111111111000000000000000000000000000000000000000000000                               11111111111111111111111111111111111111000000000000111100000000000011111111111111100000000000000000000000000000000000
   3 000000000000000000000000000000000000111111111111110000000011111111111111111000000000000000000000000000000000000000000                               11111111111111111111111111111111111111111000000000011000000000000011111111111111100000000000000000000000000000000000
   4 000000000000000000000000000000000000111111111111110000000011111111111111111111110000000000000000000000000000000000000                               11111111111111111111111111111111111111111110000000000000000000000011111111111111100000000000000000000000000000000000
   5 000000000000000000000000000000000000111111111111110000000011111111111111111111111111111111111111111111111111111111111                               11111111111111111111111111111111111111111111000000000000000000000011111111111111100000000000000000000000000000000000
   6 000000000000000000000000000000000000111111111111110000000011111111111111111111111111111111111111111111111111111111111                               11111111111111111111111111111111111111111111100000000000000000000011111111111111100000000000000000000000000000000000
   7 000000000000000000000000000000000000111111111111110000000011111111111110000011111111111111111111000011111111111111111                               11111111111111111111111111111111111111111111100000000000000000000011111111111111100000000000000000000000000000000000
   8 000000000000000000000001111111111111111111111111110000000011111111111110000011111111111111111111000001111111111111111                               11111111111111111111111111111111111111111111100000000000000000000011111111111111111111110000000000000000000000000000
   9 000000000000000000000001111111111111111111111111111111111111111111111110000001111111111111111110000000111111111111111                               11111111111111111111111111111111111111110000000000000000000000000011111111111111111111110000000000000000000000000000
  10 000000000000000000000001111111111111111111111111111111111111111111111110000001111111111111111111000001111111111111111                               11111111111111111111111111111111111111110000000000000000000000000011111111111111111111110000000000000000000000000000
  11  11111111111111111111111111111111111111111111111111111111111111111111110000001111111111111111111100011111111111111111                               1111111111111111111111111111111111111111000000000000000000000000001111111111111111111111000000111111111111111111111 
  12  11111111111111111111111111111111111111111111111111111111111111111111110000001111111111111111111111111111111111111111                               1111111111111111111111111111111111111111000000000000000000000000001111111111111111111111000000111111111111111111111 
  13  11111111111111111111111111111111111111111111111111111111111111111111110000001111111111111111111111111111111111111111                               1111111111111111111111111111111111111111000000000000000000000000001111111111111111111111000000111111111111111111111 
  14  11111111111111111111111111111111111111111111111111111111111111111111110000001111111111111111111111111111111111111111                               1111111111111111111111111111111111111111000000000000000000000000001111111111111111111111000000011111111111111111111 
  15  11111111111111111111111111111111111111111111111111111111111111111111110000001111111111111111111111111111111111111111                               111111111111111111111111111111111111111100000000000000000000000000111111111111111111111100000001111111111111111111  
  16   1111111111111111111111111111111111111111111111111111111111111111111110000001111111111111111111111111111111111111111                               111111111111111111111111111111111111111000000000000000000000000000111111111111111111111110000001111111111111111111  
  17   1111111111111111111111111111111111111111111111111111111111111111111110000000111111111111111111111111111111111111111                               111111111111111111111111100000011111111000000000000000000000000000111111111111111111111110000001111111111111111111  
  18   1111111111111111111111111111111111111111111111111111111111111111111110000000111111111111111111111111111111111111111                               111111111111111111111110000000001111111000000000000000000000000000111111111111111111111110000001111111111111111111  
  19   1111111111111111111111111111111111111111111111111111111111111111111110000000111111111111111100111111111111111111111                               111111111111111111111100000000000111111000000000000000000000000000111111111111111111111110000001111111111111111111  
  20    111111111111111111111111111111111111111111111111111111111111111111110000000111111111111110000011111111111111111111                               11111111111111111111110000000000011111100000000000000000000000000011111111111111111111111000000111111111111111111   
  21    111111111111111111111111111111111111111111111111111111111111111111110000001111111111111110000011111111111111111111                               11111111111111111111110000000000011111100000000000000000000000000011111111111111111111111000000111111111111111111   
  22    111111111111111111111111111111111111111111111111111111111111111111100000001111111111111110000011111111111111111111                               11111111111111111111110000000000011111100000011111111111111000000111111111111111111111111000000111111111111111111   
  23    111111111111111111111111111111111111111111111111111111111111111111100000001111111111111110000011111111111111111111                               11111111111111111111111000000000011111100000011111111111111000000111111111111111111111111000000111111111111111111   
  24     11111111111111111111111111111111111111111111111111111111111111111100000001111111111111111000111111111111111111111                               1111111111111111111111110000000011111110000001111111111111100000001111111111111111111111100000011111111111111111    
  25     11111111111111111111111111111111111111111111111111111111111111111100000001111111111111111111111111111111111111111                               1111111111111111111111111100000111111110000001111111111111100000001111111111111111111111000000011111111111111111    
  26     11111111111111111111111111111111111111111111111111111111111111111000000011111111111111111111111111111111111111111                               1111111111111111111111111111101111111110000000111111111111100000000111111111111111111111000000011111111111111111    
  27     11111111111111111111111111111111111111111111111111111111111111111000000011111111111111111111111111111111111111111                               1111111111111111111111111111111111111110000000111111111111110000000111111111111111111111000000111111111111111111    
  28      1111111111111111111111111111111111111111111111111111111111111111000000011111111111111111111111111111111111111111                               1111111111111111111111111111111111111110000000111111111111110000000011111111111111111111000000111111111111111111    
  29      1111111111111111111111111111111111111111111111111111111111111110000000111111111111111111111111111111111111111111                               111111111111111111111111111111111111111000000001111111111111100000000111111111111111111000000011111111111111111     
  30      1111111111111111111111111111111111111111111111111111111111111110000000111111111111111111111111111111111111111111                              1111111111111111111111111111111111111111100000001111111111111100000000111111111111111111000000011111111111111111     
  31      1111111111111111111111111111111111111111111111111111111111111110000001111111111111111111111111111111111111111111                              1111111111111111111111111111111111111111100000001111111111111110000000011111111111111111000000011111111111111111     
  32      1111111111111111111111111111111111111111111111111111111111111110000001111111111111111111111111111111111111111111                              1111111111111111111111111111111111111111100000001111111111111111000000001111111111111110000000111111111111111111     
  33       111111111111111111111111111111111111111111111111111111111111110000001111111111111111111111111111111111111111111                              1111111111111111111111111111111111111111110000000111111111111111000000000111111111111110000000111111111111111111     
  34       111111111111111111111111111111111111111111111111111111111111110000001111111111111111111111111111111111111111111                              1111111111111111111111111111111111111111110000000111111111110011100000000011111111111100000000111111111111111111     
  35       111111111111111111111111111111111111111111111111111111111111110000001111111111111111111111111111111111111111111                              1111111111111111111111111111111111111111111000000011111111000001110000000001111111111100000001111111111111111111     
  36       111111111111111111111111111111111111111111111111111111111111110000001111111111111111111111111111111111111111111                              1111111111111111111111111111111111111111111000000011111111000001110000000000011111111000000001111111111111111111     
  37        11111111111111111111111111111111111111111111111111111111111110000001111111111111111111111111111111111111111111                              111111111111111111111111111111111111111111110000000111111100000111100000000000011111000000001111111111111111111      
  38        1111111111111111111111111111111111111111111111111111111111111000000111111   1111111111111111111111111111111111                              111111111111111111111111111111111111111111110000000111111100000111110000000000000000000000001111111111111111111      
  39        111111111111111111111111111111111111111111111111111111111111100000011111          1111111111111111111111111111                              111111111111111111111111111111111111111111110000000111111110000111111000000000000000000000011111111111111111111      
  40        111111111111111111111111111111111111111111111111111111111111100000011111             11111111111111111111111111                             11111111111111111111111111111111111111111111100000011111111111111111111000000000000000000011111111111111111111       
  41         11111111111111111111111111111111111111111111111111111111111100000011111              1111111111111111111111111                             11111111111111111111111111111111111111111111100000001111111111111111111100000000000000000011111111111111111111       
  42         1111111111111111111111111111111111111111111111111111111111110000001111               1111111111111111111111111                             11111111111111111111111111111111111111111111100000001111111111111111111111000000000000000111111111111111111111       
  43         1111111111111111111111111111111111111111111111111111111111110000001111                111111111111111111111111                             1111111111111111111111111111111111111111111111000000111111111111111111111111000000000001111111111111111111111        
  44          111111111111111111111111111111111111111111111111111111111110000001111                 11111111111111111111111                             1111111111111111111111111111111111111111111111000000111111111111111111111111111111111111111111111111111111111        
  45          11111111111111111111111111111111111111111111111111111111111111111111                  11111111111111111111111                             111111111111111111111111111111111111111111111100000011111111111111111111111111111111111111111111111111111111         
  46          11111111111111111111111111111111111111111111111111111111111111111111                   1111111111111111111111                             111111111111111111111111111111111111111111111110000011111111111111111111111111111111111111111111111111111111         
  47           111111111111111111111111111111111111111111111111111111111111111111                    1111111111111111111111                             11111111111111111111111111111111111111111111111000001111111111111111111111111111111111111111111111111111111          
  48           111111111111111111111111111111111111111111111111111111111111111111                     111111111111111111111                             11111111111111111111111111111111111111111111111000000111111111111111111111111111111111111111111111111111111          
  49            11111111111111111111111111111111111111111111111111111111111111111                      11111111111111111111                             1111111111111111111111111111111111111111111111100000011111111111111111111111111111111111111111111111111111           
  50             111111111111111111111111111111111111111111111111111111111111111                       11111111111111111111                             111111111111111111111111111111111111111111111110000001111111111111111111111111111111111111111111111111111            
  51             111111111111111111111111111111111111111111111111111111111111111                        111111111111111111                              111111111111111111111111111111111111111111111110000001111111111111111111111111111111111111111111111111111            
  52              1111111111111111111111111111111111111111111111111111111111111                         111111111111111111                              11111111111111111111111111111111111111111111111000000011111111111111111111111111111111111111111111111111             
  53               111111111111111111111111111111111111111111111111111111111111                          11111111111111111                              1111111111111111111111111111111111111111111111100000001111111111111111111111111111111111111111111111111              
  54                11111111111111111111111111111111111111111111111111111111111                           1111111111111111                              111111111111111111111111111111111111111111111110000000111111111111111111111111111111111111111111111111               
  55                 111111111111111111111111111111111111111111111111111111111                            1111111111111111                              11111111111111111111111111111111111111111111111000000011111111111111111111111111111111111111111111111                
  56                 111111111111111111111111111111111111111111111111111111111                             111111111111111                               1111111111111111111111111111111111111111111111000000011111111111111111111111111111111111111111111111                
  57                  1111111111111111111111111111111111111111111111111111111                               1111111111111                                111111111111111111111111111111111111111111111100000001111111111111111111111111111111111111111111111                 
  58                   1111111111111111111111111111111111111111111111111111                                  111111111111                                11111111111111111111111111111111111111111111110000000111 11111111111111111111111111111111111111111                  
  59                    111111111111111111111111111111111111111111111111                                     111111111111                                1111111111111111111111111111111111111111111111000000011    11111111111111111111111111111111111111                   
  60                      1111111111111111111111111111111111111111111                                         11111111                                     11111111111111111111111111111111111111111111000000011      1111111111111111111111111111111111                     
  61                        11111111111111111111111111111111111111                                             11                                             11111111111111111111111111111111111111111100000011        111111111111111111111111111111                       
  62                           1111111111111111111111111111111                                                                                                    111111111111111111111111111111111111110000001           11111111111111111111111111                         
  63                               11111111111111111111111                                                                                                           111111111111111111111111111111111110000001             1111111111111111111111                           
  64                                                                                                                                                                     1111111111111111111111111111111000000                  111111111111111                              
  65                                                                                                                                                                       11111111111111111111111111111000000                      1111111                                  
  66                                                                                                                                                                          1111111111111111111111111100000                                                                
  67                                                                                                                                                                              111111111111111111111100000                                                                
  68                                                                                                                                                                                  1111111111111111111000                                                                 
  69                                                                                                                                                                                     111111111111111111                                                                  
  70                                                                                                                                                                                        111111111111111                                                                  
  71                                                                                                                                                                                          111111111111                                                                   
  72                                                                                                                                                                                            111111111                                                                    
  73                                                                                                                                                                                              1111111                                                                    
  74                                                                                                                                                                                                1111                                                                     
  75                                                                                                                                                                                                  1                                                                      
seats 21739; refused 2262 DR-CLAIM, 1255 DR-KEEP, 1023 DR-ROAD, 782 OB19

## house
SEATS  house, footprint 9x7, no route standoff  1 char = 1 block  x -132..131 across, z -76..75 down
KEY  1 the footprint seats with its minimum corner here  0 refused  space void
      -3        -2        -1        -0        -9        -8        -7        -6        -5        -4        -3        -2        -1         0         1         2         3         4         5         6         7         8         9         0         1         2         3 
     210987654321098765432109876543210987654321098765432109876543210987654321098765432109876543210987654321098765432109876543210987654321012345678901234567890123456789012345678901234567890123456789012345678901234567890123456789012345678901234567890123456789012345678901
 -76                                                                       0                                                                                                                                                                                                 
 -75                                                                      0000                                                                                                                                                                                               
 -74                                                                     0000000                                                                                                                                                                                             
 -73                                                                     000000000                                                                                                                                                                                           
 -72                                                                    000000000000                                                                                                                                                                                         
 -71                                                                   000000000000000                                                                                                                                                                                       
 -70                                                                   000000000000000000                                                                                                                                                                                    
 -69                                                                  0000000000000000000000                                                                                                                                                                                 
 -68                                                                 000000000000000000000000000                                                                                                                                                                             
 -67                                                                 0000000000000000000000000000000                                                                                                                                                                         
 -66                                   0000000                      00000000000000000000000000000000000                                                                                                                                                                      
 -65                               000000000000000                  0000000000000000000000000000000000000                                                                                                                                                                    
 -64                            000000000000000000000              000000000000000000000000000000000000000000                                                                                                           00000000000000000000000                              
 -63                          00000000000000000000000000           000000000000000000000000000000000000000000000                                                                                                    0000000000000000000000000000000                          
 -62                        000000000000000000000000000000        00000000000000000000000000000000000000000000000000                                            000                                             00000000000000000000000000000000000000                       
 -61                      0000000000000000000000000000000000      00000000000011100000000000000000000000000000000000000                                    000000000                                         0000000000000000000000000000000000000000000                     
 -60                    00000000000000000000000000000000000000    0000000000001111110000000000000000000000000000000000000                                000000000000                                     000000000000000000000000000000000000000000000000                   
 -59                   00000000000000000000000000000000000000000 00000000000001111111111000000000000000000000000000000000                                000000000000                                  0000000000000000000000000000000000000000000000000000                  
 -58                  000000000000000000000000000000000000000000000000000000011111111111111100000000000000000000000000000                                0000000000000                               0000000000000000000000000000000000000000000000000000000                 
 -57                 0000000000000000000000000000000000000000000000000000000011111111111111111100000000000000000000000000                               000000000000000                             000000000000000000000000000000000000000000000000000000000                
 -56                 00000000000000001111100000000000000000000000000000000000111111111111111111110000000000000000000000000                              0000000000000000                            000000000000000000000000000000000000000000000000000000000                
 -55                000000000000000001111110000000000000000000000000000000000111111111111111111111111000000000000000000000                              0000000000000000                           00000000000000000000000000000000111100000000000000000000000               
 -54               0000000000000000011111110000000000000000000000000000000000000111111111111111111111111000000000000000000                              00000000000000000                          000000000000000001110000000000011111111100000000000000000000              
 -53              00000000000000000011111110000000000000000000000000000000000011111111111111111111111111100000000000000000                              000000000000000000                         0000000000000111111000000000000111111111111000000000000000000             
 -52             000000000100000000111111110000000000000000000000000000000000011111111111111111111111111100000000000000000                              000000000000000000                        000000000001111111110000000000011111111111111100000000000000000            
 -51             000000000110000001111111110000000000000000000000000000000000011111111111111111111111111100000001000000000                             00000000000000000000                       000000000011111111100000000000011111111111111100000000000000000            
 -50            0000000001110000001111111110000000000000000000000000000000000001111111111111111111111111100000001000000000                             00000000000000000000                      00000000001111111111000000000001111111111111111100000000000000000           
 -49           00000000011110000000000000000000000000000000000000000000000000001111111111111111111111111100000001000000000                             000000000000000000000                     000000000011111111100000000000111111111111111111100000000000000000          
 -48           00000000011000000000000000000000000000000000000000000000000000000111111111111111111111111100000001000000000                             0100000000000000000000                    000000000011111111000000000000111111111111111111100000000000000000          
 -47          000000000110000000000000000000000000000000000000000000000000000000111111111111111111111111100000001100000000                             0100000000000000000000                   00000000000111111110000000000011111111111111111111100000000000000000         
 -46          000000000110000000000000000000000000000000000000000000000000000000011111111111111110000000100000001100000000                             01000000000000000000000                  00000000001111111100000000000011111111111111111111100000000000000000         
 -45         0000000001100000000000000000000000000000000000000000000000000000000011111111100000000000000000000001000000000                             01000000000000000000000                 000000000001111111100000000000011111111111111111111100000000000000000         
 -44         0000000001000000000000000000000000000000000000000000000000000000000001111111000000000000000000000001000000000                             010000000000000000000000                0000000000011111110000000000001111111111111111111111100000000000000000        
 -43        00000000011000000000000000000000000000000011111000000000000000000000001111110000000000000000000000001000000000                             0000000000000000000000000               0000000001111111110000000000011111111111111111111111100000000000000000        
 -42        00000000010000000000000000000000000000000001111100000000000000000000001111000000000000000000000000001000000000                             0000000000000000000000000              00000000001111111100000000000011111111111111111111111100000000000000000        
 -41        00000000010000000000000000000000000000000001111100000000000000000000000110000000000000000000000000001000000000                             00000000000000000000000000             000000000001111111000000000001111111111111111111111111100000000000000000       
 -40       000000000100000000000000000000000000000000000111110000000000000000000000110000000000000000000000000001000000000                              0000000000000000000000000000          000000000011111111000000000001111111111111111111111111100000000000000000       
 -39       000000000100000000000000000000000000000000000011110000000000000000000000010000000000000000000000000001000000000                              0000000000110000000000000000000000   0000000000011111110000000000011111111111111111111111111100000000000000000       
 -38       000000000100000000000000000000000000000000000011111000000000000000000000000000000000010000000000000001000000000                              00000000011100000000000000000000000000000000000011111110000000000111111111111111111111111111100000000000000000       
 -37      0000000001000000000000000000000000000000000000001111000000000000000000000000000000000011000000000000001000000000                              100000000011000000000000000000000000000000000000111111100000000001111111111111111111111111111100000000000000000      
 -36      0000000001000000000000000000000000000000000000000111100000000000000000000000000000000111100000000000001000000000                              100000000001000000000000000000000000000000000000111111100000000011111111111111111111111111111100000000000000000      
 -35      0000000001000000000000000000000000000000000000000111100000000000000000000000000000000111100000000000001000000000                              100000000000000000000000000000000000000000000000111111100000000011111111111111111111111111111100000000000000000      
 -34      0000000001000000000000000000000010000000000000000011110000000000000000000000000000000011110000000000001000000000                              100000000000000000000000000000000000000000000000111111100000000011111111111111111111111111111100000000000000000      
 -33      0000000001000000000000000000000001000000000000000011110000000000000000000000000000000000100000000000001000000000                              1000000000000000000000000000000000000000000000001111111000000000111111111111111111111111111111100000000000000000     
 -32      0000000000000000000000000000000001100000000000000001110000000000000000000000000000000000000000000000001000000000                              1000000000000000000000000000000000000000000000001111111000000000011111111111111111111111111111100000000000000000     
 -31      0000000000000000000000000000000000100000000000000001111000000000000000000000000000000000000000000000001000000000                              1100000000000000000000000000000000000000000000001111111000000000011111111111111111111111111111100000000000000000     
 -30      000000000000000000000010000000000011000000000000000111110000000000000000000000000000000000000000000001100000000                               1100000000000000000011111000000000000000000000011111111000000000011111111111111111111111111111100000000000000000     
 -29     0000000001000000000000011000000000001100000000000000111110000000000000000000000000000000000000000000001100000000                               1100000000000000000111111000000000000000000000011111111000000000001111111111111111111111111111100000000000000000     
 -28     0000000001000000000000011000000000000100000000000000000000000000000000000000000000000000000000000000001100000000                               11000000000000000011111110000000000000000000000111111110000000000011111111111111111111111111111100000000000000000    
 -27     0000000001000000000000011100000000000100000000000000000000000000000000000000000000000000000000000000001100000000                               11000000011111111111111110000000000000000000001111111111000000000001111111111111111111111111111100000000000000000    
 -26     0000000001000000000000111100000000000000000000000000000000000000000000000000000100000000000000000000001100000000                               11000000011111111111111110000000000000000000001111111111000000000001111111111111111111111111111100000000000000000    
 -25     0000000001000000000000111110000000000000000000000000000000000000000000000000000001111111111110000000001100000000                               11000000011111111111111110000000000000000000000111111111100000000000111111111111111111111111111100000000000000000    
 -24    00000000011000000000000111110000000000000000000000000000000000000000000000000001111111111111111100000001100000000                               110000000111111111111111100000000000000000000001111111111000000000001111111111111111111111111111100000000000000000   
 -23    00000000011000000000000111111000000000000000000000000000000000000000000000000001111111111111111100000001100000000                               110000000111111111111111110000000000000000000001111111111100000000000111111111111111111111111111100000000000000000   
 -22    00000000011000000000000111111100000000000000000000000000000000000000000000000001111111111111111100000001100000000                               110000000111111111111111110000000000000000000000111111111100000000000111111111111111111111111111100000000000000000   
 -21    00000000011000000000000011111100000000000000000000000000000000000000000000000001111111111111111100000001100000000                               110000000111111111111110000000000000000000000000111111111110000000000011111111111111111111111111100000000000000000   
 -20   000000000111000000000000011111110000000000000000000000000000000000000000000000001111111111111111100000001100000000                               1100000001111111110000000000000000000000000000000111111111100000000000111111111111111111111111111100000000000000000  
 -19   000000000111000000000000011111111000000000000000000000000000000000000000000000011111111111111111100000001100000000                               1100000001111111100000000000000000000000000000000111111111110000000000011111111111111111111111111100000000000000000  
 -18   000000000111000000000000011111111000000000000000000000000000000000000000000000111111111111111111100000001100000000                               1100000001111111000000000000000000000000000000000111111111110000000000011111111111111111111111111100000000000000000  
 -17   000000000111000000000000011111111100000000000000000000000000000000000000000000111111111111111111100000001100000000                               1100000001111111000000000000000000000000000000000011111111111000000000001111111111111111111111111100000000000000000  
 -16   000000000000000000000000011111111110000000000000000000000000000000000000000000111111111111111111100000001100000000                               11000000011111110000000000000000000000000000000000111111111110000000000011111111111111100000000000000000000000000000 
 -15  0000000000000000000000000011111111110000000000000000000000000000000000000000001111111111111111111100000001100000000                               01000000011111100000000000000000000000000000000000100000000000000000000011111111111111100000000000000000000000000000 
 -14  0000000000000000000000000011111111111000000000000000000000000000000000000000001111111111111111111100000001100000000                               01000000011111100000000000000000000000000000000000100000000000000000000011111111111111100000000000000000000000000000 
 -13  0000000000000000000000000000000000011000000000000000000000000000000000000000001111111111111111111100000001100000000                               01000000011111100000000000000000000000000000000000100000000000000000000011000000000000000000000000000000000000000000 
 -12  0000000000000000000000000000000000011100000000000000000000000000000000000000001111111111111111111100000001100000000                               01000000011111100000000000000000000000000000000000100000000000000000000011000000000000000000000000000000000000000000 
 -11 00000000000000000000000000000000000011100000000000000000000000000000000000000011111111111111111111100000001100000000                               010000000111111000000000000000000000000000000000001000000000000000000000110000000000000000000000000000000000000000000
 -10 00000000000000000000000000000000000011100000000000000000000000000000000000000111111111111111111111100000001100000000                               000000000000000000000000000000000000000000000000001000000000000000000000110000000000000000000000000000000000000000000
  -9 00000000000000000000000000000000000011100000000000000000000000000000000000000111111111111111111111100000001100000000                               000000000000000000000000000000000000000000000000011000000000000000000000110000000000000000000000000000000000000000000
  -8 00000000000000000000000000000000000011100000000000000000000000000000000000000111111111111111111111100000001100000000                               000000000000000000000000000000000000000000001111111000000000000000000000110000000000000000000000000000000000000000000
  -7 00000000000000000000000000000000000011100000000000000000000000000000000000000000011111111111111111100000001100000000                               000000000000000000000000000000000000000000000011111000000000000000000000110000000000000000000000000000000000000000000
  -6 00000000000000000000000000000000000011100000000000000000000000000000000000000000000000000000000000000000000000000000                               000000000000000000000000000000000000000000000001111000000000000000000000110000000000000000000000000000000000000000000
  -5 00000000000000000000000000000000000011100000000000000000000000000000000000000000000000000000000000000000000000000000                               000000000000000000000000000000000000000000000000000000000000000000000001110000000000000000000000000000000000000000000
  -4 00000000000000000000000000000000000011100000000000000000000000000000000000000000000000000000000000000000000000000000                               000000000000000000000000000000000000000000000000000000000000000000000011110000000000000000000000000000000000000000000
  -3 00000000000000000000000000000000000011100000000000000000000000000000000000000000000000000000000000000000000000000000                               000000000000000000000000000000000000000000000000000000000000000000000011110000000000000000000000000000000000000000000
  -2 00000000000000000000000000000000000011000000000000000000000000000000000000000000000000000000000000000000000000000000                               000000000000000000000000000000000000000000000000000000000000000000000011110000000000000000000000000000000000000000000
  -1 00000000000000000000000000000000000010000000000000000000001111000000000000000000000000000000000000000000000000000000                               000000000000000000000000000000000000000000000000000000000000000000000011110000000000000000000000000000000000000000000
   0 000000000000000000000000000000000000100000000000000000000011111000000000000000000000000000000000000000000000000000000                               11000000011111111111111111100000000000000000000000000000000000000000011110000000000000000000000000000000000000000000
   1 000000000000000000000000000000000000100000000000000000000011111110000000000000000000000000000000000000000000000000000                               11000000011111111111111111111110000000000000000000000000000000000000011110000000000000000000000000000000000000000000
   2 000000000000000000000000000000000000100000000000000000000011000000000000000000000000000000000000000000000000000000000                               11000000011111111111111111111110000000000000000000000000000000000000011110000000000000000000000000000000000000000000
   3 000000000000000000000000000000000000100000000000000000000010000000000000000000000000000000000000000000000000000000000                               11000000011111111111111111111110000000000000000000000000000000000000011110000000000000000000000000000000000000000000
   4 000000000000000000000000000000000000100000000000000000000010000000000000000000000000000000000011111100000001000000000                               11000000011111111111111111111100000000000000000000000000000000000000011110000000000000000000000000000000000000000000
   5 000000000000000000000000000000000000100000000000000000000010000000000000000000000000000000000011111100000001000000000                               11000000011111111111111111111000000000000000000000000000000000000000011110000000000000000000000000000000000000000000
   6 000000000000000000000000000000000000100000000000000000000010000000000000000000000000000000000011111100000001000000000                               11000000011111111111111111111000000000000000000000000000000000000000001110000000000000000000000000000000000000000000
   7 000000000000000000000000000000000000100000000000000000000010000000000000000000000000000000000011111100000001000000000                               11000000011111111111111111111000000000000000000000000000000000000000001110000000000000000000000000000000000000000000
   8 000000000000000000000001111111111111100000000000000000000010000000000000000000000000000000000011111100000001000000000                               11000000011111111111111111111000000000000000000000000000000000000000000111111111100000000000000000000000000000000000
   9 000000000000000000000001111111111111100000000000111111111110000000000000000000000000000000000111111100000001100000000                               11000000011111111111111111110000000000000000000000000000000000000000000111111111100000000000000000000000000000000000
  10 000000000000000000000001111111111111100000000000111111111110000000000000000000000000000000000111111100000001100000000                               11000000011111111111111111110000000000000000000000000000000000000000000011111111100000000000000000000000000000000000
  11  00000000001111111111111111111111111110000000000011111111111000000000000000000000000000000000111111100000001100000000                               1100000001111111111111111111000000000000000000000000000000000000000000000111111110000000000000111000000000000000000 
  12  00000000001111111111111111111111111110000000000011111111111000000000000000000000000000000001111111100000001100000000                               1100000001111111111111111110000000000000000000000000000000000000000000000111111110000000000000111000000000000000000 
  13  00000000001111111111111111111111111111000000000001111111111000000000000000000000000000000011111111100000001100000000                               1100000001111111111111111100000000000000000000000000000000000000000000000011111110000000000000111000000000000000000 
  14  00000000000111111111111111111111111111000000000001111111111100000000000000000000000001111111111111100000001100000000                               1100000001111111111111111100000000000000000000000000000000000000000000000001111110000000000000110000000000000000000 
  15  00000000000111111111111111111111111111100000000000111111111100000000000000000000001111111111111111100000001100000000                               110000000111111111111111110000000000000000000000000000000000000000000000000111111100000000000011000000000000000000  
  16   0000000000111111111111111111111111111100000000000111111111110000000000000000000001111111111111111100000001100000000                               110000000111111111111111110000000000000000000000000000000000000000000000000011111100000000000011000000000000000000  
  17   0000000000111111111111111111111111111110000000000011111111110000000000000000000000111111111111111100000001100000000                               110000000111111111111111110000000000000000000000000000000000000000000000000001111100000000000011000000000000000000  
  18   0000000000011111111111111111111111111110000000000011111111110000000000000000000000111111111111111100000001100000000                               110000000001111111111110000000000000000000000000000000000000000000000000000001111100000000000010000000000000000000  
  19   0000000000011111111111111111111111111111000000000001111111111000000000000000000000111111111111111100000001100000000                               110000000000000000000000100000000000000000000000000000000000000000000000000000111100000000000010000000000000000000  
  20    000000000011111111111111111111111111111000000000001111111111000000000000000000000111111111111111100000001100000000                               11000000000000000000000000000000000000000000000000000000000000000010000000000011100000000000001000000000000000000   
  21    000000000011111111111111111111111111111100000000000111111110000000000000000000000111111100000000000000001100000000                               11000000000000000000000000000000000000000000000000000000000000000010000000000001100000000000001000000000000000000   
  22    000000000001111111111111111111111111111100000000000111111110000000000000000000000111111000000000000000001100000000                               11000000000000000000000000000000000000000000000111110000000000000011000000000001100000000000001000000000000000000   
  23    000000000001111111111111111111111111111110000000000111111110000000000000000000000111110000000000000000001100000000                               11000000000000000000000000000000000000000000000111110000000000000001100000000000100000000000000000000000000000000   
  24     00000000001111111111111111111111111111110000000000111111100000000000000000000000000000000000000000000001100000000                               1000000000000000000000000000000000000000000000001111000000000000000010000000000000000000000000000000000000000000    
  25     00000000001111111111111111111111111111110000000000111111100000000000000000000000000000000000000000000000100000000                               1000000000000000000000000000000000000000000000000111000000000000000011000000000000000000000000000000000000000000    
  26     00000000001111111111111111111111111111111000000000111111100000000000000000000000000000000000000000000000100000000                               1000000000000010000000000000000000000000000000000111100000000000000001000000000000000000000001000000000000000000    
  27     00000000000111111111111111111111111111111000000000111111100000000000000000000000000000000000000000000000100000000                               1000000000000111100000000000000000000000000000000111100000000000000000100000000000000000000001000000000000000000    
  28      0000000000111111111111111111111111111111000000000111111100000000000000000000000000000000000000000000000100000000                               1000000000000011110000000000000000000000000000000011110000000000000000000000000000000000000001000000000000000000    
  29      0000000000111111111111111111111111111111000000000111111100000000000000000000000000000000000010000000000100000000                               100000000000001111000000000000000000000000000000001111000000000000000000000000000000000000000100000000000000000     
  30      0000000000111111111111111111111111111110000000000111111100000000000000000000000000000000000011000000000100000000                              0100000000000000110000000000000000000000000000000000111100000000000000000000000000000000000000100000000000000000     
  31      0000000000011111111111111111111111111110000000000111111100000000000000000000000000000000000011100000000000000000                              0100000000000000010000000000000000000000000000000000111110000000000000000000000000000000000001000000000000000000     
  32      0000000000011111111111111111111111111100000000000111111100000000000000000000000000000000000011000000000000000000                              0100000000000000000000000000010000000000000000000000011110000000000000000000000000000000000001000000000000000000     
  33       000000000011111111111111111111111111000000000001111111100000000000000000000000000000000000000000000000000000000                              0100000000000000000000000000011000000000000000000000011111000000000000000000000000000000000001000000000000000000     
  34       000000000011111111111111111111111111000000000001111111000000000000000000000000000000000000000000000000000000000                              0100000000000000000000000000011000000000000000000000001111100000000000000000000000000000000010000000000000000000     
  35       000000000001111111111111111111111110000000000001111111100000000000000000000000000000000000000000000000000000000                              0100000000000000000000000000111100000000000000000000001111100000000000000000000000000000000010000000000000000000     
  36       000000000001111111111111111111111110000000000011111111100000000000000000000000000000000000000000000000000000000                              0100000000000000000000000011111100000000000000000000000111110000000000000000000000000000000110000000000000000000     
  37        00000000001111111111111111111111100000000000011111110000000000000000000000000000000000000000000000000100000000                              010000000000000000000000011111110000000000000000000000000000000000000000000000000000000000010000000000000000000      
  38        0000000000011111111111111111111100000000000011111111000000000000000000000   0000000000000000000000000100000000                              010000000000000000000000111111111000000000000000000000000000000000000000000000000000000000110000000000000000000      
  39        000000000001111111111111111111110000000000001111111100000000000000000000          0000000000000000000100000000                              110000000100000001111111111111111000000000000000000000000000000000000000000000000000000001100000000000000000000      
  40        000000000001111111111111111111110000000000011111111000000000000000000000             00000000000000001000000000                             11000000011111111111111111111111110000000000000000000000000000000000000000000000000000000110000000000000000000       
  41         00000000000111111111111111111100000000000011111111000000000000000000000              0000000000000001000000000                             01000000011111111111111111111111110000000000000000000000000000000000000000000000000000001100000000000000000000       
  42         0000000000011111111111111111110000000000011111111100000000000000000000               0000000000000000000000000                             01000000011111111111111111111111111000000000000000000000000000000000000000000000000000111100000000000000000000       
  43         0000000000001111111111111111100000000000111111111100000000000000000000                000000000000000000000000                             0100000001111111111111111111111111100000000000000000000000000000000000011111111100000011100000000000000000000        
  44          000000000000111111111111111000000000000111111111000000000000000000000                 00000000000000000000000                             0100000001111111111111111111111111110000000000000000000000000000000000011111111100000011000000000000000000000        
  45          00000000000011111111111111100000000000111111111000000000000000000000                  00000000000000000000000                             000000000111111111111111111111111111000000000000000000000000000000000001111111100000000100000000000000000000         
  46          00000000000000111111111111000000000000111111000000000000000000000000                   0000000000000000000000                             000000000111111111111111111111111111000000000000000000000000000000000001111111000000000000000000000000000000         
  47           000000000000000011111111100000000000111000000000000000000000000000                    0000000000000000000000                             00000000001111111111111111111111110000000000000000000000000000000000000111111100000000000000000000000000000          
  48           000000000000000000001111000000000000000000000000000000000000000000                     000000000000000000000                             00000000000001111111111111111111111110000000000000000000000000000000000111111000000000000000000000000000000          
  49            00000000000000000000000000000000000000000000000000000000000000000                      00000000000000000000                             0000000000000000011111111111111111111000000000000000000000000000000000001111100000000000000000000000000000           
  50             000000000000000000000000000000000000000000000000000000000000000                       00000000000000000000                             000000000000000000011111111111111111100000000000000000000000000000000000000000000000000000000000000000000            
  51             000000000000000000000000000000000000000000000000000000000000000                        000000000000000000                              000000000000000000000011111111111111100000000000000000000000000000000000000000000000000000000000000000000            
  52              0000000000000000000000000000000000000000000000000000000000000                         000000000000000000                              00000000000000000000000000111111111100000000000000000000000000000000000000000000000000000000000000000000             
  53               000000000000000000000000000000000000000000000000000000000000                          00000000000000000                              0000000000000000000000000000001111110000000000000000000000000000000000000000000000000000000000000000000              
  54                00000000000000000000000000000000000000000000000000000000000                           0000000000000000                              000000000000000000000000000000000111000000000000000000000000000000000000000000000000000000000000000000               
  55                 000000000000000000000000000000000000000000000000000000000                            0000000000000000                              00000000000000000000000000000000000000000000000000000000000000000000000000000000000000000000000000000                
  56                 000000000000000000000000000000000000000000000000000000000                             000000000000000                               0000000000000000000000000000000000000000000000000000000000000000000000000000000000000000000000000000                
  57                  0000000000000000000000000000000000000000000000000000000                               0000000000000                                000000000000000000000000000000000000000000000000000000000000000000000000000000000000000000000000000                 
  58                   0000000000000000000000000000000000000000000000000000                                  000000000000                                00000000000000000000000000000000000000000000000000000000 00000000000000000000000000000000000000000                  
  59                    000000000000000000000000000000000000000000000000                                     000000000000                                0000000000000000000000000000000000000000000000000000000    00000000000000000000000000000000000000                   
  60                      0000000000000000000000000000000000000000000                                         00000000                                     00000000000000000000000000000000000000000000000000000      0000000000000000000000000000000000                     
  61                        00000000000000000000000000000000000000                                             00                                             00000000000000000000000000000000000000000000000000        000000000000000000000000000000                       
  62                           0000000000000000000000000000000                                                                                                    000000000000000000000000000000000000000000000           00000000000000000000000000                         
  63                               00000000000000000000000                                                                                                           000000000000000000000000000000000000000000             0000000000000000000000                           
  64                                                                                                                                                                     0000000000000000000000000000000000000                  000000000000000                              
  65                                                                                                                                                                       00000000000000000000000000000000000                      0000000                                  
  66                                                                                                                                                                          0000000000000000000000000000000                                                                
  67                                                                                                                                                                              000000000000000000000000000                                                                
  68                                                                                                                                                                                  0000000000000000000000                                                                 
  69                                                                                                                                                                                     000000000000000000                                                                  
  70                                                                                                                                                                                        000000000000000                                                                  
  71                                                                                                                                                                                          000000000000                                                                   
  72                                                                                                                                                                                            000000000                                                                    
  73                                                                                                                                                                                              0000000                                                                    
  74                                                                                                                                                                                                0000                                                                     
  75                                                                                                                                                                                                  0                                                                      
seats 5451; refused 5664 DR-SLOPE, 5613 DR-CLAIM, 3792 DR-PASS, 3666 DR-SITE, 1744 DR-KEEP, 1131 OB19
DR-SLOPE asked: a site rising 7 or more is refused
NOT ASKED  DR-CROSS, DR-WAY — the pass may still decline a seat marked 1 under these
