## tree
SEATS  tree, footprint 1x1, 3 blocks off a route  1 char = 1 block  x -80..79 across, z -130..129 down
KEY  1 the footprint seats with its minimum corner here  0 refused  space void
     8        -7        -6        -5        -4        -3        -2        -1         0         1         2         3         4         5         6         7         
     0987654321098765432109876543210987654321098765432109876543210987654321098765432101234567890123456789012345678901234567890123456789012345678901234567890123456789
-130                                                                       00000000000001111111111111111111111                                                       
-129                                                                       00000000000000000000111111111111111                                                       
-128                                                                       00000000000000000000111111111111111                                                       
-127                                                                       00000000000000000000111111111111111                                                       
-126                                                                       00000000000000000000111111111111111                                                       
-125                                                                       00000000000000000000111111111111111                                                       
-124                                                                       00000000000000000000111111111111111                                                       
-123                                                                       00000000000000000000111111111111111                                                       
-122                                                                       00000000000000000000111111111111111                                                       
-121                                                                       00000000000000000000111111111111111                                                       
-120                                                                       0000000000               1111111111                                                       
-119                                                                       0000000000               1111111111                                                       
-118                                                                       0000000000               1111111111                                                       
-117                                                                       1000000000               1111111111                                                       
-116                                                                       1000000000               1111111111                                                       
-115                                                                       1000000000               1111111111                                                       
-114                                                                       1000000000               1111111111                                                       
-113                                                                       1000000000               1111111111                                                       
-112                                                                       1000000000               1111111111                                                       
-111                                                                       1000000000               1111111111                                                       
-110                                                                       1111111111               1111111111                                                       
-109                                                                       1111111111               1111111111                                                       
-108                                                                       1111111111               1111111111                                                       
-107                                                                       1111111111               1111111111                                                       
-106                                                                       1111111111               1111111111                                                       
-105                                                                       11111111111111111111111111111111111                                                       
-104                                                                       11111111111111111111111111111111111                                                       
-103                                                                       11111111111111111111111111111111111                                                       
-102                                                                       11111111111111111111111111111111111                                                       
-101                                                                       11111111111111111111111111111111111                                                       
-100                                                                       11111111111111111111111111111111111                                                       
 -99                                                                       11111111111111111111111111111111111                                                       
 -98                                                                       11111111111111111111111111111111111                                                       
 -97                                                                       11111111111111111111111111111111111                                                       
 -96                                                                       11111111111111111111111111111111111                                                       
 -95                                                                                 1111111111111111111111111                                                       
 -94                                                                                 1111111111111111111111111                                                       
 -93                                                                                 1111111111111111111111111                                                       
 -92                                                                                 1111111111111111111111111                                                       
 -91                                                                                 1111111111111111111111111                                                       
 -90                                                                                 1111111111111111111111111                                                       
 -89                                                                                 1111111111111111111111111                                                       
 -88                                                                                 1111111111111111111111111                                                       
 -87                                                                                 1111111111111111111111111                                                       
 -86                                                                                 1111111111111111111111111                                                       
 -85                                                                       1111111111111111111111111111111111111111                                                  
 -84                                                                       1111111111111111111111111111111111111111                                                  
 -83                                                                       1111111111111111111111111111111111111111                                                  
 -82                                                                       1111111111111111111111111111111111111111                                                  
 -81                                                                       1111111111111111111111111111111111111111                                                  
 -80                                                                       1111111111111111111111111111111111111111                                                  
 -79                                                                       1111111111111111111111111111111111111111                                                  
 -78                                                                       1111111111111111111111111111111111111111                                                  
 -77                                                                       1111111111111111111111111111111111111111                                                  
 -76                                                                       1111111111111111111111111111111111111111                                                  
 -75                                                                       1111111111111111111111111111111111111111                                                  
 -74                                                                       1111111111111111111111111111111111111111                                                  
 -73                                                                       1111111111111111111111111111111111111111                                                  
 -72                                                                       1111111111111111111111111111111111111111                                                  
 -71                                                                       1111111111111111111111111111111111111111                                                  
 -70                                                                       111111111111111          111111111111111                                                  
 -69                                                                       111111111111111          111111111111111                                                  
 -68                                                                       111111111111111          111111111111111                                                  
 -67                                                                       111111111111111          111111111111111                                                  
 -66                                                                       111111111111111          111111111111111                                                  
 -65                                                                       111111111111111          111111111111111                                                  
 -64                                                                       111111111111111          111111111111111                                                  
 -63                                                                       111111111111111          111111111111111                                                  
 -62                                                                       111111111111111          111111111111111                                                  
 -61                                                                       111111111111111          111111111111111                                                  
 -60                                                        000000000000011111111111111111          111111111111111          1111111111111111111111111111000000000000
 -59                                                        000000000000000000000000000001          111111111111111          1111111111111111111110000000000000000000
 -58                                                        000000000000000000000000000001          111111111111111          1111111111111111111110000000000000000000
 -57                                                        000000000000000000000000000001          111111111111111          1111111111111111111110000000000000000000
 -56                                                        000000000000000000000000000001          111111111111111          1111111111111111111110000000000000000000
 -55                                                        0000000000000000000000000000011111111111111111111111111          1111111111111111111110000000000000000000
 -54                                                        0000000000000000000000000000011111111111111111111111111          1111111111111111111110000000000000000000
 -53                                                        0000000000000000000000000000011111111111111111111111111          1111111111111111111110000000000000000000
 -52                                                        0000000000000000000000000000011111111111111111111111111          1111111111111111111110000000000000000000
 -51                                                        0000000000000000000000000000011111111111111111111111111          1111111111111111111110000000000000000000
 -50                                                        000000000000000000000000000001111111111111111111111111111111111111111111111          1111111100          
 -49                                                        000000000000000000000000000001111111111111111111111111111111111111111111111          1111111100          
 -48                                                        000000000000000000000000000001111111111111111111111111111111111111111111111          1111111100          
 -47                                                        000000000000000000000000000001111111111111111111111111111111111111111111111          1111111111          
 -46                                                        000000000000000000000000000001111111111111111111111111111111111111111111111          1111111111          
 -45                                                                       11111111111111111111111111111111111111111111111111111111111111111111111111111111          
 -44                                                                       11111111111111111111111111111111111111111111111111111111111111111111111111111111          
 -43                                                                       11111111111111111111111111111111111111111111111111111111111111111111111111111111          
 -42                                                                       11111111111111111111111111111111111111111111111111111111111111111111111111111111          
 -41                                                                       11111111111111111111111111111111111111111111111111111111111111111111111111111111          
 -40                                                                       11111111111111111111111111111111111111111111111111111111111111111111111111111111          
 -39                                                                       11111111111111111111111111111111111111111111111111111111111111111111111111111111          
 -38                                                                       11111111111111111111111111111111111111111111111111111111111111111111111111111111          
 -37                                                                       11111111111111111111111111111111111111111111111111111111111111111111111111111111          
 -36                                                                       11111111111111111111111111111111111111111111111111111111111111111111111111111111          
 -35                                                                       11111111111111111111                                                                      
 -34                                                                       11111111111111111111                                                                      
 -33                                                                       11111111111111111111                                                                      
 -32                                                                       11111111111111111111                                                                      
 -31                                                                       11111111111111111111                                                                      
 -30                                                                       11111111111111111111                                                                      
 -29                                                                       11111111111111111111                                                                      
 -28                                                                       11111111111111111111                                                                      
 -27                                                                       11111111111111111111                                                                      
 -26                                                                       11111111111111111111                                                                      
 -25                                                                       11111111111111111111                                                                      
 -24                                                                       11111111111111111111                                                                      
 -23                                                                       11111111111111111111                                                                      
 -22                                                                       11111111111111111111                                                                      
 -21                                                                       11111111111111111111                                                                      
 -20                                                                       11111111111111111111                                                                      
 -19                                                                       11111111111111111111                                                                      
 -18                                                                       11111111111111111111                                                                      
 -17                                                                       11111111111111111111                                                                      
 -16                                                                       11111111111111111111                                                                      
 -15                                                                       11111111111111111111                                                                      
 -14                                                                       11111111111111111111                                                                      
 -13                                                                       11111111111111111111                                                                      
 -12                                                                       11111111111111111111                                                                      
 -11                                                                       11111111111111111111                                                                      
 -10                                                                                                                                                                 
  -9                                                                                                                                                                 
  -8                                                                                                                                                                 
  -7                                                                                                                                                                 
  -6                                                                                                                                                                 
  -5                                                                                                                                                                 
  -4                                                                                                                                                                 
  -3                                                                                                                                                                 
  -2                                                                                                                                                                 
  -1                                                                                                                                                                 
   0                                                                                                                                                                 
   1                                                                                                                                                                 
   2                                                                                                                                                                 
   3                                                                                                                                                                 
   4                                                                                                                                                                 
   5                                                                                                                                                                 
   6                                                                                                                                                                 
   7                                                                                                                                                                 
   8                                                                                                                                                                 
   9                                                                                                                                                                 
  10                                                                       11111111111111111111                                                                      
  11                                                                       11111111111111111111                                                                      
  12                                                                       11111111111111111111                                                                      
  13                                                                       11111111111111111111                                                                      
  14                                                                       11111111111111111111                                                                      
  15                                                                       11111111111111111111                                                                      
  16                                                                       11111111111111111111                                                                      
  17                                                                       11111111111111111111                                                                      
  18                                                                       11111111111111111111                                                                      
  19                                                                       11111111111111111111                                                                      
  20                                                                       11111111111111111111                                                                      
  21                                                                       11111111111111111111                                                                      
  22                                                                       11111111111111111111                                                                      
  23                                                                       11111111111111111111                                                                      
  24                                                                       11111111111111111111                                                                      
  25                                                                       11111111111111111111                                                                      
  26                                                                       11111111111111111111                                                                      
  27                                                                       11111111111111111111                                                                      
  28                                                                       11111111111111111111                                                                      
  29                                                                       11111111111111111111                                                                      
  30                                                                       11111111111111111111                                                                      
  31                                                                       11111111111111111111                                                                      
  32                                                                       11111111111111111111                                                                      
  33                                                                       11111111111111111111                                                                      
  34                                                                       11111111111111111111                                                                      
  35           11111111111111111111111111111111111111111111111111111111111111111111111111111111                                                                      
  36           11111111111111111111111111111111111111111111111111111111111111111111111111111111                                                                      
  37           11111111111111111111111111111111111111111111111111111111111111111111111111111111                                                                      
  38           11111111111111111111111111111111111111111111111111111111111111111111111111111111                                                                      
  39           11111111111111111111111111111111111111111111111111111111111111111111111111111111                                                                      
  40           11111111111111111111111111111111111111111111111111111111111111111111111111111111                                                                      
  41           11111111111111111111111111111111111111111111111111111111111111111111111111111111                                                                      
  42           11111111111111111111111111111111111111111111111111111111111111111111111111111111                                                                      
  43           11111111111111111111111111111111111111111111111111111111111111111111111111111111                                                                      
  44           11111111111111111111111111111111111111111111111111111111111111111111111111111111                                                                      
  45           1111111111          111111111111111111111111111111111111111111111111111111111111111000000000000                                                       
  46           1111111111          111111111111111111111111111111111111111111111110000000000000000000000000000                                                       
  47           1111111111          111111111111111111111111111111111111111111111110000000000000000000000000000                                                       
  48           0001111111          111111111111111111111111111111111111111111111110000000000000000000000000000                                                       
  49           0001111111          111111111111111111111111111111111111111111111110000000000000000000000000000                                                       
  50 0000000000000111111111111111111111111111          1111111111111111111111111110000000000000000000000000000                                                       
  51 0000000000000000000011111111111111111111          1111111111111111111111111110000000000000000000000000000                                                       
  52 0000000000000000000011111111111111111111          1111111111111111111111111110000000000000000000000000000                                                       
  53 0000000000000000000011111111111111111111          1111111111111111111111111110000000000000000000000000000                                                       
  54 0000000000000000000011111111111111111111          1111111111111111111111111110000000000000000000000000000                                                       
  55 0000000000000000000011111111111111111111          111111111111111          110000000000000000000000000000                                                       
  56 0000000000000000000011111111111111111111          111111111111111          110000000000000000000000000000                                                       
  57 0000000000000000000011111111111111111111          111111111111111          110000000000000000000000000000                                                       
  58 0000000000000000000011111111111111111111          111111111111111          110000000000000000000000000000                                                       
  59 0000000000000000000011111111111111111111          111111111111111          110000000000000000000000000000                                                       
  60                                                   111111111111111          111111111111111                                                                      
  61                                                   111111111111111          111111111111111                                                                      
  62                                                   111111111111111          111111111111111                                                                      
  63                                                   111111111111111          111111111111111                                                                      
  64                                                   111111111111111          111111111111111                                                                      
  65                                                   111111111111111          111111111111111                                                                      
  66                                                   111111111111111          111111111111111                                                                      
  67                                                   111111111111111          111111111111111                                                                      
  68                                                   111111111111111          111111111111111                                                                      
  69                                                   111111111111111          111111111111111                                                                      
  70                                                   1111111111111111111111111111111111111111                                                                      
  71                                                   1111111111111111111111111111111111111111                                                                      
  72                                                   1111111111111111111111111111111111111111                                                                      
  73                                                   1111111111111111111111111111111111111111                                                                      
  74                                                   1111111111111111111111111111111111111111                                                                      
  75                                                   1111111111111111111111111111111111111111                                                                      
  76                                                   1111111111111111111111111111111111111111                                                                      
  77                                                   1111111111111111111111111111111111111111                                                                      
  78                                                   1111111111111111111111111111111111111111                                                                      
  79                                                   1111111111111111111111111111111111111111                                                                      
  80                                                   1111111111111111111111111111111111111111                                                                      
  81                                                   1111111111111111111111111111111111111111                                                                      
  82                                                   1111111111111111111111111111111111111111                                                                      
  83                                                   1111111111111111111111111111111111111111                                                                      
  84                                                   1111111111111111111111111111111111111111                                                                      
  85                                                        1111111111111111111111111                                                                                
  86                                                        1111111111111111111111111                                                                                
  87                                                        1111111111111111111111111                                                                                
  88                                                        1111111111111111111111111                                                                                
  89                                                        1111111111111111111111111                                                                                
  90                                                        1111111111111111111111111                                                                                
  91                                                        1111111111111111111111111                                                                                
  92                                                        1111111111111111111111111                                                                                
  93                                                        1111111111111111111111111                                                                                
  94                                                        1111111111111111111111111                                                                                
  95                                                        11111111111111111111111111111111111                                                                      
  96                                                        11111111111111111111111111111111111                                                                      
  97                                                        11111111111111111111111111111111111                                                                      
  98                                                        11111111111111111111111111111111111                                                                      
  99                                                        11111111111111111111111111111111111                                                                      
 100                                                        11111111111111111111111111111111111                                                                      
 101                                                        11111111111111111111111111111111111                                                                      
 102                                                        11111111111111111111111111111111111                                                                      
 103                                                        11111111111111111111111111111111111                                                                      
 104                                                        11111111111111111111111111111111111                                                                      
 105                                                        1111111111               1111111111                                                                      
 106                                                        1111111111               1111111111                                                                      
 107                                                        1111111111               1111111111                                                                      
 108                                                        1111111111               1111111111                                                                      
 109                                                        1111111111               1111111111                                                                      
 110                                                        1111111111               1111111111                                                                      
 111                                                        1111111111               1000000000                                                                      
 112                                                        1111111111               1000000000                                                                      
 113                                                        1111111111               1000000000                                                                      
 114                                                        1111111111               1000000000                                                                      
 115                                                        1111111111               1000000000                                                                      
 116                                                        1111111111               1000000000                                                                      
 117                                                        1111111111               1000000000                                                                      
 118                                                        1111111111               0000000000                                                                      
 119                                                        1111111111               0000000000                                                                      
 120                                                        11111111111111111111111000000000000                                                                      
 121                                                        11111111111111110000000000000000000                                                                      
 122                                                        11111111111111110000000000000000000                                                                      
 123                                                        11111111111111110000000000000000000                                                                      
 124                                                        11111111111111110000000000000000000                                                                      
 125                                                        11111111111111110000000000000000000                                                                      
 126                                                        11111111111111110000000000000000000                                                                      
 127                                                        11111111111111110000000000000000000                                                                      
 128                                                        11111111111111110000000000000000000                                                                      
 129                                                        11111111111111110000000000000000000                                                                      
seats 7787; refused 1763 DR-KEEP

## boulder
SEATS  boulder, footprint 1x1, 2 blocks off a route  1 char = 1 block  x -80..79 across, z -130..129 down
KEY  1 the footprint seats with its minimum corner here  0 refused  space void
     8        -7        -6        -5        -4        -3        -2        -1         0         1         2         3         4         5         6         7         
     0987654321098765432109876543210987654321098765432109876543210987654321098765432101234567890123456789012345678901234567890123456789012345678901234567890123456789
-130                                                                       00000000000001111111111111111111111                                                       
-129                                                                       00000000000000000000111111111111111                                                       
-128                                                                       00000000000000000000111111111111111                                                       
-127                                                                       00000000000000000000111111111111111                                                       
-126                                                                       00000000000000000000111111111111111                                                       
-125                                                                       00000000000000000000111111111111111                                                       
-124                                                                       00000000000000000000111111111111111                                                       
-123                                                                       00000000000000000000111111111111111                                                       
-122                                                                       00000000000000000000111111111111111                                                       
-121                                                                       00000000000000000000111111111111111                                                       
-120                                                                       0000000000               1111111111                                                       
-119                                                                       0000000000               1111111111                                                       
-118                                                                       0000000000               1111111111                                                       
-117                                                                       1000000000               1111111111                                                       
-116                                                                       1000000000               1111111111                                                       
-115                                                                       1000000000               1111111111                                                       
-114                                                                       1000000000               1111111111                                                       
-113                                                                       1000000000               1111111111                                                       
-112                                                                       1000000000               1111111111                                                       
-111                                                                       1000000000               1111111111                                                       
-110                                                                       1111111111               1111111111                                                       
-109                                                                       1111111111               1111111111                                                       
-108                                                                       1111111111               1111111111                                                       
-107                                                                       1111111111               1111111111                                                       
-106                                                                       1111111111               1111111111                                                       
-105                                                                       11111111111111111111111111111111111                                                       
-104                                                                       11111111111111111111111111111111111                                                       
-103                                                                       11111111111111111111111111111111111                                                       
-102                                                                       11111111111111111111111111111111111                                                       
-101                                                                       11111111111111111111111111111111111                                                       
-100                                                                       11111111111111111111111111111111111                                                       
 -99                                                                       11111111111111111111111111111111111                                                       
 -98                                                                       11111111111111111111111111111111111                                                       
 -97                                                                       11111111111111111111111111111111111                                                       
 -96                                                                       11111111111111111111111111111111111                                                       
 -95                                                                                 1111111111111111111111111                                                       
 -94                                                                                 1111111111111111111111111                                                       
 -93                                                                                 1111111111111111111111111                                                       
 -92                                                                                 1111111111111111111111111                                                       
 -91                                                                                 1111111111111111111111111                                                       
 -90                                                                                 1111111111111111111111111                                                       
 -89                                                                                 1111111111111111111111111                                                       
 -88                                                                                 1111111111111111111111111                                                       
 -87                                                                                 1111111111111111111111111                                                       
 -86                                                                                 1111111111111111111111111                                                       
 -85                                                                       1111111111111111111111111111111111111111                                                  
 -84                                                                       1111111111111111111111111111111111111111                                                  
 -83                                                                       1111111111111111111111111111111111111111                                                  
 -82                                                                       1111111111111111111111111111111111111111                                                  
 -81                                                                       1111111111111111111111111111111111111111                                                  
 -80                                                                       1111111111111111111111111111111111111111                                                  
 -79                                                                       1111111111111111111111111111111111111111                                                  
 -78                                                                       1111111111111111111111111111111111111111                                                  
 -77                                                                       1111111111111111111111111111111111111111                                                  
 -76                                                                       1111111111111111111111111111111111111111                                                  
 -75                                                                       1111111111111111111111111111111111111111                                                  
 -74                                                                       1111111111111111111111111111111111111111                                                  
 -73                                                                       1111111111111111111111111111111111111111                                                  
 -72                                                                       1111111111111111111111111111111111111111                                                  
 -71                                                                       1111111111111111111111111111111111111111                                                  
 -70                                                                       111111111111111          111111111111111                                                  
 -69                                                                       111111111111111          111111111111111                                                  
 -68                                                                       111111111111111          111111111111111                                                  
 -67                                                                       111111111111111          111111111111111                                                  
 -66                                                                       111111111111111          111111111111111                                                  
 -65                                                                       111111111111111          111111111111111                                                  
 -64                                                                       111111111111111          111111111111111                                                  
 -63                                                                       111111111111111          111111111111111                                                  
 -62                                                                       111111111111111          111111111111111                                                  
 -61                                                                       111111111111111          111111111111111                                                  
 -60                                                        000000000000011111111111111111          111111111111111          1111111111111111111111111111000000000000
 -59                                                        000000000000000000000000000001          111111111111111          1111111111111111111110000000000000000000
 -58                                                        000000000000000000000000000001          111111111111111          1111111111111111111110000000000000000000
 -57                                                        000000000000000000000000000001          111111111111111          1111111111111111111110000000000000000000
 -56                                                        000000000000000000000000000001          111111111111111          1111111111111111111110000000000000000000
 -55                                                        0000000000000000000000000000011111111111111111111111111          1111111111111111111110000000000000000000
 -54                                                        0000000000000000000000000000011111111111111111111111111          1111111111111111111110000000000000000000
 -53                                                        0000000000000000000000000000011111111111111111111111111          1111111111111111111110000000000000000000
 -52                                                        0000000000000000000000000000011111111111111111111111111          1111111111111111111110000000000000000000
 -51                                                        0000000000000000000000000000011111111111111111111111111          1111111111111111111110000000000000000000
 -50                                                        000000000000000000000000000001111111111111111111111111111111111111111111111          1111111100          
 -49                                                        000000000000000000000000000001111111111111111111111111111111111111111111111          1111111100          
 -48                                                        000000000000000000000000000001111111111111111111111111111111111111111111111          1111111100          
 -47                                                        000000000000000000000000000001111111111111111111111111111111111111111111111          1111111111          
 -46                                                        000000000000000000000000000001111111111111111111111111111111111111111111111          1111111111          
 -45                                                                       11111111111111111111111111111111111111111111111111111111111111111111111111111111          
 -44                                                                       11111111111111111111111111111111111111111111111111111111111111111111111111111111          
 -43                                                                       11111111111111111111111111111111111111111111111111111111111111111111111111111111          
 -42                                                                       11111111111111111111111111111111111111111111111111111111111111111111111111111111          
 -41                                                                       11111111111111111111111111111111111111111111111111111111111111111111111111111111          
 -40                                                                       11111111111111111111111111111111111111111111111111111111111111111111111111111111          
 -39                                                                       11111111111111111111111111111111111111111111111111111111111111111111111111111111          
 -38                                                                       11111111111111111111111111111111111111111111111111111111111111111111111111111111          
 -37                                                                       11111111111111111111111111111111111111111111111111111111111111111111111111111111          
 -36                                                                       11111111111111111111111111111111111111111111111111111111111111111111111111111111          
 -35                                                                       11111111111111111111                                                                      
 -34                                                                       11111111111111111111                                                                      
 -33                                                                       11111111111111111111                                                                      
 -32                                                                       11111111111111111111                                                                      
 -31                                                                       11111111111111111111                                                                      
 -30                                                                       11111111111111111111                                                                      
 -29                                                                       11111111111111111111                                                                      
 -28                                                                       11111111111111111111                                                                      
 -27                                                                       11111111111111111111                                                                      
 -26                                                                       11111111111111111111                                                                      
 -25                                                                       11111111111111111111                                                                      
 -24                                                                       11111111111111111111                                                                      
 -23                                                                       11111111111111111111                                                                      
 -22                                                                       11111111111111111111                                                                      
 -21                                                                       11111111111111111111                                                                      
 -20                                                                       11111111111111111111                                                                      
 -19                                                                       11111111111111111111                                                                      
 -18                                                                       11111111111111111111                                                                      
 -17                                                                       11111111111111111111                                                                      
 -16                                                                       11111111111111111111                                                                      
 -15                                                                       11111111111111111111                                                                      
 -14                                                                       11111111111111111111                                                                      
 -13                                                                       11111111111111111111                                                                      
 -12                                                                       11111111111111111111                                                                      
 -11                                                                       11111111111111111111                                                                      
 -10                                                                                                                                                                 
  -9                                                                                                                                                                 
  -8                                                                                                                                                                 
  -7                                                                                                                                                                 
  -6                                                                                                                                                                 
  -5                                                                                                                                                                 
  -4                                                                                                                                                                 
  -3                                                                                                                                                                 
  -2                                                                                                                                                                 
  -1                                                                                                                                                                 
   0                                                                                                                                                                 
   1                                                                                                                                                                 
   2                                                                                                                                                                 
   3                                                                                                                                                                 
   4                                                                                                                                                                 
   5                                                                                                                                                                 
   6                                                                                                                                                                 
   7                                                                                                                                                                 
   8                                                                                                                                                                 
   9                                                                                                                                                                 
  10                                                                       11111111111111111111                                                                      
  11                                                                       11111111111111111111                                                                      
  12                                                                       11111111111111111111                                                                      
  13                                                                       11111111111111111111                                                                      
  14                                                                       11111111111111111111                                                                      
  15                                                                       11111111111111111111                                                                      
  16                                                                       11111111111111111111                                                                      
  17                                                                       11111111111111111111                                                                      
  18                                                                       11111111111111111111                                                                      
  19                                                                       11111111111111111111                                                                      
  20                                                                       11111111111111111111                                                                      
  21                                                                       11111111111111111111                                                                      
  22                                                                       11111111111111111111                                                                      
  23                                                                       11111111111111111111                                                                      
  24                                                                       11111111111111111111                                                                      
  25                                                                       11111111111111111111                                                                      
  26                                                                       11111111111111111111                                                                      
  27                                                                       11111111111111111111                                                                      
  28                                                                       11111111111111111111                                                                      
  29                                                                       11111111111111111111                                                                      
  30                                                                       11111111111111111111                                                                      
  31                                                                       11111111111111111111                                                                      
  32                                                                       11111111111111111111                                                                      
  33                                                                       11111111111111111111                                                                      
  34                                                                       11111111111111111111                                                                      
  35           11111111111111111111111111111111111111111111111111111111111111111111111111111111                                                                      
  36           11111111111111111111111111111111111111111111111111111111111111111111111111111111                                                                      
  37           11111111111111111111111111111111111111111111111111111111111111111111111111111111                                                                      
  38           11111111111111111111111111111111111111111111111111111111111111111111111111111111                                                                      
  39           11111111111111111111111111111111111111111111111111111111111111111111111111111111                                                                      
  40           11111111111111111111111111111111111111111111111111111111111111111111111111111111                                                                      
  41           11111111111111111111111111111111111111111111111111111111111111111111111111111111                                                                      
  42           11111111111111111111111111111111111111111111111111111111111111111111111111111111                                                                      
  43           11111111111111111111111111111111111111111111111111111111111111111111111111111111                                                                      
  44           11111111111111111111111111111111111111111111111111111111111111111111111111111111                                                                      
  45           1111111111          111111111111111111111111111111111111111111111111111111111111111000000000000                                                       
  46           1111111111          111111111111111111111111111111111111111111111110000000000000000000000000000                                                       
  47           1111111111          111111111111111111111111111111111111111111111110000000000000000000000000000                                                       
  48           0001111111          111111111111111111111111111111111111111111111110000000000000000000000000000                                                       
  49           0001111111          111111111111111111111111111111111111111111111110000000000000000000000000000                                                       
  50 0000000000000111111111111111111111111111          1111111111111111111111111110000000000000000000000000000                                                       
  51 0000000000000000000011111111111111111111          1111111111111111111111111110000000000000000000000000000                                                       
  52 0000000000000000000011111111111111111111          1111111111111111111111111110000000000000000000000000000                                                       
  53 0000000000000000000011111111111111111111          1111111111111111111111111110000000000000000000000000000                                                       
  54 0000000000000000000011111111111111111111          1111111111111111111111111110000000000000000000000000000                                                       
  55 0000000000000000000011111111111111111111          111111111111111          110000000000000000000000000000                                                       
  56 0000000000000000000011111111111111111111          111111111111111          110000000000000000000000000000                                                       
  57 0000000000000000000011111111111111111111          111111111111111          110000000000000000000000000000                                                       
  58 0000000000000000000011111111111111111111          111111111111111          110000000000000000000000000000                                                       
  59 0000000000000000000011111111111111111111          111111111111111          110000000000000000000000000000                                                       
  60                                                   111111111111111          111111111111111                                                                      
  61                                                   111111111111111          111111111111111                                                                      
  62                                                   111111111111111          111111111111111                                                                      
  63                                                   111111111111111          111111111111111                                                                      
  64                                                   111111111111111          111111111111111                                                                      
  65                                                   111111111111111          111111111111111                                                                      
  66                                                   111111111111111          111111111111111                                                                      
  67                                                   111111111111111          111111111111111                                                                      
  68                                                   111111111111111          111111111111111                                                                      
  69                                                   111111111111111          111111111111111                                                                      
  70                                                   1111111111111111111111111111111111111111                                                                      
  71                                                   1111111111111111111111111111111111111111                                                                      
  72                                                   1111111111111111111111111111111111111111                                                                      
  73                                                   1111111111111111111111111111111111111111                                                                      
  74                                                   1111111111111111111111111111111111111111                                                                      
  75                                                   1111111111111111111111111111111111111111                                                                      
  76                                                   1111111111111111111111111111111111111111                                                                      
  77                                                   1111111111111111111111111111111111111111                                                                      
  78                                                   1111111111111111111111111111111111111111                                                                      
  79                                                   1111111111111111111111111111111111111111                                                                      
  80                                                   1111111111111111111111111111111111111111                                                                      
  81                                                   1111111111111111111111111111111111111111                                                                      
  82                                                   1111111111111111111111111111111111111111                                                                      
  83                                                   1111111111111111111111111111111111111111                                                                      
  84                                                   1111111111111111111111111111111111111111                                                                      
  85                                                        1111111111111111111111111                                                                                
  86                                                        1111111111111111111111111                                                                                
  87                                                        1111111111111111111111111                                                                                
  88                                                        1111111111111111111111111                                                                                
  89                                                        1111111111111111111111111                                                                                
  90                                                        1111111111111111111111111                                                                                
  91                                                        1111111111111111111111111                                                                                
  92                                                        1111111111111111111111111                                                                                
  93                                                        1111111111111111111111111                                                                                
  94                                                        1111111111111111111111111                                                                                
  95                                                        11111111111111111111111111111111111                                                                      
  96                                                        11111111111111111111111111111111111                                                                      
  97                                                        11111111111111111111111111111111111                                                                      
  98                                                        11111111111111111111111111111111111                                                                      
  99                                                        11111111111111111111111111111111111                                                                      
 100                                                        11111111111111111111111111111111111                                                                      
 101                                                        11111111111111111111111111111111111                                                                      
 102                                                        11111111111111111111111111111111111                                                                      
 103                                                        11111111111111111111111111111111111                                                                      
 104                                                        11111111111111111111111111111111111                                                                      
 105                                                        1111111111               1111111111                                                                      
 106                                                        1111111111               1111111111                                                                      
 107                                                        1111111111               1111111111                                                                      
 108                                                        1111111111               1111111111                                                                      
 109                                                        1111111111               1111111111                                                                      
 110                                                        1111111111               1111111111                                                                      
 111                                                        1111111111               1000000000                                                                      
 112                                                        1111111111               1000000000                                                                      
 113                                                        1111111111               1000000000                                                                      
 114                                                        1111111111               1000000000                                                                      
 115                                                        1111111111               1000000000                                                                      
 116                                                        1111111111               1000000000                                                                      
 117                                                        1111111111               1000000000                                                                      
 118                                                        1111111111               0000000000                                                                      
 119                                                        1111111111               0000000000                                                                      
 120                                                        11111111111111111111111000000000000                                                                      
 121                                                        11111111111111110000000000000000000                                                                      
 122                                                        11111111111111110000000000000000000                                                                      
 123                                                        11111111111111110000000000000000000                                                                      
 124                                                        11111111111111110000000000000000000                                                                      
 125                                                        11111111111111110000000000000000000                                                                      
 126                                                        11111111111111110000000000000000000                                                                      
 127                                                        11111111111111110000000000000000000                                                                      
 128                                                        11111111111111110000000000000000000                                                                      
 129                                                        11111111111111110000000000000000000                                                                      
seats 7787; refused 1763 DR-KEEP

## house
SEATS  house, footprint 9x7, no route standoff  1 char = 1 block  x -80..79 across, z -130..129 down
KEY  1 the footprint seats with its minimum corner here  0 refused  space void
     8        -7        -6        -5        -4        -3        -2        -1         0         1         2         3         4         5         6         7         
     0987654321098765432109876543210987654321098765432109876543210987654321098765432101234567890123456789012345678901234567890123456789012345678901234567890123456789
-130                                                                       00000000000000000000000001100000000                                                       
-129                                                                       00000000000000000000000001100000000                                                       
-128                                                                       00000000000000000000000000000000000                                                       
-127                                                                       00000000000000000000000000000000000                                                       
-126                                                                       00000000000000000000000000000000000                                                       
-125                                                                       00000000000000000000000000000000000                                                       
-124                                                                       00000000000000000000000000000000000                                                       
-123                                                                       00000000000000000000000000000000000                                                       
-122                                                                       00000000000000000000000000000000000                                                       
-121                                                                       00000000000000000000000000000000000                                                       
-120                                                                       0000000000               0000000000                                                       
-119                                                                       0000000000               0000000000                                                       
-118                                                                       0000000000               0000000000                                                       
-117                                                                       0000000000               0000000000                                                       
-116                                                                       0000000000               0000000000                                                       
-115                                                                       0000000000               0000000000                                                       
-114                                                                       0000000000               0000000000                                                       
-113                                                                       0000000000               0000000000                                                       
-112                                                                       0000000000               0000000000                                                       
-111                                                                       0000000000               0000000000                                                       
-110                                                                       0000000000               0000000000                                                       
-109                                                                       0000000000               0000000000                                                       
-108                                                                       0000000000               0000000000                                                       
-107                                                                       0000000000               0000000000                                                       
-106                                                                       0000000000               0000000000                                                       
-105                                                                       00000000001111111000000001100000000                                                       
-104                                                                       00000000001111111000000001100000000                                                       
-103                                                                       11000000000000000000000001100000000                                                       
-102                                                                       11000000000000000000000001100000000                                                       
-101                                                                       00000000000000000000000001100000000                                                       
-100                                                                       00000000000000000000000001100000000                                                       
 -99                                                                       00000000000000000000000001100000000                                                       
 -98                                                                       00000000000000000000000001100000000                                                       
 -97                                                                       00000000000000000000000001100000000                                                       
 -96                                                                       00000000000000000000000001100000000                                                       
 -95                                                                                 1100000000000001100000000                                                       
 -94                                                                                 1100000000000001100000000                                                       
 -93                                                                                 1100000000000001100000000                                                       
 -92                                                                                 1100000000000001100000000                                                       
 -91                                                                                 0000000000000000000000000                                                       
 -90                                                                                 0000000000000000000000000                                                       
 -89                                                                                 0000000000000000000000000                                                       
 -88                                                                                 0000000000000000000000000                                                       
 -87                                                                                 0000000000000000000000000                                                       
 -86                                                                                 0000000000000000000000000                                                       
 -85                                                                       1100000000000000000000000000000000000000                                                  
 -84                                                                       1100000000000000000000000000000000000000                                                  
 -83                                                                       0000000000000000000000000000000000000000                                                  
 -82                                                                       0000000000000000000000000000000000000000                                                  
 -81                                                                       0000000000000000000000000000000000000000                                                  
 -80                                                                       0000000000000000000000000000000000000000                                                  
 -79                                                                       0000000000000000000000000000000000000000                                                  
 -78                                                                       0000000000000001100000000000000000000000                                                  
 -77                                                                       0000000000000001100000000000000000000000                                                  
 -76                                                                       0000000000000000000000000000000000000000                                                  
 -75                                                                       0000000000000000000000000000000000000000                                                  
 -74                                                                       0000000000000000000000000000000000000000                                                  
 -73                                                                       0000000000000000000000000000000000000000                                                  
 -72                                                                       0000000000000000000000000000000000000000                                                  
 -71                                                                       0000000000000000000000000000000000000000                                                  
 -70                                                                       000000000000000          000000000000000                                                  
 -69                                                                       000000000000000          000000000000000                                                  
 -68                                                                       000000000000000          000000000000000                                                  
 -67                                                                       000000000000000          000000000000000                                                  
 -66                                                                       000000000000000          000000000000000                                                  
 -65                                                                       000000000000000          000000000000000                                                  
 -64                                                                       000000000000000          000000000000000                                                  
 -63                                                                       000000000000000          000000000000000                                                  
 -62                                                                       000000000000000          000000000000000                                                  
 -61                                                                       000000000000000          000000000000000                                                  
 -60                                                        000000000000000000000000000000          000000000000000          1100000000000000000000000000000000000000
 -59                                                        000000000000000000000000000000          000000000000000          1100000000000000000000000000000000000000
 -58                                                        000000000000000000000000000000          000000000000000          0000000000000000000000000000000000000000
 -57                                                        000000000000000000000000000000          000000000000000          0000000000000000000000000000000000000000
 -56                                                        000000000000000000000000000000          000000000000000          0000000000000000000000000000000000000000
 -55                                                        0000000000000000000000000000001100000000000000000000000          0000000000000000000000000000000000000000
 -54                                                        0000000000000000000000000000001100000000000000000000000          0000000000000000000000000000000000000000
 -53                                                        0000000000000000000000000000000000000000000000000000000          0000000000000000000000000000000000000000
 -52                                                        0000000000000000000000000000000000000000000000000000000          0000000000000000000000000000000000000000
 -51                                                        0000000000000000000000000000000000000000000000000000000          0000000000000000000000000000000000000000
 -50                                                        000000000000000000000000000000000000000000000000000000000000000000000000000          0000000000          
 -49                                                        000000000000000000000000000000000000000000000000000000000000000000000000000          0000000000          
 -48                                                        000000000000000000000000000000000000000000000000000000000000000000000000000          0000000000          
 -47                                                        000000000000000000000000000000000000000000000000000000000000000000000000000          0000000000          
 -46                                                        000000000000000000000000000000000000000000000000000000000000000000000000000          0000000000          
 -45                                                                       11000000011100000000000000000000000000000000000000000000000000000000000000000000          
 -44                                                                       11000000011100000000000000000000000000000000000000000000000000000000000000000000          
 -43                                                                       11000000011100000000111111111111000000000000000000110000000000000000001100000000          
 -42                                                                       11000000011100000000111111111111000000000000000000110000000000000000001100000000          
 -41                                                                       11000000000000000000000000000000000000000000000000000000000000000000000000000000          
 -40                                                                       11000000000000000000000000000000000000000000000000000000000000000000000000000000          
 -39                                                                       11000000000000000000000000000000000000000000000000000000000000000000000000000000          
 -38                                                                       11000000000000000000000000000000000000000000000000000000000000000000000000000000          
 -37                                                                       11000000000000000000000000000000000000000000000000000000000000000000000000000000          
 -36                                                                       11000000000000000000000000000000000000000000000000000000000000000000000000000000          
 -35                                                                       11000000001100000000                                                                      
 -34                                                                       11000000001100000000                                                                      
 -33                                                                       11000000001100000000                                                                      
 -32                                                                       11000000001100000000                                                                      
 -31                                                                       11000000001100000000                                                                      
 -30                                                                       11000000001100000000                                                                      
 -29                                                                       11000000001100000000                                                                      
 -28                                                                       11000000001100000000                                                                      
 -27                                                                       11000000001100000000                                                                      
 -26                                                                       11000000001100000000                                                                      
 -25                                                                       00000000000000000000                                                                      
 -24                                                                       00000000000000000000                                                                      
 -23                                                                       00000000000000000000                                                                      
 -22                                                                       00000000000000000000                                                                      
 -21                                                                       00000000000000000000                                                                      
 -20                                                                       00000000000000000000                                                                      
 -19                                                                       00000000000000000000                                                                      
 -18                                                                       11000000001100000000                                                                      
 -17                                                                       11000000001100000000                                                                      
 -16                                                                       00000000000000000000                                                                      
 -15                                                                       00000000000000000000                                                                      
 -14                                                                       00000000000000000000                                                                      
 -13                                                                       00000000000000000000                                                                      
 -12                                                                       00000000000000000000                                                                      
 -11                                                                       00000000000000000000                                                                      
 -10                                                                                                                                                                 
  -9                                                                                                                                                                 
  -8                                                                                                                                                                 
  -7                                                                                                                                                                 
  -6                                                                                                                                                                 
  -5                                                                                                                                                                 
  -4                                                                                                                                                                 
  -3                                                                                                                                                                 
  -2                                                                                                                                                                 
  -1                                                                                                                                                                 
   0                                                                                                                                                                 
   1                                                                                                                                                                 
   2                                                                                                                                                                 
   3                                                                                                                                                                 
   4                                                                                                                                                                 
   5                                                                                                                                                                 
   6                                                                                                                                                                 
   7                                                                                                                                                                 
   8                                                                                                                                                                 
   9                                                                                                                                                                 
  10                                                                       11000000001100000000                                                                      
  11                                                                       11000000001100000000                                                                      
  12                                                                       00000000000000000000                                                                      
  13                                                                       00000000000000000000                                                                      
  14                                                                       00000000000000000000                                                                      
  15                                                                       00000000000000000000                                                                      
  16                                                                       00000000000000000000                                                                      
  17                                                                       00000000000000000000                                                                      
  18                                                                       00000000000000000000                                                                      
  19                                                                       11000000001100000000                                                                      
  20                                                                       11000000001100000000                                                                      
  21                                                                       11000000001100000000                                                                      
  22                                                                       11000000001100000000                                                                      
  23                                                                       11000000001100000000                                                                      
  24                                                                       11000000001100000000                                                                      
  25                                                                       11000000001100000000                                                                      
  26                                                                       11000000001100000000                                                                      
  27                                                                       11000000001100000000                                                                      
  28                                                                       11000000001100000000                                                                      
  29                                                                       00000000001100000000                                                                      
  30                                                                       00000000001100000000                                                                      
  31                                                                       00000000001100000000                                                                      
  32                                                                       00000000001100000000                                                                      
  33                                                                       00000000001100000000                                                                      
  34                                                                       00000000001100000000                                                                      
  35           11000000000000000000110000000000000000001111111111110000000011100000001100000000                                                                      
  36           11000000000000000000110000000000000000001111111111110000000011100000001100000000                                                                      
  37           00000000000000000000000000000000000000000000000000000000000011100000001100000000                                                                      
  38           00000000000000000000000000000000000000000000000000000000000011100000001100000000                                                                      
  39           00000000000000000000000000000000000000000000000000000000000011100000000000000000                                                                      
  40           00000000000000000000000000000000000000000000000000000000000000000000000000000000                                                                      
  41           00000000000000000000000000000000000000000000000000000000000000000000000000000000                                                                      
  42           00000000000000000000000000000000000000000000000000000000000000000000000000000000                                                                      
  43           00000000000000000000000000000000000000000000000000000000000000000000000000000000                                                                      
  44           00000000000000000000000000000000000000000000000000000000000000000000000000000000                                                                      
  45           0000000000          000000000000000000000000000000000000000000000000000000000000000000000000000                                                       
  46           0000000000          000000000000000000000000000000000000000000000000000000000000000000000000000                                                       
  47           0000000000          000000000000000000000000000000000001100000000000000000000000000000000000000                                                       
  48           0000000000          000000000000000000000000000000000001100000000000000000000000000000000000000                                                       
  49           0000000000          000000000000000000000000000000000000000000000000000000000000000000000000000                                                       
  50 0000000000000000000000000000000000000000          0000000000000000000000000000000000000000000000000000000                                                       
  51 0000000000000000000000000000000000000000          0000000000000000000000000000000000000000000000000000000                                                       
  52 0000000000000000000000000000001100000000          0000000000000000000000000000000000000000000000000000000                                                       
  53 0000000000000000000000000000001100000000          0000000000000000000000000000000000000000000000000000000                                                       
  54 0000000000000000000000000000000000000000          0000000000000000000000000000000000000000000000000000000                                                       
  55 0000000000000000000000000000000000000000          000000000000000          000000000000000000000000000000                                                       
  56 0000000000000000000000000000000000000000          000000000000000          000000000000000000000000000000                                                       
  57 0000000000000000000000000000000000000000          000000000000000          000000000000000000000000000000                                                       
  58 0000000000000000000000000000000000000000          000000000000000          000000000000000000000000000000                                                       
  59 0000000000000000000000000000000000000000          000000000000000          000000000000000000000000000000                                                       
  60                                                   000000000000000          000000000000000                                                                      
  61                                                   000000000000000          000000000000000                                                                      
  62                                                   000000000000000          000000000000000                                                                      
  63                                                   000000000000000          000000000000000                                                                      
  64                                                   000000000000000          000000000000000                                                                      
  65                                                   000000000000000          000000000000000                                                                      
  66                                                   000000000000000          000000000000000                                                                      
  67                                                   000000000000000          000000000000000                                                                      
  68                                                   000000000000000          000000000000000                                                                      
  69                                                   000000000000000          000000000000000                                                                      
  70                                                   0000000000000001100000000000000000000000                                                                      
  71                                                   0000000000000001100000000000000000000000                                                                      
  72                                                   0000000000000000000000000000000000000000                                                                      
  73                                                   0000000000000000000000000000000000000000                                                                      
  74                                                   0000000000000000000000000000000000000000                                                                      
  75                                                   0000000000000000000000000000000000000000                                                                      
  76                                                   0000000000000000000000000000000000000000                                                                      
  77                                                   0000000000000000000000000000001100000000                                                                      
  78                                                   0000000000000000000000000000001100000000                                                                      
  79                                                   0000000000000000000000000000000000000000                                                                      
  80                                                   0000000000000000000000000000000000000000                                                                      
  81                                                   0000000000000000000000000000000000000000                                                                      
  82                                                   0000000000000000000000000000000000000000                                                                      
  83                                                   0000000000000000000000000000000000000000                                                                      
  84                                                   0000000000000000000000000000000000000000                                                                      
  85                                                        1100000000000001100000000                                                                                
  86                                                        1100000000000001100000000                                                                                
  87                                                        1100000000000001100000000                                                                                
  88                                                        1100000000000001100000000                                                                                
  89                                                        1100000000000000000000000                                                                                
  90                                                        1100000000000000000000000                                                                                
  91                                                        1100000000000000000000000                                                                                
  92                                                        1100000000000000000000000                                                                                
  93                                                        1100000000000000000000000                                                                                
  94                                                        1100000000000000000000000                                                                                
  95                                                        11000000000000000000000001100000000                                                                      
  96                                                        11000000000000000000000001100000000                                                                      
  97                                                        11000000001111111000000000000000000                                                                      
  98                                                        11000000001111111000000000000000000                                                                      
  99                                                        00000000000000000000000000000000000                                                                      
 100                                                        00000000000000000000000000000000000                                                                      
 101                                                        00000000000000000000000000000000000                                                                      
 102                                                        00000000000000000000000000000000000                                                                      
 103                                                        00000000000000000000000000000000000                                                                      
 104                                                        00000000000000000000000000000000000                                                                      
 105                                                        0000000000               0000000000                                                                      
 106                                                        0000000000               0000000000                                                                      
 107                                                        0000000000               0000000000                                                                      
 108                                                        0000000000               0000000000                                                                      
 109                                                        0000000000               0000000000                                                                      
 110                                                        0000000000               0000000000                                                                      
 111                                                        0000000000               0000000000                                                                      
 112                                                        0000000000               0000000000                                                                      
 113                                                        0000000000               0000000000                                                                      
 114                                                        0000000000               0000000000                                                                      
 115                                                        0000000000               0000000000                                                                      
 116                                                        0000000000               0000000000                                                                      
 117                                                        0000000000               0000000000                                                                      
 118                                                        0000000000               0000000000                                                                      
 119                                                        0000000000               0000000000                                                                      
 120                                                        00000000000000000000000000000000000                                                                      
 121                                                        00000000000000000000000000000000000                                                                      
 122                                                        11000000000000000000000000000000000                                                                      
 123                                                        11000000000000000000000000000000000                                                                      
 124                                                        00000000000000000000000000000000000                                                                      
 125                                                        00000000000000000000000000000000000                                                                      
 126                                                        00000000000000000000000000000000000                                                                      
 127                                                        00000000000000000000000000000000000                                                                      
 128                                                        00000000000000000000000000000000000                                                                      
 129                                                        00000000000000000000000000000000000                                                                      
seats 375; refused 3486 DR-SITE, 3461 DR-PASS, 2228 DR-KEEP
