## tree
SEATS  tree, footprint 1x1, 3 blocks off a route  1 char = 1 block  x -72..71 across, z -168..167 down
KEY  1 the footprint seats with its minimum corner here  0 refused  space void
      -7        -6        -5        -4        -3        -2        -1         0         1         2         3         4         5         6         7 
     210987654321098765432109876543210987654321098765432109876543210987654321012345678901234567890123456789012345678901234567890123456789012345678901
-168                                                             0000000000000000                                                                    
-167                                                             0000000000000000                                                                    
-166                                                             0000000000000000                                                                    
-165                                                             0000000000000000                                                                    
-164                                                             0000000000000000                                                                    
-163                                                             0000000000000000                                                                    
-162                                                             0000000000000000                                                                    
-161                                                             0000000000000000                                                                    
-160                                                             0000000000000000                                                                    
-159                                                             0000000000000000                                                                    
-158                                                             0000000000000000                                                                    
-157                                                             1000000000000000                                                                    
-156                                                             1000000000000000                                                                    
-155                                                             1000000000000000                                                                    
-154                                                             1000000000000000                                                                    
-153                                                             1000000000000000                                                                    
-152                                             111111111111111110000000000000001111111111111111                                                    
-151                                             111111111111111110000000000000001111111111111111                                                    
-150                                             111111111111111111111111111111111111111111111111                                                    
-149                                             111111111111111111111111111111111111111111111111                                                    
-148                                             111111111111111111111111111111111111111111111111                                                    
-147                                             111111111111111111111111111111111111111111111111                                                    
-146                                             111111111111111111111111111111111111111111111111                                                    
-145                                             111111111111111111111111111111111111111111111111                                                    
-144                                             111111111111111111111111111111111111111111111111                                                    
-143                                             111111111111111111111111111111111111111111111111                                                    
-142                                             111111111111111111111111111111111111111111111111                                                    
-141                                             111111111111111111111111111111111111111111111111                                                    
-140                                             111111111111111111111111111111111111111111111111                                                    
-139                                             111111111111111111111111111111111111111111111111                                                    
-138                                             111111111111111111111111111111111111111111111111                                                    
-137                                             111111111111111111111111111111111111111111111111                                                    
-136                                             1111111111111111                1111111111111111                                                    
-135                                             1111111111111111                1111111111111111                                                    
-134                                             1111111111111111                1111111111111111                                                    
-133                                             1111111111111111                1111111111111111                                                    
-132                                             1111111111111111                1111111111111111                                                    
-131                                             1111111111111111                1111111111111111                                                    
-130                                             1111111111111111                1111111111111111                                                    
-129                                             1111111111111111                1111111111111111                                                    
-128                                             1111111111111111                1111111111111111                                                    
-127                                             1111111111111111                1111111111111111                                                    
-126                                             1111111111111111                1111111111111111                                                    
-125                                             1111111111111111                1111111111111111                                                    
-124                                             1111111111111111                1111111111111111                                                    
-123                                             1111111111111111                1111111111111111                                                    
-122                                             1111111111111111                1111111111111111                                                    
-121                                             1111111111111111                1111111111111111                                                    
-120                                     1111111111111111111111111111111111111111111111111111111111111111                                            
-119                                     1111111111111111111111111111111111111111111111111111111111111111                                            
-118                                     1111111111111111111111111111111111111111111111111111111111111111                                            
-117                                     1111111111111111111111111111111111111111111111111111111111111111                                            
-116                                     1111111111111111111111111111111111111111111111111111111111111111                                            
-115                                     1111111111111111111111111111111111111111111111111111111111111111                                            
-114                                     1111111111111111111111111111111111111111111111111111111111111111                                            
-113                                     1111111111111111111111111111111111111111111111111111111111111111                                            
-112                                     1111111111111111111111111111111111111111111111111111111111111111                                            
-111                                     1111111111111111111111111111111111111111111111111111111111111111                                            
-110                                     1111111111111111111111111111111111111111111111111111111111111111                                            
-109                                     1111111111111111111111111111111111111111111111111111111111111111                                            
-108                                     1111111111111111111111111111111111111111111111111111111111111111                                            
-107                                     1111111111111111111111111111111111111111111111111111111111111111                                            
-106                                     1111111111111111111111111111111111111111111111111111111111111111                                            
-105                                     1111111111111111111111111111111111111111111111111111111111111111                                            
-104                                     1111111111111111                                1111111111111111                                            
-103                                     1111111111111111                                1111111111111111                                            
-102                                     1111111111111111                                1111111111111111                                            
-101                                     1111111111111111                                1111111111111111                                            
-100                                     1111111111111111                                1111111111111111                                            
 -99                                     1111111111111111                                1111111111111111                                            
 -98                                     1111111111111111                                1111111111111111                                            
 -97                                     1111111111111111                                1111111111111111                                            
 -96                                     1111111111111111                                1111111111111111                                            
 -95                                     1111111111111111                                1111111111111111                                            
 -94                                     1111111111111111                                1111111111111111                                            
 -93                                     1111111111111111                                1111111111111111                                            
 -92                                     1111111111111111                                1111111111111111                                            
 -91                                     1111111111111111                                1111111111111111                                            
 -90                                     1111111111111111                                1111111111111111                                            
 -89                                     1111111111111111                                1111111111111111                                            
 -88                                     1111111111111111                                1111111111111111                                            
 -87                                     1111111111111111                                1111111111111111                                            
 -86                                     1111111111111111                                1111111111111111                                            
 -85                                     1111111111111111                                1111111111111111                                            
 -84                                     1111111111111111                                1111111111111111                                            
 -83                                     1111111111111111                                1111111111111111                                            
 -82                                     1111111111111111                                1111111111111111                                            
 -81                                     1111111111111111                                1111111111111111                                            
 -80 00000000000111111111111111111111111111111111111111111111111111111111111111111111111111111111111111111111111111111111110000000000                
 -79 00000000000000000011111111111111111111111111111111111111111111111111111111111111111111111111111111111000000000000000000000000000                
 -78 00000000000000000011111111111111111111111111111111111111111111111111111111111111111111111111111111111000000000000000000000000000                
 -77 00000000000000000011111111111111111111111111111111111111111111111111111111111111111111111111111111111000000000000000000000000000                
 -76 00000000000000000011111111111111111111111111111111111111111111111111111111111111111111111111111111111000000000000000000000000000                
 -75 00000000000000000011111111111111111111111111111111111111111111111111111111111111111111111111111111111000000000000000000000000000                
 -74 00000000000000000011111111111111111111111111111111111111111111111111111111111111111111111111111111111000000000000000000000000000                
 -73 00000000000000000011111111111111111111111111111111111111111111111111111111111111111111111111111111111000000000000000000000000000                
 -72 00000000000000000011111111111111111111111111111111111111111111111111111111111111111111111111111111111000000000000000000000000000                
 -71 00000000000000000011111111111111111111111111111111111111111111111111111111111111111111111111111111111000000000000000000000000000                
 -70 00000000000000000011111111111111111111111111111111111111111111111111111111111111111111111111111111111000000000000000000000000000                
 -69 00000000000000000011111111111111111111111111111111111111111111111111111111111111111111111111111111111000000000000000000000000000                
 -68 00000000000000000011111111111111111111111111111111111111111111111111111111111111111111111111111111111000000000000000000000000000                
 -67 00000000000000000011111111111111111111111111111111111111111111111111111111111111111111111111111111111000000000000000000000000000                
 -66 00000000000000000011111111111111111111111111111111111111111111111111111111111111111111111111111111111000000000000000000000000000                
 -65 00000000000000000011111111111111111111111111111111111111111111111111111111111111111111111111111111111000000000000000000000000000                
 -64                     111111111111111111111111111111111111111111111111111111111111111111111111111111111111111111111111                            
 -63                     111111111111111111111111111111111111111111111111111111111111111111111111111111111111111111111111                            
 -62                     111111111111111111111111111111111111111111111111111111111111111111111111111111111111111111111111                            
 -61                     111111111111111111111111111111111111111111111111111111111111111111111111111111111111111111111111                            
 -60                     111111111111111111111111111111111111111111111111111111111111111111111111111111111111111111111111                            
 -59                     111111111111111111111111111111111111111111111111111111111111111111111111111111111111111111111111                            
 -58                     111111111111111111111111111111111111111111111111111111111111111111111111111111111111111111111111                            
 -57                     111111111111111111111111111111111111111111111111111111111111111111111111111111111111111111111111                            
 -56                     111111111111111111111111111111111111111111111111111111111111111111111111111111111111111111111111                            
 -55                     111111111111111111111111111111111111111111111111111111111111111111111111111111111111111111111111                            
 -54                     111111111111111111111111111111111111111111111111111111111111111111111111111111111111111111111111                            
 -53                     111111111111111111111111111111111111111111111111111111111111111111111111111111111111111111111111                            
 -52                     111111111111111111111111111111111111111111111111111111111111111111111111111111111111111111111111                            
 -51                     111111111111111111111111111111111111111111111111111111111111111111111111111111111111111111111111                            
 -50                     111111111111111111111111111111111111111111111111111111111111111111111111111111111111111111111111                            
 -49                     111111111111111111111111111111111111111111111111111111111111111111111111111111111111111111111111                            
 -48                             1111111111111111111111111111111111111111111111111111111111111111111111111111111111111111                            
 -47                             1111111111111111111111111111111111111111111111111111111111111111111111111111111111111111                            
 -46                             1111111111111111111111111111111111111111111111111111111111111111111111111111111111111111                            
 -45                             1111111111111111111111111111111111111111111111111111111111111111111111111111111111111111                            
 -44                             1111111111111111111111111111111111111111111111111111111111111111111111111111111111111111                            
 -43                             1111111111111111111111111111111111111111111111111111111111111111111111111111111111111111                            
 -42                             1111111111111111111111111111111111111111111111111111111111111111111111111111111111111111                            
 -41                             1111111111111111111111111111111111111111111111111111111111111111111111111111111111111111                            
 -40                                                                                                                                                 
 -39                                                                                                                                                 
 -38                                                                                                                                                 
 -37                                                                                                                                                 
 -36                                                                                                                                                 
 -35                                                                                                                                                 
 -34                                                                                                                                                 
 -33                                                                                                                                                 
 -32                                                                                                                                                 
 -31                                                                                                                                                 
 -30                                                                                                                                                 
 -29                                                                                                                                                 
 -28                                     1111111111111111            1111111111111111            1111111111111111                                    
 -27                                     1111111111111111            1111111111111111            1111111111111111                                    
 -26                                     1111111111111111            1111111111111111            1111111111111111                                    
 -25                                     1111111111111111            1111111111111111            1111111111111111                                    
 -24                                     1111111111111111            1111111111111111            1111111111111111                                    
 -23                                     1111111111111111            1111111111111111            1111111111111111                                    
 -22                                     1111111111111111            1111111111111111            1111111111111111                                    
 -21                                     1111111111111111            1111111111111111            1111111111111111                                    
 -20                                     1111111111111111            1111111111111111            1111111111111111                                    
 -19                                     1111111111111111            1111111111111111            1111111111111111                                    
 -18                                     1111111111111111            1111111111111111            1111111111111111                                    
 -17                                     1111111111111111            1111111111111111            1111111111111111                                    
 -16                                     1111111111111111            1111111111111111            1111111111111111                                    
 -15                                     1111111111111111            1111111111111111            1111111111111111                                    
 -14                                     1111111111111111            1111111111111111            1111111111111111                                    
 -13                                     1111111111111111            1111111111111111            1111111111111111                                    
 -12                                                                                                                                                 
 -11                                                                                                                                                 
 -10                                                                                                                                                 
  -9                                                                                                                                                 
  -8                                                                                                                                                 
  -7                                                                                                                                                 
  -6                                                                                                                                                 
  -5                                                                                                                                                 
  -4                                                                                                                                                 
  -3                                                                                                                                                 
  -2                                                                                                                                                 
  -1                                                                                                                                                 
   0                                                                                                                                                 
   1                                                                                                                                                 
   2                                                                                                                                                 
   3                                                                                                                                                 
   4                                                                                                                                                 
   5                                                                                                                                                 
   6                                                                                                                                                 
   7                                                                                                                                                 
   8                                                                                                                                                 
   9                                                                                                                                                 
  10                                                                                                                                                 
  11                                                                                                                                                 
  12                                     1111111111111111            1111111111111111            1111111111111111                                    
  13                                     1111111111111111            1111111111111111            1111111111111111                                    
  14                                     1111111111111111            1111111111111111            1111111111111111                                    
  15                                     1111111111111111            1111111111111111            1111111111111111                                    
  16                                     1111111111111111            1111111111111111            1111111111111111                                    
  17                                     1111111111111111            1111111111111111            1111111111111111                                    
  18                                     1111111111111111            1111111111111111            1111111111111111                                    
  19                                     1111111111111111            1111111111111111            1111111111111111                                    
  20                                     1111111111111111            1111111111111111            1111111111111111                                    
  21                                     1111111111111111            1111111111111111            1111111111111111                                    
  22                                     1111111111111111            1111111111111111            1111111111111111                                    
  23                                     1111111111111111            1111111111111111            1111111111111111                                    
  24                                     1111111111111111            1111111111111111            1111111111111111                                    
  25                                     1111111111111111            1111111111111111            1111111111111111                                    
  26                                     1111111111111111            1111111111111111            1111111111111111                                    
  27                                     1111111111111111            1111111111111111            1111111111111111                                    
  28                                                                                                                                                 
  29                                                                                                                                                 
  30                                                                                                                                                 
  31                                                                                                                                                 
  32                                                                                                                                                 
  33                                                                                                                                                 
  34                                                                                                                                                 
  35                                                                                                                                                 
  36                                                                                                                                                 
  37                                                                                                                                                 
  38                                                                                                                                                 
  39                                                                                                                                                 
  40                             1111111111111111111111111111111111111111111111111111111111111111111111111111111111111111                            
  41                             1111111111111111111111111111111111111111111111111111111111111111111111111111111111111111                            
  42                             1111111111111111111111111111111111111111111111111111111111111111111111111111111111111111                            
  43                             1111111111111111111111111111111111111111111111111111111111111111111111111111111111111111                            
  44                             1111111111111111111111111111111111111111111111111111111111111111111111111111111111111111                            
  45                             1111111111111111111111111111111111111111111111111111111111111111111111111111111111111111                            
  46                             1111111111111111111111111111111111111111111111111111111111111111111111111111111111111111                            
  47                             1111111111111111111111111111111111111111111111111111111111111111111111111111111111111111                            
  48                             111111111111111111111111111111111111111111111111111111111111111111111111111111111111111111111111                    
  49                             111111111111111111111111111111111111111111111111111111111111111111111111111111111111111111111111                    
  50                             111111111111111111111111111111111111111111111111111111111111111111111111111111111111111111111111                    
  51                             111111111111111111111111111111111111111111111111111111111111111111111111111111111111111111111111                    
  52                             111111111111111111111111111111111111111111111111111111111111111111111111111111111111111111111111                    
  53                             111111111111111111111111111111111111111111111111111111111111111111111111111111111111111111111111                    
  54                             111111111111111111111111111111111111111111111111111111111111111111111111111111111111111111111111                    
  55                             111111111111111111111111111111111111111111111111111111111111111111111111111111111111111111111111                    
  56                             111111111111111111111111111111111111111111111111111111111111111111111111111111111111111111111111                    
  57                             111111111111111111111111111111111111111111111111111111111111111111111111111111111111111111111111                    
  58                             111111111111111111111111111111111111111111111111111111111111111111111111111111111111111111111111                    
  59                             111111111111111111111111111111111111111111111111111111111111111111111111111111111111111111111111                    
  60                             111111111111111111111111111111111111111111111111111111111111111111111111111111111111111111111111                    
  61                             111111111111111111111111111111111111111111111111111111111111111111111111111111111111111111111111                    
  62                             111111111111111111111111111111111111111111111111111111111111111111111111111111111111111111111111                    
  63                             111111111111111111111111111111111111111111111111111111111111111111111111111111111111111111111111                    
  64                 00000000000111111111111111111111111111111111111111111111111111111111111111111111111111111111111111111111111111111111110000000000
  65                 00000000000000000000000000001111111111111111111111111111111111111111111111111111111111111111111111111111111111100000000000000000
  66                 00000000000000000000000000001111111111111111111111111111111111111111111111111111111111111111111111111111111111100000000000000000
  67                 00000000000000000000000000001111111111111111111111111111111111111111111111111111111111111111111111111111111111100000000000000000
  68                 00000000000000000000000000001111111111111111111111111111111111111111111111111111111111111111111111111111111111100000000000000000
  69                 00000000000000000000000000001111111111111111111111111111111111111111111111111111111111111111111111111111111111100000000000000000
  70                 00000000000000000000000000001111111111111111111111111111111111111111111111111111111111111111111111111111111111100000000000000000
  71                 00000000000000000000000000001111111111111111111111111111111111111111111111111111111111111111111111111111111111100000000000000000
  72                 00000000000000000000000000001111111111111111111111111111111111111111111111111111111111111111111111111111111111100000000000000000
  73                 00000000000000000000000000001111111111111111111111111111111111111111111111111111111111111111111111111111111111100000000000000000
  74                 00000000000000000000000000001111111111111111111111111111111111111111111111111111111111111111111111111111111111100000000000000000
  75                 00000000000000000000000000001111111111111111111111111111111111111111111111111111111111111111111111111111111111100000000000000000
  76                 00000000000000000000000000001111111111111111111111111111111111111111111111111111111111111111111111111111111111100000000000000000
  77                 00000000000000000000000000001111111111111111111111111111111111111111111111111111111111111111111111111111111111100000000000000000
  78                 00000000000000000000000000001111111111111111111111111111111111111111111111111111111111111111111111111111111111100000000000000000
  79                 00000000000000000000000000001111111111111111111111111111111111111111111111111111111111111111111111111111111111100000000000000000
  80                                             1111111111111111                                1111111111111111                                    
  81                                             1111111111111111                                1111111111111111                                    
  82                                             1111111111111111                                1111111111111111                                    
  83                                             1111111111111111                                1111111111111111                                    
  84                                             1111111111111111                                1111111111111111                                    
  85                                             1111111111111111                                1111111111111111                                    
  86                                             1111111111111111                                1111111111111111                                    
  87                                             1111111111111111                                1111111111111111                                    
  88                                             1111111111111111                                1111111111111111                                    
  89                                             1111111111111111                                1111111111111111                                    
  90                                             1111111111111111                                1111111111111111                                    
  91                                             1111111111111111                                1111111111111111                                    
  92                                             1111111111111111                                1111111111111111                                    
  93                                             1111111111111111                                1111111111111111                                    
  94                                             1111111111111111                                1111111111111111                                    
  95                                             1111111111111111                                1111111111111111                                    
  96                                             1111111111111111                                1111111111111111                                    
  97                                             1111111111111111                                1111111111111111                                    
  98                                             1111111111111111                                1111111111111111                                    
  99                                             1111111111111111                                1111111111111111                                    
 100                                             1111111111111111                                1111111111111111                                    
 101                                             1111111111111111                                1111111111111111                                    
 102                                             1111111111111111                                1111111111111111                                    
 103                                             1111111111111111                                1111111111111111                                    
 104                                             1111111111111111111111111111111111111111111111111111111111111111                                    
 105                                             1111111111111111111111111111111111111111111111111111111111111111                                    
 106                                             1111111111111111111111111111111111111111111111111111111111111111                                    
 107                                             1111111111111111111111111111111111111111111111111111111111111111                                    
 108                                             1111111111111111111111111111111111111111111111111111111111111111                                    
 109                                             1111111111111111111111111111111111111111111111111111111111111111                                    
 110                                             1111111111111111111111111111111111111111111111111111111111111111                                    
 111                                             1111111111111111111111111111111111111111111111111111111111111111                                    
 112                                             1111111111111111111111111111111111111111111111111111111111111111                                    
 113                                             1111111111111111111111111111111111111111111111111111111111111111                                    
 114                                             1111111111111111111111111111111111111111111111111111111111111111                                    
 115                                             1111111111111111111111111111111111111111111111111111111111111111                                    
 116                                             1111111111111111111111111111111111111111111111111111111111111111                                    
 117                                             1111111111111111111111111111111111111111111111111111111111111111                                    
 118                                             1111111111111111111111111111111111111111111111111111111111111111                                    
 119                                             1111111111111111111111111111111111111111111111111111111111111111                                    
 120                                                     1111111111111111                1111111111111111                                            
 121                                                     1111111111111111                1111111111111111                                            
 122                                                     1111111111111111                1111111111111111                                            
 123                                                     1111111111111111                1111111111111111                                            
 124                                                     1111111111111111                1111111111111111                                            
 125                                                     1111111111111111                1111111111111111                                            
 126                                                     1111111111111111                1111111111111111                                            
 127                                                     1111111111111111                1111111111111111                                            
 128                                                     1111111111111111                1111111111111111                                            
 129                                                     1111111111111111                1111111111111111                                            
 130                                                     1111111111111111                1111111111111111                                            
 131                                                     1111111111111111                1111111111111111                                            
 132                                                     1111111111111111                1111111111111111                                            
 133                                                     1111111111111111                1111111111111111                                            
 134                                                     1111111111111111                1111111111111111                                            
 135                                                     1111111111111111                1111111111111111                                            
 136                                                     111111111111111111111111111111111111111111111111                                            
 137                                                     111111111111111111111111111111111111111111111111                                            
 138                                                     111111111111111111111111111111111111111111111111                                            
 139                                                     111111111111111111111111111111111111111111111111                                            
 140                                                     111111111111111111111111111111111111111111111111                                            
 141                                                     111111111111111111111111111111111111111111111111                                            
 142                                                     111111111111111111111111111111111111111111111111                                            
 143                                                     111111111111111111111111111111111111111111111111                                            
 144                                                     111111111111111111111111111111111111111111111111                                            
 145                                                     111111111111111111111111111111111111111111111111                                            
 146                                                     111111111111111111111111111111111111111111111111                                            
 147                                                     111111111111111111111111111111111111111111111111                                            
 148                                                     111111111111111111111111111111111111111111111111                                            
 149                                                     111111111111111111111111111111111111111111111111                                            
 150                                                     111111111111111111111111111111111111111111111111                                            
 151                                                     111111111111111110000000000000001111111111111111                                            
 152                                                                     1000000000000000                                                            
 153                                                                     1000000000000000                                                            
 154                                                                     1000000000000000                                                            
 155                                                                     1000000000000000                                                            
 156                                                                     1000000000000000                                                            
 157                                                                     1000000000000000                                                            
 158                                                                     0000000000000000                                                            
 159                                                                     0000000000000000                                                            
 160                                                                     0000000000000000                                                            
 161                                                                     0000000000000000                                                            
 162                                                                     0000000000000000                                                            
 163                                                                     0000000000000000                                                            
 164                                                                     0000000000000000                                                            
 165                                                                     0000000000000000                                                            
 166                                                                     0000000000000000                                                            
 167                                                                     0000000000000000                                                            
seats 14830; refused 1938 DR-KEEP

## boulder
SEATS  boulder, footprint 1x1, 2 blocks off a route  1 char = 1 block  x -72..71 across, z -168..167 down
KEY  1 the footprint seats with its minimum corner here  0 refused  space void
      -7        -6        -5        -4        -3        -2        -1         0         1         2         3         4         5         6         7 
     210987654321098765432109876543210987654321098765432109876543210987654321012345678901234567890123456789012345678901234567890123456789012345678901
-168                                                             0000000000000000                                                                    
-167                                                             0000000000000000                                                                    
-166                                                             0000000000000000                                                                    
-165                                                             0000000000000000                                                                    
-164                                                             0000000000000000                                                                    
-163                                                             0000000000000000                                                                    
-162                                                             0000000000000000                                                                    
-161                                                             0000000000000000                                                                    
-160                                                             0000000000000000                                                                    
-159                                                             0000000000000000                                                                    
-158                                                             0000000000000000                                                                    
-157                                                             1000000000000000                                                                    
-156                                                             1000000000000000                                                                    
-155                                                             1000000000000000                                                                    
-154                                                             1000000000000000                                                                    
-153                                                             1000000000000000                                                                    
-152                                             111111111111111110000000000000001111111111111111                                                    
-151                                             111111111111111110000000000000001111111111111111                                                    
-150                                             111111111111111111111111111111111111111111111111                                                    
-149                                             111111111111111111111111111111111111111111111111                                                    
-148                                             111111111111111111111111111111111111111111111111                                                    
-147                                             111111111111111111111111111111111111111111111111                                                    
-146                                             111111111111111111111111111111111111111111111111                                                    
-145                                             111111111111111111111111111111111111111111111111                                                    
-144                                             111111111111111111111111111111111111111111111111                                                    
-143                                             111111111111111111111111111111111111111111111111                                                    
-142                                             111111111111111111111111111111111111111111111111                                                    
-141                                             111111111111111111111111111111111111111111111111                                                    
-140                                             111111111111111111111111111111111111111111111111                                                    
-139                                             111111111111111111111111111111111111111111111111                                                    
-138                                             111111111111111111111111111111111111111111111111                                                    
-137                                             111111111111111111111111111111111111111111111111                                                    
-136                                             1111111111111111                1111111111111111                                                    
-135                                             1111111111111111                1111111111111111                                                    
-134                                             1111111111111111                1111111111111111                                                    
-133                                             1111111111111111                1111111111111111                                                    
-132                                             1111111111111111                1111111111111111                                                    
-131                                             1111111111111111                1111111111111111                                                    
-130                                             1111111111111111                1111111111111111                                                    
-129                                             1111111111111111                1111111111111111                                                    
-128                                             1111111111111111                1111111111111111                                                    
-127                                             1111111111111111                1111111111111111                                                    
-126                                             1111111111111111                1111111111111111                                                    
-125                                             1111111111111111                1111111111111111                                                    
-124                                             1111111111111111                1111111111111111                                                    
-123                                             1111111111111111                1111111111111111                                                    
-122                                             1111111111111111                1111111111111111                                                    
-121                                             1111111111111111                1111111111111111                                                    
-120                                     1111111111111111111111111111111111111111111111111111111111111111                                            
-119                                     1111111111111111111111111111111111111111111111111111111111111111                                            
-118                                     1111111111111111111111111111111111111111111111111111111111111111                                            
-117                                     1111111111111111111111111111111111111111111111111111111111111111                                            
-116                                     1111111111111111111111111111111111111111111111111111111111111111                                            
-115                                     1111111111111111111111111111111111111111111111111111111111111111                                            
-114                                     1111111111111111111111111111111111111111111111111111111111111111                                            
-113                                     1111111111111111111111111111111111111111111111111111111111111111                                            
-112                                     1111111111111111111111111111111111111111111111111111111111111111                                            
-111                                     1111111111111111111111111111111111111111111111111111111111111111                                            
-110                                     1111111111111111111111111111111111111111111111111111111111111111                                            
-109                                     1111111111111111111111111111111111111111111111111111111111111111                                            
-108                                     1111111111111111111111111111111111111111111111111111111111111111                                            
-107                                     1111111111111111111111111111111111111111111111111111111111111111                                            
-106                                     1111111111111111111111111111111111111111111111111111111111111111                                            
-105                                     1111111111111111111111111111111111111111111111111111111111111111                                            
-104                                     1111111111111111                                1111111111111111                                            
-103                                     1111111111111111                                1111111111111111                                            
-102                                     1111111111111111                                1111111111111111                                            
-101                                     1111111111111111                                1111111111111111                                            
-100                                     1111111111111111                                1111111111111111                                            
 -99                                     1111111111111111                                1111111111111111                                            
 -98                                     1111111111111111                                1111111111111111                                            
 -97                                     1111111111111111                                1111111111111111                                            
 -96                                     1111111111111111                                1111111111111111                                            
 -95                                     1111111111111111                                1111111111111111                                            
 -94                                     1111111111111111                                1111111111111111                                            
 -93                                     1111111111111111                                1111111111111111                                            
 -92                                     1111111111111111                                1111111111111111                                            
 -91                                     1111111111111111                                1111111111111111                                            
 -90                                     1111111111111111                                1111111111111111                                            
 -89                                     1111111111111111                                1111111111111111                                            
 -88                                     1111111111111111                                1111111111111111                                            
 -87                                     1111111111111111                                1111111111111111                                            
 -86                                     1111111111111111                                1111111111111111                                            
 -85                                     1111111111111111                                1111111111111111                                            
 -84                                     1111111111111111                                1111111111111111                                            
 -83                                     1111111111111111                                1111111111111111                                            
 -82                                     1111111111111111                                1111111111111111                                            
 -81                                     1111111111111111                                1111111111111111                                            
 -80 00000000000111111111111111111111111111111111111111111111111111111111111111111111111111111111111111111111111111111111110000000000                
 -79 00000000000000000011111111111111111111111111111111111111111111111111111111111111111111111111111111111000000000000000000000000000                
 -78 00000000000000000011111111111111111111111111111111111111111111111111111111111111111111111111111111111000000000000000000000000000                
 -77 00000000000000000011111111111111111111111111111111111111111111111111111111111111111111111111111111111000000000000000000000000000                
 -76 00000000000000000011111111111111111111111111111111111111111111111111111111111111111111111111111111111000000000000000000000000000                
 -75 00000000000000000011111111111111111111111111111111111111111111111111111111111111111111111111111111111000000000000000000000000000                
 -74 00000000000000000011111111111111111111111111111111111111111111111111111111111111111111111111111111111000000000000000000000000000                
 -73 00000000000000000011111111111111111111111111111111111111111111111111111111111111111111111111111111111000000000000000000000000000                
 -72 00000000000000000011111111111111111111111111111111111111111111111111111111111111111111111111111111111000000000000000000000000000                
 -71 00000000000000000011111111111111111111111111111111111111111111111111111111111111111111111111111111111000000000000000000000000000                
 -70 00000000000000000011111111111111111111111111111111111111111111111111111111111111111111111111111111111000000000000000000000000000                
 -69 00000000000000000011111111111111111111111111111111111111111111111111111111111111111111111111111111111000000000000000000000000000                
 -68 00000000000000000011111111111111111111111111111111111111111111111111111111111111111111111111111111111000000000000000000000000000                
 -67 00000000000000000011111111111111111111111111111111111111111111111111111111111111111111111111111111111000000000000000000000000000                
 -66 00000000000000000011111111111111111111111111111111111111111111111111111111111111111111111111111111111000000000000000000000000000                
 -65 00000000000000000011111111111111111111111111111111111111111111111111111111111111111111111111111111111000000000000000000000000000                
 -64                     111111111111111111111111111111111111111111111111111111111111111111111111111111111111111111111111                            
 -63                     111111111111111111111111111111111111111111111111111111111111111111111111111111111111111111111111                            
 -62                     111111111111111111111111111111111111111111111111111111111111111111111111111111111111111111111111                            
 -61                     111111111111111111111111111111111111111111111111111111111111111111111111111111111111111111111111                            
 -60                     111111111111111111111111111111111111111111111111111111111111111111111111111111111111111111111111                            
 -59                     111111111111111111111111111111111111111111111111111111111111111111111111111111111111111111111111                            
 -58                     111111111111111111111111111111111111111111111111111111111111111111111111111111111111111111111111                            
 -57                     111111111111111111111111111111111111111111111111111111111111111111111111111111111111111111111111                            
 -56                     111111111111111111111111111111111111111111111111111111111111111111111111111111111111111111111111                            
 -55                     111111111111111111111111111111111111111111111111111111111111111111111111111111111111111111111111                            
 -54                     111111111111111111111111111111111111111111111111111111111111111111111111111111111111111111111111                            
 -53                     111111111111111111111111111111111111111111111111111111111111111111111111111111111111111111111111                            
 -52                     111111111111111111111111111111111111111111111111111111111111111111111111111111111111111111111111                            
 -51                     111111111111111111111111111111111111111111111111111111111111111111111111111111111111111111111111                            
 -50                     111111111111111111111111111111111111111111111111111111111111111111111111111111111111111111111111                            
 -49                     111111111111111111111111111111111111111111111111111111111111111111111111111111111111111111111111                            
 -48                             1111111111111111111111111111111111111111111111111111111111111111111111111111111111111111                            
 -47                             1111111111111111111111111111111111111111111111111111111111111111111111111111111111111111                            
 -46                             1111111111111111111111111111111111111111111111111111111111111111111111111111111111111111                            
 -45                             1111111111111111111111111111111111111111111111111111111111111111111111111111111111111111                            
 -44                             1111111111111111111111111111111111111111111111111111111111111111111111111111111111111111                            
 -43                             1111111111111111111111111111111111111111111111111111111111111111111111111111111111111111                            
 -42                             1111111111111111111111111111111111111111111111111111111111111111111111111111111111111111                            
 -41                             1111111111111111111111111111111111111111111111111111111111111111111111111111111111111111                            
 -40                                                                                                                                                 
 -39                                                                                                                                                 
 -38                                                                                                                                                 
 -37                                                                                                                                                 
 -36                                                                                                                                                 
 -35                                                                                                                                                 
 -34                                                                                                                                                 
 -33                                                                                                                                                 
 -32                                                                                                                                                 
 -31                                                                                                                                                 
 -30                                                                                                                                                 
 -29                                                                                                                                                 
 -28                                     1111111111111111            1111111111111111            1111111111111111                                    
 -27                                     1111111111111111            1111111111111111            1111111111111111                                    
 -26                                     1111111111111111            1111111111111111            1111111111111111                                    
 -25                                     1111111111111111            1111111111111111            1111111111111111                                    
 -24                                     1111111111111111            1111111111111111            1111111111111111                                    
 -23                                     1111111111111111            1111111111111111            1111111111111111                                    
 -22                                     1111111111111111            1111111111111111            1111111111111111                                    
 -21                                     1111111111111111            1111111111111111            1111111111111111                                    
 -20                                     1111111111111111            1111111111111111            1111111111111111                                    
 -19                                     1111111111111111            1111111111111111            1111111111111111                                    
 -18                                     1111111111111111            1111111111111111            1111111111111111                                    
 -17                                     1111111111111111            1111111111111111            1111111111111111                                    
 -16                                     1111111111111111            1111111111111111            1111111111111111                                    
 -15                                     1111111111111111            1111111111111111            1111111111111111                                    
 -14                                     1111111111111111            1111111111111111            1111111111111111                                    
 -13                                     1111111111111111            1111111111111111            1111111111111111                                    
 -12                                                                                                                                                 
 -11                                                                                                                                                 
 -10                                                                                                                                                 
  -9                                                                                                                                                 
  -8                                                                                                                                                 
  -7                                                                                                                                                 
  -6                                                                                                                                                 
  -5                                                                                                                                                 
  -4                                                                                                                                                 
  -3                                                                                                                                                 
  -2                                                                                                                                                 
  -1                                                                                                                                                 
   0                                                                                                                                                 
   1                                                                                                                                                 
   2                                                                                                                                                 
   3                                                                                                                                                 
   4                                                                                                                                                 
   5                                                                                                                                                 
   6                                                                                                                                                 
   7                                                                                                                                                 
   8                                                                                                                                                 
   9                                                                                                                                                 
  10                                                                                                                                                 
  11                                                                                                                                                 
  12                                     1111111111111111            1111111111111111            1111111111111111                                    
  13                                     1111111111111111            1111111111111111            1111111111111111                                    
  14                                     1111111111111111            1111111111111111            1111111111111111                                    
  15                                     1111111111111111            1111111111111111            1111111111111111                                    
  16                                     1111111111111111            1111111111111111            1111111111111111                                    
  17                                     1111111111111111            1111111111111111            1111111111111111                                    
  18                                     1111111111111111            1111111111111111            1111111111111111                                    
  19                                     1111111111111111            1111111111111111            1111111111111111                                    
  20                                     1111111111111111            1111111111111111            1111111111111111                                    
  21                                     1111111111111111            1111111111111111            1111111111111111                                    
  22                                     1111111111111111            1111111111111111            1111111111111111                                    
  23                                     1111111111111111            1111111111111111            1111111111111111                                    
  24                                     1111111111111111            1111111111111111            1111111111111111                                    
  25                                     1111111111111111            1111111111111111            1111111111111111                                    
  26                                     1111111111111111            1111111111111111            1111111111111111                                    
  27                                     1111111111111111            1111111111111111            1111111111111111                                    
  28                                                                                                                                                 
  29                                                                                                                                                 
  30                                                                                                                                                 
  31                                                                                                                                                 
  32                                                                                                                                                 
  33                                                                                                                                                 
  34                                                                                                                                                 
  35                                                                                                                                                 
  36                                                                                                                                                 
  37                                                                                                                                                 
  38                                                                                                                                                 
  39                                                                                                                                                 
  40                             1111111111111111111111111111111111111111111111111111111111111111111111111111111111111111                            
  41                             1111111111111111111111111111111111111111111111111111111111111111111111111111111111111111                            
  42                             1111111111111111111111111111111111111111111111111111111111111111111111111111111111111111                            
  43                             1111111111111111111111111111111111111111111111111111111111111111111111111111111111111111                            
  44                             1111111111111111111111111111111111111111111111111111111111111111111111111111111111111111                            
  45                             1111111111111111111111111111111111111111111111111111111111111111111111111111111111111111                            
  46                             1111111111111111111111111111111111111111111111111111111111111111111111111111111111111111                            
  47                             1111111111111111111111111111111111111111111111111111111111111111111111111111111111111111                            
  48                             111111111111111111111111111111111111111111111111111111111111111111111111111111111111111111111111                    
  49                             111111111111111111111111111111111111111111111111111111111111111111111111111111111111111111111111                    
  50                             111111111111111111111111111111111111111111111111111111111111111111111111111111111111111111111111                    
  51                             111111111111111111111111111111111111111111111111111111111111111111111111111111111111111111111111                    
  52                             111111111111111111111111111111111111111111111111111111111111111111111111111111111111111111111111                    
  53                             111111111111111111111111111111111111111111111111111111111111111111111111111111111111111111111111                    
  54                             111111111111111111111111111111111111111111111111111111111111111111111111111111111111111111111111                    
  55                             111111111111111111111111111111111111111111111111111111111111111111111111111111111111111111111111                    
  56                             111111111111111111111111111111111111111111111111111111111111111111111111111111111111111111111111                    
  57                             111111111111111111111111111111111111111111111111111111111111111111111111111111111111111111111111                    
  58                             111111111111111111111111111111111111111111111111111111111111111111111111111111111111111111111111                    
  59                             111111111111111111111111111111111111111111111111111111111111111111111111111111111111111111111111                    
  60                             111111111111111111111111111111111111111111111111111111111111111111111111111111111111111111111111                    
  61                             111111111111111111111111111111111111111111111111111111111111111111111111111111111111111111111111                    
  62                             111111111111111111111111111111111111111111111111111111111111111111111111111111111111111111111111                    
  63                             111111111111111111111111111111111111111111111111111111111111111111111111111111111111111111111111                    
  64                 00000000000111111111111111111111111111111111111111111111111111111111111111111111111111111111111111111111111111111111110000000000
  65                 00000000000000000000000000001111111111111111111111111111111111111111111111111111111111111111111111111111111111100000000000000000
  66                 00000000000000000000000000001111111111111111111111111111111111111111111111111111111111111111111111111111111111100000000000000000
  67                 00000000000000000000000000001111111111111111111111111111111111111111111111111111111111111111111111111111111111100000000000000000
  68                 00000000000000000000000000001111111111111111111111111111111111111111111111111111111111111111111111111111111111100000000000000000
  69                 00000000000000000000000000001111111111111111111111111111111111111111111111111111111111111111111111111111111111100000000000000000
  70                 00000000000000000000000000001111111111111111111111111111111111111111111111111111111111111111111111111111111111100000000000000000
  71                 00000000000000000000000000001111111111111111111111111111111111111111111111111111111111111111111111111111111111100000000000000000
  72                 00000000000000000000000000001111111111111111111111111111111111111111111111111111111111111111111111111111111111100000000000000000
  73                 00000000000000000000000000001111111111111111111111111111111111111111111111111111111111111111111111111111111111100000000000000000
  74                 00000000000000000000000000001111111111111111111111111111111111111111111111111111111111111111111111111111111111100000000000000000
  75                 00000000000000000000000000001111111111111111111111111111111111111111111111111111111111111111111111111111111111100000000000000000
  76                 00000000000000000000000000001111111111111111111111111111111111111111111111111111111111111111111111111111111111100000000000000000
  77                 00000000000000000000000000001111111111111111111111111111111111111111111111111111111111111111111111111111111111100000000000000000
  78                 00000000000000000000000000001111111111111111111111111111111111111111111111111111111111111111111111111111111111100000000000000000
  79                 00000000000000000000000000001111111111111111111111111111111111111111111111111111111111111111111111111111111111100000000000000000
  80                                             1111111111111111                                1111111111111111                                    
  81                                             1111111111111111                                1111111111111111                                    
  82                                             1111111111111111                                1111111111111111                                    
  83                                             1111111111111111                                1111111111111111                                    
  84                                             1111111111111111                                1111111111111111                                    
  85                                             1111111111111111                                1111111111111111                                    
  86                                             1111111111111111                                1111111111111111                                    
  87                                             1111111111111111                                1111111111111111                                    
  88                                             1111111111111111                                1111111111111111                                    
  89                                             1111111111111111                                1111111111111111                                    
  90                                             1111111111111111                                1111111111111111                                    
  91                                             1111111111111111                                1111111111111111                                    
  92                                             1111111111111111                                1111111111111111                                    
  93                                             1111111111111111                                1111111111111111                                    
  94                                             1111111111111111                                1111111111111111                                    
  95                                             1111111111111111                                1111111111111111                                    
  96                                             1111111111111111                                1111111111111111                                    
  97                                             1111111111111111                                1111111111111111                                    
  98                                             1111111111111111                                1111111111111111                                    
  99                                             1111111111111111                                1111111111111111                                    
 100                                             1111111111111111                                1111111111111111                                    
 101                                             1111111111111111                                1111111111111111                                    
 102                                             1111111111111111                                1111111111111111                                    
 103                                             1111111111111111                                1111111111111111                                    
 104                                             1111111111111111111111111111111111111111111111111111111111111111                                    
 105                                             1111111111111111111111111111111111111111111111111111111111111111                                    
 106                                             1111111111111111111111111111111111111111111111111111111111111111                                    
 107                                             1111111111111111111111111111111111111111111111111111111111111111                                    
 108                                             1111111111111111111111111111111111111111111111111111111111111111                                    
 109                                             1111111111111111111111111111111111111111111111111111111111111111                                    
 110                                             1111111111111111111111111111111111111111111111111111111111111111                                    
 111                                             1111111111111111111111111111111111111111111111111111111111111111                                    
 112                                             1111111111111111111111111111111111111111111111111111111111111111                                    
 113                                             1111111111111111111111111111111111111111111111111111111111111111                                    
 114                                             1111111111111111111111111111111111111111111111111111111111111111                                    
 115                                             1111111111111111111111111111111111111111111111111111111111111111                                    
 116                                             1111111111111111111111111111111111111111111111111111111111111111                                    
 117                                             1111111111111111111111111111111111111111111111111111111111111111                                    
 118                                             1111111111111111111111111111111111111111111111111111111111111111                                    
 119                                             1111111111111111111111111111111111111111111111111111111111111111                                    
 120                                                     1111111111111111                1111111111111111                                            
 121                                                     1111111111111111                1111111111111111                                            
 122                                                     1111111111111111                1111111111111111                                            
 123                                                     1111111111111111                1111111111111111                                            
 124                                                     1111111111111111                1111111111111111                                            
 125                                                     1111111111111111                1111111111111111                                            
 126                                                     1111111111111111                1111111111111111                                            
 127                                                     1111111111111111                1111111111111111                                            
 128                                                     1111111111111111                1111111111111111                                            
 129                                                     1111111111111111                1111111111111111                                            
 130                                                     1111111111111111                1111111111111111                                            
 131                                                     1111111111111111                1111111111111111                                            
 132                                                     1111111111111111                1111111111111111                                            
 133                                                     1111111111111111                1111111111111111                                            
 134                                                     1111111111111111                1111111111111111                                            
 135                                                     1111111111111111                1111111111111111                                            
 136                                                     111111111111111111111111111111111111111111111111                                            
 137                                                     111111111111111111111111111111111111111111111111                                            
 138                                                     111111111111111111111111111111111111111111111111                                            
 139                                                     111111111111111111111111111111111111111111111111                                            
 140                                                     111111111111111111111111111111111111111111111111                                            
 141                                                     111111111111111111111111111111111111111111111111                                            
 142                                                     111111111111111111111111111111111111111111111111                                            
 143                                                     111111111111111111111111111111111111111111111111                                            
 144                                                     111111111111111111111111111111111111111111111111                                            
 145                                                     111111111111111111111111111111111111111111111111                                            
 146                                                     111111111111111111111111111111111111111111111111                                            
 147                                                     111111111111111111111111111111111111111111111111                                            
 148                                                     111111111111111111111111111111111111111111111111                                            
 149                                                     111111111111111111111111111111111111111111111111                                            
 150                                                     111111111111111111111111111111111111111111111111                                            
 151                                                     111111111111111110000000000000001111111111111111                                            
 152                                                                     1000000000000000                                                            
 153                                                                     1000000000000000                                                            
 154                                                                     1000000000000000                                                            
 155                                                                     1000000000000000                                                            
 156                                                                     1000000000000000                                                            
 157                                                                     1000000000000000                                                            
 158                                                                     0000000000000000                                                            
 159                                                                     0000000000000000                                                            
 160                                                                     0000000000000000                                                            
 161                                                                     0000000000000000                                                            
 162                                                                     0000000000000000                                                            
 163                                                                     0000000000000000                                                            
 164                                                                     0000000000000000                                                            
 165                                                                     0000000000000000                                                            
 166                                                                     0000000000000000                                                            
 167                                                                     0000000000000000                                                            
seats 14830; refused 1938 DR-KEEP

## house
SEATS  house, footprint 9x7, no route standoff  1 char = 1 block  x -72..71 across, z -168..167 down
KEY  1 the footprint seats with its minimum corner here  0 refused  space void
      -7        -6        -5        -4        -3        -2        -1         0         1         2         3         4         5         6         7 
     210987654321098765432109876543210987654321098765432109876543210987654321012345678901234567890123456789012345678901234567890123456789012345678901
-168                                                             0000000000000000                                                                    
-167                                                             0000000000000000                                                                    
-166                                                             0000000000000000                                                                    
-165                                                             0000000000000000                                                                    
-164                                                             0000000000000000                                                                    
-163                                                             0000000000000000                                                                    
-162                                                             0000000000000000                                                                    
-161                                                             0000000000000000                                                                    
-160                                                             0000000000000000                                                                    
-159                                                             0000000000000000                                                                    
-158                                                             0000000000000000                                                                    
-157                                                             0000000000000000                                                                    
-156                                                             0000000000000000                                                                    
-155                                                             0000000000000000                                                                    
-154                                                             0000000000000000                                                                    
-153                                                             0000000000000000                                                                    
-152                                             110000000000000000000000000000000000001100000000                                                    
-151                                             110000000000000000000000000000000000001100000000                                                    
-150                                             000000000000000000000000000000000000000000000000                                                    
-149                                             000000000000000000000000000000000000000000000000                                                    
-148                                             000000000000000000000000000000000000000000000000                                                    
-147                                             000000000000000000000000000000000000000000000000                                                    
-146                                             000000000000000000000000000000000000000000000000                                                    
-145                                             000000000000000000000000000000000000000000000000                                                    
-144                                             000000000000000011111111000000000000000000000000                                                    
-143                                             110000000000000011111111000000000000001100000000                                                    
-142                                             000000000000000000000000000000000000000000000000                                                    
-141                                             000000000000000000000000000000000000000000000000                                                    
-140                                             000000000000000000000000000000000000000000000000                                                    
-139                                             000000000000000000000000000000000000000000000000                                                    
-138                                             000000000000000000000000000000000000000000000000                                                    
-137                                             000000000000000000000000000000000000000000000000                                                    
-136                                             0000000000000000                0000000000000000                                                    
-135                                             0000000000000000                0000000000000000                                                    
-134                                             0000000000000000                0000000000000000                                                    
-133                                             0000000000000000                0000000000000000                                                    
-132                                             0000000000000000                0000000000000000                                                    
-131                                             0000000000000000                0000000000000000                                                    
-130                                             0000000000000000                0000000000000000                                                    
-129                                             0000000000000000                0000000000000000                                                    
-128                                             0000000000000000                0000000000000000                                                    
-127                                             0000000000000000                0000000000000000                                                    
-126                                             0000000000000000                0000000000000000                                                    
-125                                             0000000000000000                0000000000000000                                                    
-124                                             0000000000000000                0000000000000000                                                    
-123                                             0000000000000000                0000000000000000                                                    
-122                                             0000000000000000                0000000000000000                                                    
-121                                             0000000000000000                0000000000000000                                                    
-120                                     0000000001111111000000001111111100000000111111100000000000000000                                            
-119                                     0000000000000000000000000000000000000000000000000000000000000000                                            
-118                                     0000000000000000000000000000000000000000000000000000000000000000                                            
-117                                     0000000000000000000000000000000000000000000000000000000000000000                                            
-116                                     0000000000000000000000000000000000000000000000000000000000000000                                            
-115                                     0000000000000000000000000000000000000000000000000000000000000000                                            
-114                                     0000000000000000000000000000000000000000000000000000000000000000                                            
-113                                     0000000000000000000000000000000000000000000000000000000000000000                                            
-112                                     0000000000000000000000000000000000000000000000000000000000000000                                            
-111                                     1100000000000000111111111111111111111111000000000000001100000000                                            
-110                                     0000000000000000000000000000000000000000000000000000000000000000                                            
-109                                     0000000000000000000000000000000000000000000000000000000000000000                                            
-108                                     0000000000000000000000000000000000000000000000000000000000000000                                            
-107                                     0000000000000000000000000000000000000000000000000000000000000000                                            
-106                                     0000000000000000000000000000000000000000000000000000000000000000                                            
-105                                     0000000000000000000000000000000000000000000000000000000000000000                                            
-104                                     0000000000000000                                0000000000000000                                            
-103                                     0000000000000000                                0000000000000000                                            
-102                                     0000000000000000                                0000000000000000                                            
-101                                     0000000000000000                                0000000000000000                                            
-100                                     0000000000000000                                0000000000000000                                            
 -99                                     0000000000000000                                0000000000000000                                            
 -98                                     0000000000000000                                0000000000000000                                            
 -97                                     0000000000000000                                0000000000000000                                            
 -96                                     0000000000000000                                0000000000000000                                            
 -95                                     0000000000000000                                0000000000000000                                            
 -94                                     0000000000000000                                0000000000000000                                            
 -93                                     0000000000000000                                0000000000000000                                            
 -92                                     0000000000000000                                0000000000000000                                            
 -91                                     0000000000000000                                0000000000000000                                            
 -90                                     0000000000000000                                0000000000000000                                            
 -89                                     0000000000000000                                0000000000000000                                            
 -88                                     0000000000000000                                0000000000000000                                            
 -87                                     0000000000000000                                0000000000000000                                            
 -86                                     0000000000000000                                0000000000000000                                            
 -85                                     0000000000000000                                0000000000000000                                            
 -84                                     0000000000000000                                0000000000000000                                            
 -83                                     0000000000000000                                0000000000000000                                            
 -82                                     0000000000000000                                0000000000000000                                            
 -81                                     0000000000000000                                0000000000000000                                            
 -80 00000000000000000011111111110000000011111111000000001111111111111111111111110000000011111111000000000000000000000000000000000000                
 -79 00000000000000000000111111110000000011111111000000001111111111111111111111110000000011111111000000000000000000000000000000000000                
 -78 00000000000000000000000000000000000011111111000000000000000000000000000000000000000011111111000000000000000000000000000000000000                
 -77 00000000000000000000000000000000000011111111000000000000000000000000000000000000000011111111000000000000000000000000000000000000                
 -76 00000000000000000000000000000000000011111111000000000000000000000000000000000000000011111111000000000000000000000000000000000000                
 -75 00000000000000000000000000000000000011111111000000000000000000000000000000000000000011111111000000000000000000000000000000000000                
 -74 00000000000000000000000000000000000011111111000000000000000000000000000000000000000011111111000000000000000000000000000000000000                
 -73 00000000000000000000000000000000000011111111000000000000000000000000000000000000000011111111000000000000000000000000000000000000                
 -72 00000000000000000000000000000000000011111111000000000000000000000000000000000000000011111111000000000000000000000000000000000000                
 -71 00000000000000000000111111111111111111111111111111111111111111111111111111111111111111111111100000000000000000000000000000000000                
 -70 00000000000000000000000000000111111111111111111111111111111111111111111111111111111111111111100000000000000000000000000000000000                
 -69 00000000000000000000000000000111111111111111111111111111111111111111111111111111111111111111100000000000000000000000000000000000                
 -68 00000000000000000000000000000111111111111111111111111111111111111111111111111111111111111111100000000000000000000000000000000000                
 -67 00000000000000000000000000000111111111111111111111111111111111111111111111111111111111111111100000000000000000000000000000000000                
 -66 00000000000000000000000000000111111111111111111111111111111111111111111111111111111111111111100000000000000000000000000000000000                
 -65 00000000000000000000000000000111111111111111111111111111111111111111111111111111111111111111100000000000000000000000000000000000                
 -64                     110000000111111111111111111111111111111111111111111111111111111111111111111111100000001100000000                            
 -63                     000000000111111111111111111111111111111111111111111111111111111111111111111111100000001100000000                            
 -62                     000000000111111111111111111111111111111111111111111111111111111111111111111111100000001100000000                            
 -61                     000000000111111111111111111111111111111111111111111111111111111111111111111111100000001100000000                            
 -60                     000000000111111111111111111111111111111111111111111111111111111111111111111111100000001100000000                            
 -59                     000000000111111111111111111111111111111111111111111111111111111111111111111111100000001100000000                            
 -58                     000000000111111111111111111111111111111111111111111111111111111111111111111111100000001100000000                            
 -57                     000000000111111111111111111111111111111111111111111111111111111111111111111111100000001100000000                            
 -56                     000000000111111111111111111111111111111111111111111111111111111111111111111111100000001100000000                            
 -55                     000000000000000000000000000000000000000000000000000000000000000000000000000000000000000000000000                            
 -54                     000000000000000000000000000000000000000000000000000000000000000000000000000000000000000000000000                            
 -53                     000000000000000000000000000000000000000000000000000000000000000000000000000000000000000000000000                            
 -52                     000000000000000000000000000000000000000000000000000000000000000000000000000000000000000000000000                            
 -51                     000000000000000000000000000000000000000000000000000000000000000000000000000000000000000000000000                            
 -50                     000000000000000000000000000000000000000000000000000000000000000000000000000000000000000000000000                            
 -49                     000000000000000000000000000000000000000000000000000000000000000000000000000000000000000000000000                            
 -48                             1100000001111111111111111111111111111111111111111111111111111111111111100000001100000000                            
 -47                             1100000001111111111111111111111111111111111111111111111111111111111111100000001100000000                            
 -46                             0000000000000000000000000000000000000000000000000000000000000000000000000000000000000000                            
 -45                             0000000000000000000000000000000000000000000000000000000000000000000000000000000000000000                            
 -44                             0000000000000000000000000000000000000000000000000000000000000000000000000000000000000000                            
 -43                             0000000000000000000000000000000000000000000000000000000000000000000000000000000000000000                            
 -42                             0000000000000000000000000000000000000000000000000000000000000000000000000000000000000000                            
 -41                             0000000000000000000000000000000000000000000000000000000000000000000000000000000000000000                            
 -40                                                                                                                                                 
 -39                                                                                                                                                 
 -38                                                                                                                                                 
 -37                                                                                                                                                 
 -36                                                                                                                                                 
 -35                                                                                                                                                 
 -34                                                                                                                                                 
 -33                                                                                                                                                 
 -32                                                                                                                                                 
 -31                                                                                                                                                 
 -30                                                                                                                                                 
 -29                                                                                                                                                 
 -28                                     0000000000000000            0000000000000000            0000000000000000                                    
 -27                                     0000000000000000            0000000000000000            0000000000000000                                    
 -26                                     0000000000000000            0000000000000000            0000000000000000                                    
 -25                                     0000000000000000            0000000000000000            0000000000000000                                    
 -24                                     0000000000000000            0000000000000000            0000000000000000                                    
 -23                                     0000000000000000            0000000000000000            0000000000000000                                    
 -22                                     0000000000000000            0000000000000000            0000000000000000                                    
 -21                                     0000000000000000            0000000000000000            0000000000000000                                    
 -20                                     0000000000000000            0000000000000000            0000000000000000                                    
 -19                                     0000000000000000            0000000000000000            0000000000000000                                    
 -18                                     0000000000000000            0000000000000000            0000000000000000                                    
 -17                                     0000000000000000            0000000000000000            0000000000000000                                    
 -16                                     0000000000000000            0000000000000000            0000000000000000                                    
 -15                                     0000000000000000            0000000000000000            0000000000000000                                    
 -14                                     0000000000000000            0000000000000000            0000000000000000                                    
 -13                                     0000000000000000            0000000000000000            0000000000000000                                    
 -12                                                                                                                                                 
 -11                                                                                                                                                 
 -10                                                                                                                                                 
  -9                                                                                                                                                 
  -8                                                                                                                                                 
  -7                                                                                                                                                 
  -6                                                                                                                                                 
  -5                                                                                                                                                 
  -4                                                                                                                                                 
  -3                                                                                                                                                 
  -2                                                                                                                                                 
  -1                                                                                                                                                 
   0                                                                                                                                                 
   1                                                                                                                                                 
   2                                                                                                                                                 
   3                                                                                                                                                 
   4                                                                                                                                                 
   5                                                                                                                                                 
   6                                                                                                                                                 
   7                                                                                                                                                 
   8                                                                                                                                                 
   9                                                                                                                                                 
  10                                                                                                                                                 
  11                                                                                                                                                 
  12                                     0000000000000000            0000000000000000            0000000000000000                                    
  13                                     0000000000000000            0000000000000000            0000000000000000                                    
  14                                     0000000000000000            0000000000000000            0000000000000000                                    
  15                                     0000000000000000            0000000000000000            0000000000000000                                    
  16                                     0000000000000000            0000000000000000            0000000000000000                                    
  17                                     0000000000000000            0000000000000000            0000000000000000                                    
  18                                     0000000000000000            0000000000000000            0000000000000000                                    
  19                                     0000000000000000            0000000000000000            0000000000000000                                    
  20                                     0000000000000000            0000000000000000            0000000000000000                                    
  21                                     0000000000000000            0000000000000000            0000000000000000                                    
  22                                     0000000000000000            0000000000000000            0000000000000000                                    
  23                                     0000000000000000            0000000000000000            0000000000000000                                    
  24                                     0000000000000000            0000000000000000            0000000000000000                                    
  25                                     0000000000000000            0000000000000000            0000000000000000                                    
  26                                     0000000000000000            0000000000000000            0000000000000000                                    
  27                                     0000000000000000            0000000000000000            0000000000000000                                    
  28                                                                                                                                                 
  29                                                                                                                                                 
  30                                                                                                                                                 
  31                                                                                                                                                 
  32                                                                                                                                                 
  33                                                                                                                                                 
  34                                                                                                                                                 
  35                                                                                                                                                 
  36                                                                                                                                                 
  37                                                                                                                                                 
  38                                                                                                                                                 
  39                                                                                                                                                 
  40                             1100000001111111111111111111111111111111111111111111111111111111111111100000001100000000                            
  41                             1100000001111111111111111111111111111111111111111111111111111111111111100000001100000000                            
  42                             0000000000000000000000000000000000000000000000000000000000000000000000000000000000000000                            
  43                             0000000000000000000000000000000000000000000000000000000000000000000000000000000000000000                            
  44                             0000000000000000000000000000000000000000000000000000000000000000000000000000000000000000                            
  45                             0000000000000000000000000000000000000000000000000000000000000000000000000000000000000000                            
  46                             0000000000000000000000000000000000000000000000000000000000000000000000000000000000000000                            
  47                             0000000000000000000000000000000000000000000000000000000000000000000000000000000000000000                            
  48                             000000000000000000000000000000000000000000000000000000000000000000000000000000000000000000000000                    
  49                             110000000111111111111111111111111111111111111111111111111111111111111111111111100000000000000000                    
  50                             110000000111111111111111111111111111111111111111111111111111111111111111111111100000000000000000                    
  51                             110000000111111111111111111111111111111111111111111111111111111111111111111111100000000000000000                    
  52                             110000000111111111111111111111111111111111111111111111111111111111111111111111100000000000000000                    
  53                             110000000111111111111111111111111111111111111111111111111111111111111111111111100000000000000000                    
  54                             110000000111111111111111111111111111111111111111111111111111111111111111111111100000000000000000                    
  55                             110000000111111111111111111111111111111111111111111111111111111111111111111111100000000000000000                    
  56                             110000000111111111111111111111111111111111111111111111111111111111111111111111100000000000000000                    
  57                             110000000111111111111111111111111111111111111111111111111111111111111111111111100000001100000000                    
  58                             000000000111111111111111111111111111111111111111111111111111111111111111111111100000000000000000                    
  59                             000000000000000011111111111111111111111111111111111111111111111111111111111111100000000000000000                    
  60                             000000000000000011111111111111111111111111111111111111111111111111111111111111100000000000000000                    
  61                             000000000000000011111111111111111111111111111111111111111111111111111111111111100000000000000000                    
  62                             000000000000000011111111111111111111111111111111111111111111111111111111111111100000000000000000                    
  63                             000000000000000011111111111111111111111111111111111111111111111111111111111111100000000000000000                    
  64                 00000000000000000000000000001111111111111111111111111111111111111111111111111111111111111111111111110000000000000000000000000000
  65                 00000000000000000000000000001111111100000000000000000000000000000000000000001111111100000000000000000000000000000000000000000000
  66                 00000000000000000000000000001111111100000000000000000000000000000000000000001111111100000000000000000000000000000000000000000000
  67                 00000000000000000000000000001111111100000000000000000000000000000000000000001111111100000000000000000000000000000000000000000000
  68                 00000000000000000000000000001111111100000000000000000000000000000000000000001111111100000000000000000000000000000000000000000000
  69                 00000000000000000000000000001111111100000000000000000000000000000000000000001111111100000000000000000000000000000000000000000000
  70                 00000000000000000000000000001111111100000000000000000000000000000000000000001111111100000000000000000000000000000000000000000000
  71                 00000000000000000000000000001111111100000000000000000000000000000000000000001111111100000000000000000000000000000000000000000000
  72                 00000000000000000000000000001111111100000000111111111111111111111111000000001111111100000000111111110000000000000000000000000000
  73                 00000000000000000000000000001111111100000000111111111111111111111111000000001111111100000000111111111110000000000000000000000000
  74                 00000000000000000000000000000000000000000000000000000000000000000000000000000000000000000000000000000000000000000000000000000000
  75                 00000000000000000000000000000000000000000000000000000000000000000000000000000000000000000000000000000000000000000000000000000000
  76                 00000000000000000000000000000000000000000000000000000000000000000000000000000000000000000000000000000000000000000000000000000000
  77                 00000000000000000000000000000000000000000000000000000000000000000000000000000000000000000000000000000000000000000000000000000000
  78                 00000000000000000000000000000000000000000000000000000000000000000000000000000000000000000000000000000000000000000000000000000000
  79                 00000000000000000000000000000000000000000000000000000000000000000000000000000000000000000000000000000000000000000000000000000000
  80                                             0000000000000000                                0000000000000000                                    
  81                                             0000000000000000                                0000000000000000                                    
  82                                             0000000000000000                                0000000000000000                                    
  83                                             0000000000000000                                0000000000000000                                    
  84                                             0000000000000000                                0000000000000000                                    
  85                                             0000000000000000                                0000000000000000                                    
  86                                             0000000000000000                                0000000000000000                                    
  87                                             0000000000000000                                0000000000000000                                    
  88                                             0000000000000000                                0000000000000000                                    
  89                                             0000000000000000                                0000000000000000                                    
  90                                             0000000000000000                                0000000000000000                                    
  91                                             0000000000000000                                0000000000000000                                    
  92                                             0000000000000000                                0000000000000000                                    
  93                                             0000000000000000                                0000000000000000                                    
  94                                             0000000000000000                                0000000000000000                                    
  95                                             0000000000000000                                0000000000000000                                    
  96                                             0000000000000000                                0000000000000000                                    
  97                                             0000000000000000                                0000000000000000                                    
  98                                             0000000000000000                                0000000000000000                                    
  99                                             0000000000000000                                0000000000000000                                    
 100                                             0000000000000000                                0000000000000000                                    
 101                                             0000000000000000                                0000000000000000                                    
 102                                             0000000000000000                                0000000000000000                                    
 103                                             0000000000000000                                0000000000000000                                    
 104                                             1100000000000000111111111111111111111111000000000000001100000000                                    
 105                                             0000000000000000000000000000000000000000000000000000000000000000                                    
 106                                             0000000000000000000000000000000000000000000000000000000000000000                                    
 107                                             0000000000000000000000000000000000000000000000000000000000000000                                    
 108                                             0000000000000000000000000000000000000000000000000000000000000000                                    
 109                                             0000000000000000000000000000000000000000000000000000000000000000                                    
 110                                             0000000000000000000000000000000000000000000000000000000000000000                                    
 111                                             0000000000000000000000000000000000000000000000000000000000000000                                    
 112                                             0000000000000000000000000000000000000000000000000000000000000000                                    
 113                                             0000000001111111000000001111111100000000111111100000000000000000                                    
 114                                             0000000000000000000000000000000000000000000000000000000000000000                                    
 115                                             0000000000000000000000000000000000000000000000000000000000000000                                    
 116                                             0000000000000000000000000000000000000000000000000000000000000000                                    
 117                                             0000000000000000000000000000000000000000000000000000000000000000                                    
 118                                             0000000000000000000000000000000000000000000000000000000000000000                                    
 119                                             0000000000000000000000000000000000000000000000000000000000000000                                    
 120                                                     0000000000000000                0000000000000000                                            
 121                                                     0000000000000000                0000000000000000                                            
 122                                                     0000000000000000                0000000000000000                                            
 123                                                     0000000000000000                0000000000000000                                            
 124                                                     0000000000000000                0000000000000000                                            
 125                                                     0000000000000000                0000000000000000                                            
 126                                                     0000000000000000                0000000000000000                                            
 127                                                     0000000000000000                0000000000000000                                            
 128                                                     0000000000000000                0000000000000000                                            
 129                                                     0000000000000000                0000000000000000                                            
 130                                                     0000000000000000                0000000000000000                                            
 131                                                     0000000000000000                0000000000000000                                            
 132                                                     0000000000000000                0000000000000000                                            
 133                                                     0000000000000000                0000000000000000                                            
 134                                                     0000000000000000                0000000000000000                                            
 135                                                     0000000000000000                0000000000000000                                            
 136                                                     110000000000000011111111000000000000001100000000                                            
 137                                                     000000000000000011111111000000000000000000000000                                            
 138                                                     000000000000000000000000000000000000000000000000                                            
 139                                                     000000000000000000000000000000000000000000000000                                            
 140                                                     000000000000000000000000000000000000000000000000                                            
 141                                                     000000000000000000000000000000000000000000000000                                            
 142                                                     000000000000000000000000000000000000000000000000                                            
 143                                                     000000000000000000000000000000000000000000000000                                            
 144                                                     110000000000000000000000000000000000001100000000                                            
 145                                                     110000000000000000000000000000000000001100000000                                            
 146                                                     000000000000000000000000000000000000000000000000                                            
 147                                                     000000000000000000000000000000000000000000000000                                            
 148                                                     000000000000000000000000000000000000000000000000                                            
 149                                                     000000000000000000000000000000000000000000000000                                            
 150                                                     000000000000000000000000000000000000000000000000                                            
 151                                                     000000000000000000000000000000000000000000000000                                            
 152                                                                     0000000000000000                                                            
 153                                                                     0000000000000000                                                            
 154                                                                     0000000000000000                                                            
 155                                                                     0000000000000000                                                            
 156                                                                     0000000000000000                                                            
 157                                                                     0000000000000000                                                            
 158                                                                     0000000000000000                                                            
 159                                                                     0000000000000000                                                            
 160                                                                     0000000000000000                                                            
 161                                                                     0000000000000000                                                            
 162                                                                     0000000000000000                                                            
 163                                                                     0000000000000000                                                            
 164                                                                     0000000000000000                                                            
 165                                                                     0000000000000000                                                            
 166                                                                     0000000000000000                                                            
 167                                                                     0000000000000000                                                            
seats 3055; refused 6366 DR-PASS, 4852 DR-SITE, 2495 DR-KEEP
