## tree
SEATS  tree, footprint 1x1, 3 blocks off a route  1 char = 1 block  x -84..83 across, z -140..139 down
KEY  1 the footprint seats with its minimum corner here  0 refused  space void
        -8        -7        -6        -5        -4        -3        -2        -1         0         1         2         3         4         5         6         7         8   
     432109876543210987654321098765432109876543210987654321098765432109876543210987654321012345678901234567890123456789012345678901234567890123456789012345678901234567890123
-140                                                                                                                                 0000000000000000000000000000            
-139                                                                                                                                 0000000000000000000000000000            
-138                                                                                                                                 0000000000000000000000000000            
-137                                                                                                                                 0000000000000000000000000000            
-136                                                                                                                                 0000000000000000000000000000            
-135                                                                                                                                 0000000000000000000000000000            
-134                                                                                                                                 0000000000000000000000000000            
-133                                                                                                                                 0000000000000000000000000000            
-132                                                                                                                                 0000000000000000000000000000            
-131                                                                                                                                 0000000000000000000000000000            
-130                                                                                                                                 0000000000000000000000000000            
-129                                                                                                                                 0000000000000000000000000000            
-128 000000000000                        000                                         00000000000000000000                            0000000000000000000000000000            
-127 000000000000       000000       00000000                                        00000000000000000000                            0000000000000000000000000000            
-126 000000000000    00000000000000000000000000                                      00000000000000000000                            0000000000000000000000000000            
-125 000000000000 000000000000000000000000000000                                     00000000000000000000                            0000000000000000000000000000            
-124 00000000000000000000000000000000000000000011                                    00000000000000000000                            0000000000000000                        
-123 00000000000000000000000000000000000000000011                                    00000000000000000000                            0000000000000000                        
-122 00000000000000000000000000000000000000000011                                    00000000000000000000                            0000000000000000                        
-121 00000000000000000000000000000000000000000111                                    00000000000000000000                            0000000000000000                        
-120 00000000000000000000000000000000000000000001                                    00000000000000000000                            0000000000000000                        
-119 00000000000000000000000000000000000000000000                                    00000000000000000000                            0000000000000000                        
-118 00000000000000000000000000000000000000000000                                    00000000000000000000                            0000000000000000                        
-117 00000000000000000000000000000000000000000000                                    00000000000000000000                            0000000000000000                        
-116 00000000000000000000000000000000000000000000                                    00000000000000000000                            0000000000000000                        
-115 00000000000000000000000000000000000000000000                                    00000000000000000000                            0000000000000000                        
-114 00000000000000000000000000000000000000000000                                    00000000000000000000                            0000000000000000                        
-113 00000000000000000000000000000000000000000000                                    00000000000000000000                            0000000000000000                        
-112             00000000000000000000000001000000                                    00000000000000000000                            1111000000001111                        
-111             00000000000000000000000001000000                                    00000000000000000000                            1111000000001111                        
-110             00000000000000000000000001000000                                    00000000000000000000                            1111000000001111                        
-109             00000000000000000000000001000000                                    00000000000000000000                            1111000000001111                        
-108             00000000000000000000000001000000                                    000000000000000000000001                        1111000000001111                        
-107             00000000000000000000000001000000                                    000000000000000000000001                        1111000000001111                        
-106             00000000000000000000000000000000                                    000000000000000000000001                        1111000000001111                        
-105             00000000000000000000000000000000                                    100000000000000000001111                        1111000000001111                        
-104            100000000000000000000000000000000                                    100000000000000000001111                        1111000000001110                        
-103            000000000000000000000000000000000                                    100000000000000000001111                        1111000000000000                        
-102            000000000000000000000000000000000       0000000001                   100000000000000000001111      0000000           11110000000000000                       
-101            000000000000000000000000000000000  1000000000000010000000000000      100000000000000000001111  1110000000000000111   11110000000000000                       
-100            00000000000000000000000000000000000000000000000001000000000000011111110000000000000000000111111111000000000000011111111110000000000000                       
 -99            00000000000000000000000001100000000000000000000000000000000000001111110000000000000000000111111110000000000000001111111100000000000000                       
 -98            000000000000000000000000111111100000000000000000010000000000000111111100000000000000000001111111110000000000000111111100000000000000000                      
 -97            000000000000000000000001111111000000000000000000010000000000000111111100000000000000000001111111110000000000000111111000000000000000000                      
 -96            000000000000000000001101111000000000000000000000000000000000000000001000000000000000000000000000000000000000000000000000000000000000000                      
 -95            000000000000000000001101100000000000000000000000000000000000000000000000000000000000000000000000000000000000000000000000000000000000000                      
 -94           00000000000000000000011010000000000000000000000000000000000000000000000000000000000000000000000000000000000000000000000000000000000000000                     
 -93           00000000000000000000011100000000000000000000000000000000000000000000000000000000000000000000000000000000000000000000000000000000000000000                     
 -92           00000000000010000000001100000000000000000000000000000000000000000000000000000000000000000000000000000000000000000000000000000000000000000                     
 -91          0000000000001100000000011000000000000000000000000000000000000000000000000000000000000000000000000000000000000000000000000000000000100000000                    
 -90          0000000000111100000000011000000000000000100000000000000000000000000000000000000000000000000000000000000000000000000000000000000000000000000                    
 -89          0000000001111110000000000000000000000000011100000000000000000000000000000000000000000000000000000000000000000000000000000000000000000000000                    
 -88         00000000011111110000000001000000000000           11100000000000000000000000000000000000000000000000000           1111110110000000000000000000                   
 -87         0000000001111111000000000000000000000             110111111111111111111100000000111111111111111111100             111110111000000000000000000                   
 -86         000000000011111110000000000000000000               0011111111111111111110000000011111111111111111110               11111011000000000000000000                   
 -85         000000000000000110000000001000000000                011111111111111111110000000011111111111111111110                10000000000000000000000000                  
 -84         000000000000000000000000000000000000                011111111111111111110000000011111111111111111110                00000000000000000000000000                  
 -83         000000000000000000000000000100000000                011111111111111111110000000011111111111111111110                00000000000000000000000000                  
 -82         000000000000000000000000000011000000                011111111111111111110000000011111111111111111110                00000000000000000000000000                  
 -81         000000000000000000100000000010000000                011111111111111111110000000011111111111111111110                00000000000000000000000000                  
 -80         000000000000000000100000000000000000                000000000011111111110000000011111111110000000000                00000000000000000000000000                  
 -79        1000000000000000000100000000000000000                000000000011111111110000000011111111110000000000                00000000000000000000000000                  
 -78        0000000000000000001110000000000000000                000000000011111111110000000011111111110000000000                0000000000000000000000000                   
 -77        0000000000000000011110000000000000000                000000000011111111110000000011111111110000000000                0000000000000000000000000                   
 -76        0000000000000111111111000000000000000                000000000011111111110000000011111111110000000000                0000000000000000000000000                   
 -75        0000000000001111111111000000000000000                000000000011111111110000000011111111110000000000                0000000000000000000000000                   
 -74        0000000000010000000000000000000000000                000000000011111111110000000011111111110000000000                0000000000000000000000000                   
 -73        0000000000110000000000000000000000000                000000000011111111110000000011111111110000000000                1000000010000000000000000                   
 -72        0000000000110000000000000000000000000                000000000011111111110000000011111111110000000000                1111011110000000000000000                   
 -71        0000000000010000000000010000000000000                011111111111111111110000000011111111111111111110                1111111110000000000000000                   
 -70         000000000110000000000010000000000101                011111111111111111110000000011111111111111111110                000000000000000000000000                    
 -69         000000000110000000000010000000000000                011111111111111111110000000011111111111111111110                000000000000000000000000                    
 -68         000000000000000000000000000000000000                011111111111111111110000000011110000011111111110                000000000000000000000000                    
 -67         000000000000000000000000000000000000                011111111111111111110000000011110000011111111110                000000000000000000000000                    
 -66          00000000000000000000000000000000000                011111111111111111110000000011110000011111111110                000000000000000000000000                    
 -65          00000000000000000000000000000000000                011111111111111111110000000011110000011111111110                00000000000000000000000                     
 -64          00000000000000000000000000000000000                011111111111111111110000000011110000011111111110                00000000000000000000000                     
 -63          00000000000000000000000000000000000                000000000011111111110000000011111111110000000000                00000000000000000000000                     
 -62           0000000000000000000000000000000000                000000000011111111110000000011111111110000000000                00000000000000000001111                     
 -61           0000000000000000000000000000000000                000000000011111111100000000001111111110000000000                1111110000000000000001                      
 -60           0000000000000000000000000000000000                000000000011111111100000000001111111110000000000                1111110000000000000001                      
 -59           0000000000000000000000000000000000                000000000011111111100000000001111111110000000000                1111100000000001100011                      
 -58            000000000000000000000000000000000                000000000011111111100000000001111111110000000000                111110000000001110101                       
 -57            000000000000000000000000000000000                000000000011111111100000000001111111110000000000                111110000000001111111                       
 -56            000000000000000000000000000000001                000000000011111111100000000001111111110000000000                111110000000001111111                       
 -55            000000000000000000000000000000000               0000000000011111111100000000001111111110000000000               1111100000000001111111                       
 -54             101111000000000000000000000000000             110111111111111111100000000000000111111111111111101             1111110000000001111111                        
 -53             1111111000000000000000000000000000           11100000000000000000000000000000000000000000000000011           11111100000000001111111                        
 -52                                 00000000000000011111111111111100000000000000000000000000000000000000000000111111111111111111111000000000                                
 -51                                 000000000000001111111111111111000000000000000000000000000000000000000000001111111111111111111110000000001                               
 -50                                 000000000010011111111111111111000000000000000000000000000000000000000000001111111111111111111100000000001                               
 -49                                 0000000001111111111111111110000000000000000000000000000000000000000000000000111111111111111111000000000011                              
 -48                                 0000000001111111111111110000000000000000000000000000000000000000000000000000000111111111111111000000000111                              
 -47                                 11100000011111111111100000000000000000000000000000000000000000000000000000000000011111111111110000000001111                             
 -46                                 11100000011111111110000000000000000000000000000000111100000000000000000000000000000011111111110000000001111                             
 -45                                 1110000001111111110000000000000000000000000000111111111111100000000000000000000000000111111111000000001111                              
 -44                                 1111111111111111100000000000000000000000011111111111111111111110000000000000000000000001111111000000001111                              
 -43                                 1111111111111111000000000000000000000011111111111111111111111111110000000000000000000000111111100000011111                              
 -42                                 111111111111111000000000000000000001111111111111111111111111111111111000000000000000000001111111111111111                               
 -41                                 111111111111111000000000000000011111111111111111111111111111111111111111000000000000000000111111111111111                               
 -40                                 111111111111110000000000000011111111111111111111111111111111111111111111110000000000000000011111111111111                               
 -39                                 111111111111110000000000001111111111111111111111111111111111111111111111111110000000000000011111111111111                               
 -38                                 111111111111110000000000111111111111111111111111111111111111111111111111111111100000000000001111111111111                               
 -37                                 111111111111100000000001111111111111111111111111111111111111111111111111111111110000000000001111111111111                               
 -36                                 11111111111110000000000111111111                                        111111111100000000000111111111111                               
 -35                                 11111111111110000000001111111111                                        111111111110000000000111111111111                               
 -34                                 11111111111110000000001111111111                                        111111111110000000000111111111111                               
 -33                                 11111111111100000000001111111111                                        111111111111000000000111111111111                               
 -32                                 11111111111100000000011111111111                                        111111111111000000000011111111111                               
 -31                                 11111111111100000000011111111111                                        111111111111100000000011111111111                               
 -30                                 11111111111100000000011111111111                                        11111111111110000000001111111111                                
 -29                                 11111111111100000000111111111111                                        11111111111110000000001111111111                                
 -28                                 11111111111100000000111111111111                                        11111111111111000000001111111111                                
 -27                                 11111111111100000000111111111111                                        11111111111111000000001111111111                                
 -26                                 11111111111100000000111111111111                                        11111111111111000000001111111111                                
 -25                                 11111111111110000001111111111111                                        11111111111111100000011111111111                                
 -24                                 11111111111111111111111111111111                                        11111111111111111111111111111111                                
 -23                                 11111111111111111111111111111111                                        11111111111111111111111111111111                                
 -22                                 11111111111111111111111111111111                                        11111111111111111111111111111111                                
 -21                                 11111111111111111111111111111111                                        11111111111111111111111111111111                                
 -20                                                                                                                                                                         
 -19                                                                                                                                                                         
 -18                                                                                                                                                                         
 -17                                                                                                                                                                         
 -16                                                                                                                                                                         
 -15                                                                                                                                                                         
 -14                                                                                                                                                                         
 -13                                                                                                                                                                         
 -12                                                                                                                                                                         
 -11                                                                                                                                                                         
 -10                                                                                                                                                                         
  -9                                                                                                                                                                         
  -8                                                                    111111111111111111111111111111111                                                                    
  -7                                                                   11111111111111111111111111111111111                                                                   
  -6                                                                  1111111111111111111111111111111111111                                                                  
  -5                                                                 111111111111111111111111111111111111111                                                                 
  -4                                      1111111111111              1111111111111100000110000011111111111111             1111111111111                                      
  -3                                     111111111111111             1111111111111101111111111011111111111111            111111111111111                                     
  -2                                     1111111111111111            1111111111111101111111111011111111111111            1111111111111111                                    
  -1                                     1111111111111111            1111111111110001111111111000111111111111            1111111111111111                                    
   0                                     1111111111111111            1111111111110001111111111000111111111111            1111111111111111                                    
   1                                     1111111111111111            1111111111111101111111111011111111111111            1111111111111111                                    
   2                                     111111111111111             1111111111111101111111111011111111111111            111111111111111                                     
   3                                      1111111111111              1111111111111100000110000011111111111111             1111111111111                                      
   4                                                                 111111111111111111111111111111111111111                                                                 
   5                                                                  1111111111111111111111111111111111111                                                                  
   6                                                                   11111111111111111111111111111111111                                                                   
   7                                                                    111111111111111111111111111111111                                                                    
   8                                                                                                                                                                         
   9                                                                                                                                                                         
  10                                                                                                                                                                         
  11                                                                                                                                                                         
  12                                                                                                                                                                         
  13                                                                                                                                                                         
  14                                                                                                                                                                         
  15                                                                                                                                                                         
  16                                                                                                                                                                         
  17                                                                                                                                                                         
  18                                                                                                                                                                         
  19                                                                                                                                                                         
  20                                 11111111111111111111111111111111                                        11111111111111111111111111111111                                
  21                                 11111111111111111111111111111111                                        11111111111111111111111111111111                                
  22                                 11111111111111111111111111111111                                        11111111111111111111111111111111                                
  23                                 11111111111111111111111111111111                                        11111111111111111111111111111111                                
  24                                 11111111111000000111111111111111                                        11111111111110000001111111111111                                
  25                                 11111111110000000011111111111111                                        11111111111100000000111111111111                                
  26                                 11111111110000000011111111111111                                        11111111111100000000111111111111                                
  27                                 11111111110000000011111111111111                                        11111111111100000000111111111111                                
  28                                 11111111110000000001111111111111                                        11111111111100000000111111111111                                
  29                                 11111111110000000001111111111111                                        11111111111000000000111111111111                                
  30                                111111111110000000001111111111111                                        11111111111000000000111111111111                                
  31                                111111111110000000000111111111111                                        11111111111000000000111111111111                                
  32                                111111111111000000000111111111111                                        11111111110000000000111111111111                                
  33                                111111111111000000000011111111111                                        11111111110000000001111111111111                                
  34                                111111111111000000000011111111111                                        11111111110000000001111111111111                                
  35                                111111111111000000000001111111111                                        11111111100000000001111111111111                                
  36                                111111111111100000000000011111111111111111111111111111111111111111111111111111111100000000001111111111111                                
  37                                111111111111100000000000001111111111111111111111111111111111111111111111111111111000000000011111111111111                                
  38                                111111111111110000000000000011111111111111111111111111111111111111111111111111100000000000011111111111111                                
  39                                111111111111110000000000000000011111111111111111111111111111111111111111111110000000000000011111111111111                                
  40                                111111111111111000000000000000000111111111111111111111111111111111111111110000000000000000111111111111111                                
  41                               1111111111111111100000000000000000000111111111111111111111111111111111100000000000000000000111111111111111                                
  42                               1111100000011111110000000000000000000000111111111111111111111111111100000000000000000000001111111111111111                                
  43                               1111000000001111111000000000000000000000000111111111111111111111100000000000000000000000011111111111111111                                
  44                              11111000000001111111110000000000000000000000000011111111111110000000000000000000000000000111111111000000111                                
  45                              11110000000001111111111000000000000000000000000000000111100000000000000000000000000000001111111111000000111                                
  46                              11110000000001111111111111000000000000000000000000000000000000000000000000000000000000111111111111000000111                                
  47                               1110000000001111111111111110000000000000000000000000000000000000000000000000000000111111111111111000000000                                
  48                               1100000000001111111111111111110000000000000000000000000000000000000000000000000111111111111111111000000000                                
  49                                100000000001111111111111111111100000000000000000000000000000000000000000000111111111111111110010000000000                                
  50                                100000000011111111111111111111100000000000000000000000000000000000000000000111111111111111100000000000000                                
  51                                 00000000011111111111111111111100000000000000000000000000000000000000000000111111111111111000000000000000                                
  52                         1111111000000000011111           11100000000000000000000000000000000000000000000000011           00000000000000000000000000001111111            
  53                         111111100000000011111             110111111111111111100000000000000111111111111111101             0000000000000000000000000000111101            
  54                        111111100000000001111               0000000000011111111100000000001111111110000000000               0000000000000000000000000000000000           
  55                        111111100000000011111                000000000011111111100000000001111111110000000000                000000000000000000000000000000000           
  56                        111111100000000011111                000000000011111111100000000001111111110000000000                000000000000000000000000000000000           
  57                       1101011100000000011111                000000000011111111100000000001111111110000000000                000000000000000000000000000000000           
  58                       1000011000000000011111                000000000011111111100000000001111111110000000000                0000000000000000000000000000000000          
  59                       0000000000000000111111                000000000011111111100000000001111111110000000000                0000000000000000000000000000000000          
  60                      11000000000000000111111                000000000011111111100000000001111111110000000000                0000000000000000000000000000000000          
  61                      11110000000000000000000                000000000011111111110000000011111111110000000000                0000000000000000000000000000000000          
  62                      00000000000000000000000                000000000011111111110000000011111111110000000000                00000000000000000000000000000000000         
  63                      00000000000000000000000                011111111110000011110000000011111111111111111110                00000000000000000000000000000000000         
  64                     000000000000000000000000                011111111110000011110000000011111111111111111110                00000000000000000000000000000000000         
  65                     000000000000000000000000                011111111110000011110000000011111111111111111110                00000000000000000000000000000000000         
  66                     000000000000000000000000                011111111110000011110000000011111111111111111110                000000000000000000000000000000000000        
  67                     000000000000000000000000                011111111110000011110000000011111111111111111110                000000000000000000000000000000000000        
  68                     000000000000000000000000                011111111111111111110000000011111111111111111110                000000000000010000000000011000000000        
  69                    0000000000000000000000000                011111111111111111110000000011111111111111111110                101000000000010000000000011000000000        
  70                    0000000000000000111111111                011111111111111111110000000011111111111111111110                0000000000000100000000000100000000000       
  71                    0000000000000000111101111                000000000011111111110000000011111111110000000000                0000000000000000000000000110000000000       
  72                    0000000000000000100000001                000000000011111111110000000011111111110000000000                0000000000000000000000000110000000000       
  73                    0000000000000000000000000                000000000011111111110000000011111111110000000000                0000000000000000000000000100000000000       
  74                    0000000000000000000000000                000000000011111111110000000011111111110000000000                0000000000000001111111111000000000000       
  75                    0000000000000000000000000                000000000011111111110000000011111111110000000000                0000000000000001111111110000000000000       
  76                    0000000000000000000000000                000000000011111111110000000011111111110000000000                0000000000000000111100000000000000000       
  77                    0000000000000000000000000                000000000011111111110000000011111111110000000000                0000000000000000111000000000000000000       
  78                   00000000000000000000000000                000000000011111111110000000011111111110000000000                0000000000000000010000000000000000001       
  79                   00000000000000000000000000                000000000011111111110000000011111111110000000000                000000000000000001000000000000000000        
  80                   00000000000000000000000000                011111111111111111110000000011111111111111111110                000000010000000001000000000000000000        
  81                   00000000000000000000000000                011111111111111111110000000011111111111111111110                000000110000000000000000000000000000        
  82                   00000000000000000000000000                011111111111111111110000000011111111111111111110                000000001000000000000000000000000000        
  83                   00000000000000000000000000                011111111111111111110000000011111111111111111110                000000000000000000000000000000000000        
  84                   00000000000000000000000001                011111111111111111110000000011111111111111111110                000000000100000000011000000000000000        
  85                   00000000000000000001101111               0011111111111111111110000000011111111111111111110               0000000000000000000011111110000000000        
  86                    00000000000000000011101111             000111111111111111111100000000111111111111111111101             00000000000000000000001111111000000000        
  87                    000000000000000000011011111           10000000000000000000000000000000000000000000000000011           000000000000010000000001111111000000000        
  88                    00000000000000000000000000000000000000000000000000000000000000000000000000000000000000000000000011100000000000000000000000000111111000000000         
  89                     0000000000000000000000000000000000000000000000000000000000000000000000000000000000000000000000000010000000000000001100000000011110000000000         
  90                     0000000010000000000000000000000000000000000000000000000000000000000000000000000000000000000000000000000000000000001100000000011000000000000         
  91                     000000000000000000000000000000000000000000000000000000000000000000000000000000000000000000000000000000000000000000110000000001000000000000          
  92                      00000000000000000000000000000000000000000000000000000000000000000000000000000000000000000000000000000000000000000111000000000000000000000          
  93                      00000000000000000000000000000000000000000000000000000000000000000000000000000000000000000000000000000000000000001011000000000000000000000          
  94                      0000000000000000000000000000000000000000000000000000000000000000000000000000000000000000000000000000000000000001101100000000000000000000           
  95                       000000000000000000000000000000000000000000000000000000000000000000100000000000000000000000000000000000000000111101100000000000000000000           
  96                       000000000000000000111111000000000000011111111110000000000000000000111111000000000000010000000000000000000111111100000000000000000000000           
  97                       000000000000000001111111000000000000011111111110000000000000000000111111000000000000010000000000000000001111111000000000000000000000000           
  98                        00000000000000111111110000000000000001111111110000000000000000000111110000000000000000000000000000000000000110000000000000000000000000           
  99                        00000000000001111111111000000000000011111111110000000000000000000111111000000000000010000000000000000000000000000000000000000000000000           
 100                        00000000000001111   1110000000000000111  111110000000000000000000      000000000000010000000000000   000000000000000000000000000000000           
 101                        00000000000001111           0000000      111110000000000000000000                   100000000        000000000000000000000000000000000           
 102                         0000000000001111                        111110000000000000000000                                    000000000000000000000000000000000           
 103                         0111000000001111                        111110000000000000000000                                    000000000000000000000000000000001           
 104                         1111000000001111                        111110000000000000000000                                    00000000000000000000000000000000            
 105                         1111000000001111                        111110000000000000000000                                    00000000000000000000000000000000            
 106                         1111000000001111                        110000000000000000000000                                    00000010000000000000000000000000            
 107                         1111000000001111                        110000000000000000000000                                    00000010000000000000000000000000            
 108                         1111000000001111                            00000000000000000000                                    00000010000000000000000000000000            
 109                         1111000000001111                            00000000000000000000                                    00000010000000000000000000000000            
 110                         1111000000001111                            00000000000000000000                                    00000010000000000000000000000000            
 111                         1111000000001111                            00000000000000000000                                    00000010000000000000000000000000            
 112                         1111000000001111                            00000000000000000000                                    00000000000000000000000000000000000000000000
 113                         0000000000000000                            00000000000000000000                                    00000000000000000000000000000000000000000000
 114                         0000000000000000                            00000000000000000000                                    00000000000000000000000000000000000000000000
 115                         0000000000000000                            00000000000000000000                                    00000000000000000000000000000000000000000000
 116                         0000000000000000                            00000000000000000000                                    00000000000000000000000000000000000000000000
 117                         0000000000000000                            00000000000000000000                                    00000000000000000000000000000000000000000000
 118                         0000000000000000                            00000000000000000000                                    00000000000000000000000000000000000000000000
 119                         0000000000000000                            00000000000000000000                                    10000000000000000000000000000000000000000000
 120                         0000000000000000                            00000000000000000000                                    11100000000000000000000000000000000000000000
 121                         0000000000000000                            00000000000000000000                                    11000000000000000000000000000000000000000000
 122                         0000000000000000                            00000000000000000000                                    11000000000000000000000000000000000000000000
 123                         0000000000000000                            00000000000000000000                                    11000000000000000000000000000000000000000000
 124             0000000000000000000000000000                            00000000000000000000                                     000000000000000000000000000000 000000000000
 125             0000000000000000000000000000                            00000000000000000000                                      00000000000000000000000000    000000000000
 126             0000000000000000000000000000                            00000000000000000000                                        00000000       000000       000000000000
 127             0000000000000000000000000000                            00000000000000000000                                         000                        000000000000
 128             0000000000000000000000000000                                                                                                                                
 129             0000000000000000000000000000                                                                                                                                
 130             0000000000000000000000000000                                                                                                                                
 131             0000000000000000000000000000                                                                                                                                
 132             0000000000000000000000000000                                                                                                                                
 133             0000000000000000000000000000                                                                                                                                
 134             0000000000000000000000000000                                                                                                                                
 135             0000000000000000000000000000                                                                                                                                
 136             0000000000000000000000000000                                                                                                                                
 137             0000000000000000000000000000                                                                                                                                
 138             0000000000000000000000000000                                                                                                                                
 139             0000000000000000000000000000                                                                                                                                
seats 7055; refused 7770 DR-CLAIM, 3685 DR-KEEP, 2429 DR-ROAD, 1471 DR-ROOT

## boulder
SEATS  boulder, footprint 1x1, 2 blocks off a route  1 char = 1 block  x -84..83 across, z -140..139 down
KEY  1 the footprint seats with its minimum corner here  0 refused  space void
        -8        -7        -6        -5        -4        -3        -2        -1         0         1         2         3         4         5         6         7         8   
     432109876543210987654321098765432109876543210987654321098765432109876543210987654321012345678901234567890123456789012345678901234567890123456789012345678901234567890123
-140                                                                                                                                 1111111111111100000000000000            
-139                                                                                                                                 1111111000000000000000000000            
-138                                                                                                                                 1111111000000000000000000000            
-137                                                                                                                                 1111111000000000000000000000            
-136                                                                                                                                 1111111000000000000000000000            
-135                                                                                                                                 1111111000000000000000000000            
-134                                                                                                                                 1111111000000000000000000000            
-133                                                                                                                                 1111111000000000000000000000            
-132                                                                                                                                 1111111000000000000000000000            
-131                                                                                                                                 1111111000000000000000000000            
-130                                                                                                                                 1111111000000000000000000000            
-129                                                                                                                                 1111111000000000000000000000            
-128 000000000000                        111                                         00000000000000000000                            1111110000000000000000000000            
-127 000000000000       111111       11111111                                        00000000000000000000                            1111100000000000000000000000            
-126 000000000000    00111111111111111111111111                                      00000000000000000000                            1111100000000000000000000000            
-125 000000000000 000011111111111111111111111111                                     00000000000000000000                            1111100000000000000000000000            
-124 00000000000000000011111111111111111111111111                                    00000000000000000000                            1111100000011100                        
-123 00000000000000000001111111111111111111111111                                    00000000000000000000                            1111100000011100                        
-122 00000000000000000000000000111111111111111111                                    00000000000000000000                            1111000000011100                        
-121 00000000000000000000000000000000111111111111                                    00000000000000000000                            1111000000011111                        
-120 00000000000000000000000000000000000000111111                                    00000000000000000000                            1111000000111111                        
-119 00000000000000000000000000000000000000000011                                    00000000000000000000                            0000000000000000                        
-118 00000000000000000000000000000000000000000001                                    00000000000000000000                            0000000000000000                        
-117 00000000000000000000000000000000000000000001                                    00000000000000000000                            0000000000000000                        
-116 00000000000000000000001000000000000000000001                                    00000000000000000000                            0000000000000000                        
-115 00000000000000000000001111111100000000000001                                    00000000000000000000                            0000000000000000                        
-114 00000000000000000000001111111111111100000000                                    00000000000000000000                            0000000000000000                        
-113 00000000000000000000001111111111111111000000                                    00000000000000000000                            0000000000000000                        
-112             00011111111111111111111111000000                                    00000000000000000000                            1111100000011111                        
-111             00011111111111111111111111000000                                    00000000000000000000                            1111100000011111                        
-110             00011111111000000111111111000000                                    00000000000000000000                            1111100000011111                        
-109             11111111111000000111111111000000                                    00000000000000000000                            1111100000011111                        
-108             11111111111000000111111111000000                                    000000000000000000000001                        1111100000011111                        
-107             11111111111000000111111111000000                                    000000000000000000000001                        1111100000011111                        
-106             11111111111000000111111111000000                                    000000000000000000000001                        1111100000011111                        
-105             11111111111000000111111111000000                                    100000000000000000001111                        1111100000011111                        
-104            111111111111000000111111111000000                                    100000000000000000001111                        1111100000011111                        
-103            111111111111000000111111111000000                                    100000000000000000001111                        1111100000011111                        
-102            111111111111000000111111111000000       1111111111                   100000000000000000001111      1111111           11111000000111111                       
-101            111111111111000000111111111000000  1111111111111111111111111111      100000000000000000001111  1111111111111111111   11111000000111111                       
-100            11111111111100000011111111100000011111111111111111111111111111111111110000000000000000000111111111111111111111111111111111000000111111                       
 -99            11111111111100000011111111100000000000111111111111111111111111111111110000000000000000000111111111111111111111111111111111000000111111                       
 -98            111111111111000000111111111111110000000011111111111111111111111111111100000000000000000001111111111111111111111111111111100000001111111                      
 -97            111111111111100000111111111111110000000000011111111111111111111111111100000000000000000001111111111111111111111111111110000000001111111                      
 -96            111111111111000000111111111111110000000000000011111111111111111111111000000000000000000001111111111111111111111111111100000000011111111                      
 -95            111111111111100000111111111111110000000000000000000000000000000000011000000000000000000000000000000000000000000000000000000000011111111                      
 -94           11111111111111000001111111111111110000000000000000000000000000000000010000000000000000000000000000000000000000000000000000000000111111111                     
 -93           11111111111111000001111111111111111100000000000000000000000000000000010000000000000000000000000000000000000000000000000000000001111111111                     
 -92           11111111111111100000111111111111111111000000000000000000000000000000010000000010000000000000000000000000000000000000000000000001111111111                     
 -91          1111111111111111000001111111111111111111110000000000000000000000000000100000000100000000000000000000000000000000000000000000000001111111111                    
 -90          1111111111111111000001111111111111111111111110000000000000000000000001100000000110000000000000000000000000000000000000000000000001111111111                    
 -89          1111111111111111100000111111111111111111111111111111111111111111111111100000000111111111111111111111111111111111111111111100000000111111111                    
 -88         11111111111111111100000111111111111111           11111111111111111111111100000011111111111111111111111           1111111111100000001111111111                   
 -87         1111111111111111110000001111111111111             111111111111111111111110000001111111111111111111111             111111111100000001111111111                   
 -86         111111111111111111100000111111111111               1111111111111111111111000000111111111111111111111               11111111110000001111111111                   
 -85         111111111100000111100000111111111111                111111111111111111111000000111111111111111111111                11111111100000001111111111                  
 -84         111111111000000001100000011111111111                111111111111111111111000000111111111111111111111                11111111100000001111111111                  
 -83         111111110000000000110000011111111111                111111111111111111111000000111111111111111111111                11111111110000001111111111                  
 -82         111111110000000000110000001111111111                111111111111111111111000000111111111111111111111                11111111110000001111111111                  
 -81         111111110000000000111000001111111111                111111111111111111111000000111111111111111111111                11111111110000001111111111                  
 -80         111111110000000000111000000111111111                000000000011111111111000000111111111110000000000                11111111110000001100000111                  
 -79        1111111110000000000111000000111111111                000000000011111111111000000111111111110000000000                11111111110000001100000111                  
 -78        1111111111000000001111100000111111111                000000000011111111111000000111111111110000000000                1111111111000000110000011                   
 -77        1111111111100000011111100000111111111                000000000011111111111000000111111111110000000000                1111111111000000110000011                   
 -76        1111111111111111111111110000011111111                000000000011111111111000000111111111110000000000                1111111111000000110000111                   
 -75        1111111111111111111111110000011111111                000000000011111111111000000111111111110000000000                1111111111000000111111111                   
 -74        1111111111110000000000011000011111111                000000000011111111111000000111111111110000000000                1111111111000000111111111                   
 -73        1111111111110000000000011000001111111                000000000011111111111000000111111111110000000000                1111111111000000111111111                   
 -72        1111111111110000000000011000000111111                000000000011111111111000000111111111110000000000                1111111111000000111111111                   
 -71        1111111111110000000000011100000111111                111111111111111111111000000111111111111111111111                1111111111000000111111111                   
 -70         111111111110000000000011100000111111                111111111111111111111000000111111111111111111111                000000000000000011111111                    
 -69         111111111110000000000011100000111111                111111111111111111111000000111111111111111111111                000000000000000011111111                    
 -68         111111111110000000000011100000111111                111111111111111111111000000111111111111111111111                000000000000000011111111                    
 -67         111111111110000000000011110001111111                111111111111111111111000000111111111111111111111                000000000000000111111111                    
 -66          11111111100000000000011110011111111                111111111111111111111000000111111111111111111111                000000000000000111111111                    
 -65          11111111100001111111111110011111111                111111111111111111111000000111111111111111111111                00000000000000011111111                     
 -64          11111111000001111111111110011111111                111111111111111111111000000111111111111111111111                00000000000000011111111                     
 -63          11111110000001111111111110111111111                000000000011111111111000000111111111110000000000                00000000000000011111111                     
 -62           1111110000011111111111111011111111                000000000011111111111000000111111111110000000000                00000000000000111111111                     
 -61           1111110000011111111111111011111111                000000000011111111111000000111111111110000000000                1111111000000011111111                      
 -60           1111110000111111111111111011111111                000000000011111111110000000011111111110000000000                1111111000000011111111                      
 -59           1111110000011111111111111001111111                000000000011111111110000000011111111110000000000                1111111000000111111111                      
 -58            111110000000111111111111000111111                000000000011111111110000000011111111110000000000                111111000000011111111                       
 -57            111111000000011111111111000011111                000000000011111111110000000011111111110000000000                111111000000011111111                       
 -56            111111100000000111111111000000111                000000000011111111110000000011111111110000000000                111111000000011111111                       
 -55            111111110000000001111111000000111               0000000000011111111110000000011111111110000000000               1111111000000111111111                       
 -54             111111110000000000111110000001111             111111111111111111111100000000111111111111111111111             1111111000000011111111                        
 -53             1111111111000000001111100000011111           11111111111111111111100000000000011111111111111111111           11111111000000011111111                        
 -52                                 00100000011111111111111111111111111111111100000000000000000000111111111111111111111111111111111100000001                                
 -51                                 001000000111111111111111111111111111110000000000000000000000000000111111111111111111111111111111000000011                               
 -50                                 001000000111111111111111111111111100000000000000000000000000000000000011111111111111111111111111000000011                               
 -49                                 0010000001111111111111111111111000000000000000000000000000000000000000000111111111111111111111100000001111                              
 -48                                 1110000001111111111111111111000000000000000000000000000000000000000000000001111111111111111111100000001111                              
 -47                                 11100000011111111111111110000000000000000000000001111110000000000000000000000011111111111111111000000011111                             
 -46                                 11100000011111111111110000000000000000000000011111111111111100000000000000000000111111111111111000000111111                             
 -45                                 1110000001111111111100000000000000000000111111111111111111111111000000000000000000011111111111100000011111                              
 -44                                 1111111111111111111000000000000000000111111111111111111111111111111000000000000000001111111111110000111111                              
 -43                                 1111111111111111110000000000000000111111111111111111111111111111111111000000000000000011111111111111111111                              
 -42                                 111111111111111110000000000000111111111111111111111111111111111111111111100000000000000111111111111111111                               
 -41                                 111111111111111100000000000111111111111111111111111111111111111111111111111000000000000011111111111111111                               
 -40                                 111111111111111100000000011111111111111111111111111111111111111111111111111111000000000001111111111111111                               
 -39                                 111111111111111000000001111111111111111111111111111111111111111111111111111111110000000000111111111111111                               
 -38                                 111111111111111000000011111111111111111111111111111111111111111111111111111111111000000000111111111111111                               
 -37                                 111111111111111000000011111111111111111111111111111111111111111111111111111111111110000000011111111111111                               
 -36                                 11111111111111000000011111111111                                        111111111111000000011111111111111                               
 -35                                 11111111111111000000011111111111                                        111111111111000000001111111111111                               
 -34                                 11111111111111000000011111111111                                        111111111111100000001111111111111                               
 -33                                 11111111111111000000111111111111                                        111111111111100000001111111111111                               
 -32                                 11111111111110000000111111111111                                        111111111111110000001111111111111                               
 -31                                 11111111111110000000111111111111                                        111111111111110000000111111111111                               
 -30                                 11111111111110000001111111111111                                        11111111111111000000011111111111                                
 -29                                 11111111111110000001111111111111                                        11111111111111100000011111111111                                
 -28                                 11111111111110000001111111111111                                        11111111111111100000011111111111                                
 -27                                 11111111111110000001111111111111                                        11111111111111100000011111111111                                
 -26                                 11111111111111000011111111111111                                        11111111111111110000111111111111                                
 -25                                 11111111111111111111111111111111                                        11111111111111111111111111111111                                
 -24                                 11111111111111111111111111111111                                        11111111111111111111111111111111                                
 -23                                 11111111111111111111111111111111                                        11111111111111111111111111111111                                
 -22                                 11111111111111111111111111111111                                        11111111111111111111111111111111                                
 -21                                 11111111111111111111111111111111                                        11111111111111111111111111111111                                
 -20                                                                                                                                                                         
 -19                                                                                                                                                                         
 -18                                                                                                                                                                         
 -17                                                                                                                                                                         
 -16                                                                                                                                                                         
 -15                                                                                                                                                                         
 -14                                                                                                                                                                         
 -13                                                                                                                                                                         
 -12                                                                                                                                                                         
 -11                                                                                                                                                                         
 -10                                                                                                                                                                         
  -9                                                                                                                                                                         
  -8                                                                    111111111111111111111111111111111                                                                    
  -7                                                                   11111111111111111111111111111111111                                                                   
  -6                                                                  1111111111111111111111111111111111111                                                                  
  -5                                                                 111111111111111111111111111111111111111                                                                 
  -4                                      1111111111111              1111111111111111111111111111111111111111             1111111111111                                      
  -3                                     111111111111111             1111111111111111111111111111111111111111            111111111111111                                     
  -2                                     1111111111111111            1111111111111111111111111111111111111111            1111111111111111                                    
  -1                                     1111111111111111            1111111111111111111111111111111111111111            1111111111111111                                    
   0                                     1111111111111111            1111111111111111111111111111111111111111            1111111111111111                                    
   1                                     1111111111111111            1111111111111111111111111111111111111111            1111111111111111                                    
   2                                     111111111111111             1111111111111111111111111111111111111111            111111111111111                                     
   3                                      1111111111111              1111111111111111111111111111111111111111             1111111111111                                      
   4                                                                 111111111111111111111111111111111111111                                                                 
   5                                                                  1111111111111111111111111111111111111                                                                  
   6                                                                   11111111111111111111111111111111111                                                                   
   7                                                                    111111111111111111111111111111111                                                                    
   8                                                                                                                                                                         
   9                                                                                                                                                                         
  10                                                                                                                                                                         
  11                                                                                                                                                                         
  12                                                                                                                                                                         
  13                                                                                                                                                                         
  14                                                                                                                                                                         
  15                                                                                                                                                                         
  16                                                                                                                                                                         
  17                                                                                                                                                                         
  18                                                                                                                                                                         
  19                                                                                                                                                                         
  20                                 11111111111111111111111111111111                                        11111111111111111111111111111111                                
  21                                 11111111111111111111111111111111                                        11111111111111111111111111111111                                
  22                                 11111111111111111111111111111111                                        11111111111111111111111111111111                                
  23                                 11111111111111111111111111111111                                        11111111111111111111111111111111                                
  24                                 11111111111111111111111111111111                                        11111111111111111111111111111111                                
  25                                 11111111111100001111111111111111                                        11111111111111000011111111111111                                
  26                                 11111111111000000111111111111111                                        11111111111110000001111111111111                                
  27                                 11111111111000000111111111111111                                        11111111111110000001111111111111                                
  28                                 11111111111000000111111111111111                                        11111111111110000001111111111111                                
  29                                 11111111111000000011111111111111                                        11111111111110000001111111111111                                
  30                                111111111111000000011111111111111                                        11111111111100000001111111111111                                
  31                                111111111111100000011111111111111                                        11111111111100000001111111111111                                
  32                                111111111111100000001111111111111                                        11111111111100000011111111111111                                
  33                                111111111111100000001111111111111                                        11111111111000000011111111111111                                
  34                                111111111111100000000111111111111                                        11111111111000000011111111111111                                
  35                                111111111111110000000111111111111                                        11111111111000000011111111111111                                
  36                                111111111111110000000011111111111111111111111111111111111111111111111111111111111110000000111111111111111                                
  37                                111111111111111000000000111111111111111111111111111111111111111111111111111111111110000000111111111111111                                
  38                                111111111111111000000000011111111111111111111111111111111111111111111111111111111100000000111111111111111                                
  39                                111111111111111100000000000111111111111111111111111111111111111111111111111111110000000001111111111111111                                
  40                                111111111111111110000000000000111111111111111111111111111111111111111111111111000000000001111111111111111                                
  41                               1111111111111111111000000000000001111111111111111111111111111111111111111111000000000000011111111111111111                                
  42                               1111111111111111111100000000000000001111111111111111111111111111111111110000000000000000111111111111111111                                
  43                               1111110000111111111111000000000000000001111111111111111111111111111110000000000000000001111111111111111111                                
  44                              11111100000011111111111100000000000000000001111111111111111111111110000000000000000000011111111111000000111                                
  45                              11111100000011111111111111100000000000000000000111111111111111000000000000000000000001111111111111000000111                                
  46                              11111000000011111111111111111000000000000000000000001111110000000000000000000000001111111111111111000000111                                
  47                               1111000000011111111111111111111000000000000000000000000000000000000000000000001111111111111111111000000111                                
  48                               1111000000011111111111111111111110000000000000000000000000000000000000000001111111111111111111111000000100                                
  49                                110000000111111111111111111111111110000000000000000000000000000000000001111111111111111111111111000000100                                
  50                                110000000111111111111111111111111111111000000000000000000000000000011111111111111111111111111111000000100                                
  51                                 10000000111111111111111111111111111111111100000000000000000000111111111111111111111111111111111000000100                                
  52                         1111111100000001111111           11111111111111111111100000000000011111111111111111111           11111100000011111000000001111111111            
  53                         111111110000000111111             111111111111111111111100000000111111111111111111111             1111100000011111000000000011111111            
  54                        111111111000000111111               0000000000011111111110000000011111111110000000000               1111000000111111100000000011111111           
  55                        111111110000000111111                000000000011111111110000000011111111110000000000                111000000111111111000000001111111           
  56                        111111110000000111111                000000000011111111110000000011111111110000000000                111110000111111111110000000111111           
  57                       1111111110000000111111                000000000011111111110000000011111111110000000000                111111000111111111111000000011111           
  58                       1111111110000001111111                000000000011111111110000000011111111110000000000                1111111001111111111111100000111111          
  59                       1111111100000001111111                000000000011111111110000000011111111110000000000                1111111101111111111111110000111111          
  60                      11111111100000001111111                000000000011111111111000000111111111110000000000                1111111101111111111111100000111111          
  61                      11111111100000000000000                000000000011111111111000000111111111110000000000                1111111101111111111111100000111111          
  62                      11111111000000000000000                000000000011111111111000000111111111110000000000                11111111101111111111110000001111111         
  63                      11111111000000000000000                111111111111111111111000000111111111111111111111                11111111001111111111110000011111111         
  64                     111111111000000000000000                111111111111111111111000000111111111111111111111                11111111001111111111110000111111111         
  65                     111111111000000000000000                111111111111111111111000000111111111111111111111                11111111001111000000000000111111111         
  66                     111111111000000000000000                111111111111111111111000000111111111111111111111                111111100011110000000000011111111111        
  67                     111111110000000000000000                111111111111111111111000000111111111111111111111                111111000001110000000000011111111111        
  68                     111111110000000000000000                111111111111111111111000000111111111111111111111                111111000001110000000000011111111111        
  69                    1111111110000000000000000                111111111111111111111000000111111111111111111111                111111000001110000000000011111111111        
  70                    1111111110000001111111111                111111111111111111111000000111111111111111111111                1111110000011100000000000111111111111       
  71                    1111111110000001111111111                000000000011111111111000000111111111110000000000                1111110000001100000000000111111111111       
  72                    1111111110000001111111111                000000000011111111111000000111111111110000000000                1111111000001100000000000111111111111       
  73                    1111111110000001111111111                000000000011111111111000000111111111110000000000                1111111100001100000000000111111111111       
  74                    1111111110000001111111111                000000000011111111111000000111111111110000000000                1111111100000111111111111111111111111       
  75                    1110000110000001111111111                000000000011111111111000000111111111110000000000                1111111100000111111111111111111111111       
  76                    1100000110000001111111111                000000000011111111111000000111111111110000000000                1111111110000011111100000011111111111       
  77                    1100000110000001111111111                000000000011111111111000000111111111110000000000                1111111110000011111000000001111111111       
  78                   11100000110000001111111111                000000000011111111111000000111111111110000000000                1111111110000001110000000000111111111       
  79                   11100000110000001111111111                000000000011111111111000000111111111110000000000                111111111000000111000000000011111111        
  80                   11111111110000001111111111                111111111111111111111000000111111111111111111111                111111111100000111000000000011111111        
  81                   11111111110000001111111111                111111111111111111111000000111111111111111111111                111111111100000011000000000011111111        
  82                   11111111110000001111111111                111111111111111111111000000111111111111111111111                111111111110000011000000000011111111        
  83                   11111111110000000111111111                111111111111111111111000000111111111111111111111                111111111110000001100000000111111111        
  84                   11111111110000000111111111                111111111111111111111000000111111111111111111111                111111111111000001111000001111111111        
  85                   11111111111000000111111111               1111111111111111111111000000111111111111111111111               1111111111111000001111111111111111111        
  86                    11111111110000000111111111             111111111111111111111110000001111111111111111111111             11111111111111000000111111111111111111        
  87                    111111111100000001111111111           11111111111111111111111100000011111111111111111111111           111111111111111100000111111111111111111        
  88                    11111111110000000011111111111111111111111111111111111111111110000000011111111111111111111111111111111111111111111111110000011111111111111111         
  89                     1111111111000000000000000000000000000000000000000000000000110000000011000000000000000000000000111111111111111111111111000001111111111111111         
  90                     1111111111000000000000000000000000000000000000000000000000010000000010000000000000000000000000000111111111111111111111000001111111111111111         
  91                     111111111110000000000000000000000000000000000000000000000001000000001000000000000000000000000000000011111111111111111100000111111111111111          
  92                      11111111110000000000000000000000000000000000000000000000001000000001000000000000000000000000000000000111111111111111110000011111111111111          
  93                      11111111100000000000000000000000000000000000000000000000000000000001000000000000000000000000000000000001111111111111110000011111111111111          
  94                      1111111110000000000000000000000000000000000000000000000000000000000110000000000000000000000000000000000011111111111111000001111111111111           
  95                       111111110000000001111111111111111111111111111110000000000000000000111111111111111111111110000000000000011111111111111000000111111111111           
  96                       111111100000000011111111111111111111111111111110000000000000000000111111111111111111111111110000000000011111111111111000001111111111111           
  97                       111111100000001111111111111111111111111111111110000000000000000000111111111111111111111111111110000000011111111111111000000111111111111           
  98                        11111100000011111111111111111111111111111111110000000000000000000111111111111111111111111111111100000000000111111111000000111111111111           
  99                        11111100000011111111111111111111111111111111110000000000000000000111111111111111111111111111111111111000000111111111000000111111111111           
 100                        11111100000011111   1111111111111111111  111110000000000000000000      111111111111111111111111111   000000111111111000000111111111111           
 101                        11111100000011111           1111111      111110000000000000000000                   111111111        000000111111111000000111111111111           
 102                         1111100000011111                        111110000000000000000000                                    000000111111111000000111111111111           
 103                         1111100000011111                        111110000000000000000000                                    000000111111111000000111111111111           
 104                         1111100000011111                        111110000000000000000000                                    00000011111111100000011111111111            
 105                         1111100000011111                        111110000000000000000000                                    00000011111111100000011111111111            
 106                         1111100000011111                        110000000000000000000000                                    00000011111111100000011111111111            
 107                         1111100000011111                        110000000000000000000000                                    00000011111111100000011111111111            
 108                         1111100000011111                            00000000000000000000                                    00000011111111100000011111111111            
 109                         1111100000011111                            00000000000000000000                                    00000011111111100000011111111111            
 110                         1111100000011111                            00000000000000000000                                    00000011111111111111111111111100            
 111                         1111100000011111                            00000000000000000000                                    00000011111111111111111111111100            
 112                         1111100000011111                            00000000000000000000                                    00000011111111111111111111111100000000000000
 113                         0000000000000000                            00000000000000000000                                    00000000111111111111111000000000000000000000
 114                         0000000000000000                            00000000000000000000                                    10000000000000111111111000000000000000000000
 115                         0000000000000000                            00000000000000000000                                    10000000000000000000011000000000000000000000
 116                         0000000000000000                            00000000000000000000                                    10000000000000000000000000000000000000000000
 117                         0000000000000000                            00000000000000000000                                    10000000000000000000000000000000000000000000
 118                         0000000000000000                            00000000000000000000                                    11000000000000000000000000000000000000000000
 119                         0000000000000000                            00000000000000000000                                    11111100000000000000000000000000000000000000
 120                         1111100000001111                            00000000000000000000                                    11111111111100000000000000000000000000000000
 121                         1111100000001111                            00000000000000000000                                    11111111111111111100000000000000000000000000
 122                         0001100000011111                            00000000000000000000                                    11111111111111111111111110000000000000000000
 123                         0001100000011111                            00000000000000000000                                    11111111111111111111111111000000000000000000
 124             0000000000000001000000011111                            00000000000000000000                                     111111111111111111111111110000 000000000000
 125             0000000000000000000000011111                            00000000000000000000                                      11111111111111111111111100    000000000000
 126             0000000000000000000000011111                            00000000000000000000                                        11111111       111111       000000000000
 127             0000000000000000000000111111                            00000000000000000000                                         111                        000000000000
 128             0000000000000000000000111111                                                                                                                                
 129             0000000000000000000000111111                                                                                                                                
 130             0000000000000000000000111111                                                                                                                                
 131             0000000000000000000000111111                                                                                                                                
 132             0000000000000000000000111111                                                                                                                                
 133             0000000000000000000000111111                                                                                                                                
 134             0000000000000000000000111111                                                                                                                                
 135             0000000000000000000000111111                                                                                                                                
 136             0000000000000000000000111111                                                                                                                                
 137             0000000000000000000000111111                                                                                                                                
 138             0000000000000000000000111111                                                                                                                                
 139             0000000000000000000000111111                                                                                                                                
seats 13228; refused 3994 DR-CLAIM, 3685 DR-KEEP, 1503 DR-ROAD

## house
SEATS  house, footprint 9x7, no route standoff  1 char = 1 block  x -84..83 across, z -140..139 down
KEY  1 the footprint seats with its minimum corner here  0 refused  space void
        -8        -7        -6        -5        -4        -3        -2        -1         0         1         2         3         4         5         6         7         8   
     432109876543210987654321098765432109876543210987654321098765432109876543210987654321012345678901234567890123456789012345678901234567890123456789012345678901234567890123
-140                                                                                                                                 0000000000000000000000000000            
-139                                                                                                                                 0000000000000000000000000000            
-138                                                                                                                                 0000000000000000000000000000            
-137                                                                                                                                 0000000000000000000000000000            
-136                                                                                                                                 0000000000000000000000000000            
-135                                                                                                                                 0000000000000000000000000000            
-134                                                                                                                                 0000000000000000000000000000            
-133                                                                                                                                 0000000000000000000000000000            
-132                                                                                                                                 0000000000000000000000000000            
-131                                                                                                                                 0000000000000000000000000000            
-130                                                                                                                                 0000000000000000000000000000            
-129                                                                                                                                 0000000000000000000000000000            
-128 000000000000                        000                                         00000000000000000000                            0000000000000000000000000000            
-127 000000000000       000000       00000000                                        00000000000000000000                            0000000000000000000000000000            
-126 000000000000    00000000000000000000000000                                      00000000000000000000                            0000000000000000000000000000            
-125 000000000000 000000000000000000000000000000                                     00000000000000000000                            0000000000000000000000000000            
-124 00000000000000000000000000000000000000000000                                    00000000000000000000                            0000000000000000                        
-123 00000000000000000000000000000000000000000000                                    00000000000000000000                            0000000000000000                        
-122 00000000000000000000000000000000000000000000                                    00000000000000000000                            0000000000000000                        
-121 00000000000000000000000000000000000000000000                                    00000000000000000000                            0000000000000000                        
-120 00000000000000000000000000000000000000000000                                    00000000000000000000                            0000000000000000                        
-119 00000000000000000000000000000000000000000000                                    00000000000000000000                            0000000000000000                        
-118 00000000000000000000000000000000000000000000                                    00000000000000000000                            0000000000000000                        
-117 00000000000000000000000000000000000000000000                                    00000000000000000000                            0000000000000000                        
-116 00000000000000000000000000000000000000000000                                    00000000000000000000                            0000000000000000                        
-115 00000000000000000000000000000000000000000000                                    00000000000000000000                            0000000000000000                        
-114 00000000000000000000000000000000000000000000                                    00000000000000000000                            0000000000000000                        
-113 00000000000000000000000000000000000000000000                                    00000000000000000000                            0000000000000000                        
-112             00000000000000000000000000000000                                    00000000000000000000                            0000000000000000                        
-111             00000000000000000000000000000000                                    00000000000000000000                            0000000000000000                        
-110             00000000000000000000000000000000                                    00000000000000000000                            0000000000000000                        
-109             10000000000000000000000000000000                                    00000000000000000000                            0000000000000000                        
-108             10000000000000000000000000000000                                    000000000000000000000000                        0000000000000000                        
-107             10000000000000000000000000000000                                    000000000000000000000000                        0000000000000000                        
-106             10000000000000000000000000000000                                    000000000000000000000000                        0000000000000000                        
-105             10000000000000000000000000000000                                    000000000000000000000000                        0000000000000000                        
-104            000000000000000000000000000000000                                    000000000000000000000000                        0000000000000000                        
-103            000000000000000000000000000000000                                    000000000000000000000000                        0000000000000000                        
-102            000000000000000000000000000000000       0000000000                   000000000000000000000000      0000000           00000000000000000                       
-101            000000000000000000000000000000000  0000000000000000000000000000      000000000000000000000000  0000000000000000000   00000000000000000                       
-100            00000000000000000000000000000000000000000000000000000000000000000000000000000000000000000000000000000000000000000000000000000000000000                       
 -99            00000000000000000010000000000000000000000000000000000000000000000000000000000000000000000000000000000000000000000000000000000000000000                       
 -98            000000000000000000011111100000000000000000000000000000000000000000000000000000000000000000000000000000000000000000000000000000000000000                      
 -97            000000000000000000011111100000000000000000000000000000000000000000000000000000000000000000000000000000000000000000000000000000000000000                      
 -96            000000000000000000011111100000000000000000000000000000000000000000000000000000000000000000000000000000000000000000000000000000000000000                      
 -95            000000000000000000001111100000000000000000000000000000000000000000000000000000000000000000000000000000000000000000000000000000000000000                      
 -94           00000000000000000000000000000000000000000000000000000000000000000000000000000000000000000000000000000000000000000000000000000000000000000                     
 -93           00000000000000000000000000000000000000000000000000000000000000000000000000000000000000000000000000000000000000000000000000000000000000000                     
 -92           00000000000000000000000000000000000000000000000000000000000000000000000000000000000000000000000000000000000000000000000000000000000000000                     
 -91          0000000000000000000000000000000000000000000000000000000000000000000000000000000000000000000000000000000000000000000000000000000000000000000                    
 -90          0000000000000000000000000000000000000000000000000000000000000000000000000000000000000000000000000000000000000000000000000000000000000000000                    
 -89          0000000000000000000000000000000000000000000000000000000000000000000000000000000000000000000000000000000000000000000000000000000000000000000                    
 -88         00000000010000000000000000000000000000           00000000000000000000000000000000000000000000000000000           0000000000000000000000000000                   
 -87         0000000001000000000000000001000000000             000000000000000000000000000000000000000001000000000             000000000000000000000000000                   
 -86         000000000110000000000000000100000000               0000000000011110000000000001111000000000000000000               01000000000000000000000000                   
 -85         000000000110000000000000000100000000                000000000011110000000000001111000000000000000000                11000000000000000000000000                  
 -84         000000000110000000000000000100000000                000000000011110000000000001111000000000000000000                11100000000000000000000000                  
 -83         000000000111000000000000000100000000                000000000011110000000000001111000000000000000000                11100000000000000000000000                  
 -82         000000000111000000000000000000000000                000000000011110000000000001111000000000000000000                11100000000000000000000000                  
 -81         000000000111100000000000000000000000                000000000011110000000000001111000000000000000000                11100000000000000000000000                  
 -80         000000000000000000000000000000000000                000000000011110000000000001111000000000000000000                11100000000000000000000000                  
 -79        0000000000000000000000000000000000000                000000000011110000000000001111000000000000000000                11100000000000000000000000                  
 -78        0000000000000000000000000000000000000                000000000011110000000000001111000000000000000000                1110000000000000000000000                   
 -77        0000000000000000000000000000000000000                000000000011110000000000001111000000000000000000                1110000000000000000000000                   
 -76        0000000000000000000000000000000000000                000000000011110000000000001111000000000000000000                0000000000000000000000000                   
 -75        0000000000000000000000000000000000000                000000000011110000000000001111000000000000000000                0000000000000000000000000                   
 -74        0000000000000000000000000000000000000                000000000011110000000000001111000000000000000000                0000000000000000000000000                   
 -73        0000000000000000000000000000000000000                000000000011110000000000001111000000000000000000                0000000000000000000000000                   
 -72        0000000000000000000000000000000000000                000000000011110000000000001111000000000000000000                0000000000000000000000000                   
 -71        0000000000000000000000000000000000000                111111111111110000000000001111111111111100000000                0000000000000000000000000                   
 -70         000000000000000000000000000000000000                111111111111110000000000001111111111111100000000                000000000000000000000000                    
 -69         000000000000000000000000000000000000                000000000011110000000000001111000000000000000000                000000000000000000000000                    
 -68         000000000000000000000000000000000000                000000000011110000000000001111000000000000000000                000000000000000000000000                    
 -67         000000000000000000000000000000000000                000000000011110000000000001111000000000000000000                000000000000000000000000                    
 -66          00000000000000000000000000000000000                000000000011000000000000000011000000000000000000                000000000000000000000000                    
 -65          00000000000000000000000000000000000                000000000011000000000000000011000000000000000000                00000000000000000000000                     
 -64          00000000000000000000000000000000000                000000000011000000000000000011000000000000000000                00000000000000000000000                     
 -63          00000000000000000000000000000000000                000000000011000000000000000011000000000000000000                00000000000000000000000                     
 -62           0000000000000000000000000000000000                000000000011000000000000000011000000000000000000                00000000000000000000000                     
 -61           0000000000000000000000000000000000                000000000011000000000000000011000000000000000000                0000000000000000000000                      
 -60           0000000000000000000000000000000000                000000000000000000000000000000000000000000000000                0000000000000000000000                      
 -59           0000000000000000000000000000000000                000000000000000000000000000000000000000000000000                0000000000000000000000                      
 -58            000000000000000000000000000000000                000000000000000000000000000000000000000000000000                000000000000000000000                       
 -57            000000000000000000000000000000000                000000000000000000000000000000000000000000000000                000000000000000000000                       
 -56            000000000000000000000000000000000                000000000000000000000000000000000000000000000000                000000000000000000000                       
 -55            000000000000000000000000000000000               0000000000000000000000000000000000000000000000000               0000000000000000000000                       
 -54             000000000000000000000000000000000             000000000000000000000000000000000000000000000000000             0000000000000000000000                        
 -53             0000000000000000000000000000000000           00000000000000000000000000000000000000000000000000000           00000000000000000000000                        
 -52                                 00000000000000000000000000000000000000000000000000000000000000000000000000000000000000000000000000000000                                
 -51                                 000000000000000000000000000000000000000000000000000000000000000000000000000000000000000000000000000000000                               
 -50                                 000000000000000000000000000000000000000000000000000000000000000000000000000000000000000000000000000000000                               
 -49                                 0000000000000000000000000000000000000000000000000000000000000000000000000000000000000000000000000000000000                              
 -48                                 0000000000000000000000000000000000000000000000000000000000000000000000000000000000000000000000000000000000                              
 -47                                 00000000000000000000000000000000000000000000000000000000000000000000000000000000000000000000000000000000000                             
 -46                                 00000000000000000000000000000000000000000000000000000000000000000000000000000000000000000000000000000000000                             
 -45                                 0000000000000000000000000000000000000000000000000000000000000000000000000000000000000000000000000000000000                              
 -44                                 1100000000000000000000000000000001111111111111111111111111111110000000000000000000000000000000000000000000                              
 -43                                 1100000000000000000000000000000011111111111111111111111111111111000000000000000000000000000000000000000000                              
 -42                                 110000000000000000000000000000000000000000000000000000000000000000000000000000000000000000000001000000000                               
 -41                                 110000000000000000000000000000000000000000000000000000000000000000000000000000000000000000000001000000000                               
 -40                                 110000000000000000000000000000000000000000000000000000000000000000000000000000000000000000000001000000000                               
 -39                                 110000000000000000000000000000000000000000000000000000000000000000000000000000000000000000000001000000000                               
 -38                                 110000000000000000000000000000000000000000000000000000000000000000000000000000000000000000000001000000000                               
 -37                                 110000000000000000000000000000000000000000000000000000000000000000000000000000000000000000000001000000000                               
 -36                                 11000000000000000000001100000000                                        110000000000000000000001000000000                               
 -35                                 00000000000000000000000000000000                                        000000000000000000000000000000000                               
 -34                                 00000000000000000000000000000000                                        000000000000000000000000000000000                               
 -33                                 00000000000000000000000000000000                                        000000000000000000000000000000000                               
 -32                                 00000000000000000000000000000000                                        000000000000000000000000000000000                               
 -31                                 00000000000000000000000000000000                                        000000000000000000000000000000000                               
 -30                                 00000000000000000000000000000000                                        00000000000000000000000000000000                                
 -29                                 00000000000000000000000000000000                                        00000000000000000000000000000000                                
 -28                                 11000000000000000000001100000000                                        11000000000000000000001100000000                                
 -27                                 11000000000000000000001100000000                                        11000000000000000000001100000000                                
 -26                                 00000000000000000000000000000000                                        00000000000000000000000000000000                                
 -25                                 00000000000000000000000000000000                                        00000000000000000000000000000000                                
 -24                                 00000000000000000000000000000000                                        00000000000000000000000000000000                                
 -23                                 00000000000000000000000000000000                                        00000000000000000000000000000000                                
 -22                                 00000000000000000000000000000000                                        00000000000000000000000000000000                                
 -21                                 00000000000000000000000000000000                                        00000000000000000000000000000000                                
 -20                                                                                                                                                                         
 -19                                                                                                                                                                         
 -18                                                                                                                                                                         
 -17                                                                                                                                                                         
 -16                                                                                                                                                                         
 -15                                                                                                                                                                         
 -14                                                                                                                                                                         
 -13                                                                                                                                                                         
 -12                                                                                                                                                                         
 -11                                                                                                                                                                         
 -10                                                                                                                                                                         
  -9                                                                                                                                                                         
  -8                                                                    000000000111111100000000000000000                                                                    
  -7                                                                   00000000000000000000000000000000000                                                                   
  -6                                                                  0000000000000000000000000000000000000                                                                  
  -5                                                                 000000000000000000000000000000000000000                                                                 
  -4                                      0000000000000              0000000000000000000000000000000000000000             0000000000000                                      
  -3                                     000000000000000             0000000000000000000000000000000000000000            000000000000000                                     
  -2                                     0000000000000000            0000000000000000000000000000000000000000            0000000000000000                                    
  -1                                     0000000000000000            0000000000000000000000000000000000000000            0000000000000000                                    
   0                                     0000000000000000            0000000000000000000000000000000000000000            0000000000000000                                    
   1                                     0000000000000000            0000000000001111111000000000000000000000            0000000000000000                                    
   2                                     000000000000000             0000000000000000000000000000000000000000            000000000000000                                     
   3                                      0000000000000              0000000000000000000000000000000000000000             0000000000000                                      
   4                                                                 000000000000000000000000000000000000000                                                                 
   5                                                                  0000000000000000000000000000000000000                                                                  
   6                                                                   00000000000000000000000000000000000                                                                   
   7                                                                    000000000000000000000000000000000                                                                    
   8                                                                                                                                                                         
   9                                                                                                                                                                         
  10                                                                                                                                                                         
  11                                                                                                                                                                         
  12                                                                                                                                                                         
  13                                                                                                                                                                         
  14                                                                                                                                                                         
  15                                                                                                                                                                         
  16                                                                                                                                                                         
  17                                                                                                                                                                         
  18                                                                                                                                                                         
  19                                                                                                                                                                         
  20                                 11000000000000000000001100000000                                        11000000000000000000001100000000                                
  21                                 11000000000000000000001100000000                                        11000000000000000000001100000000                                
  22                                 00000000000000000000000000000000                                        00000000000000000000000000000000                                
  23                                 00000000000000000000000000000000                                        00000000000000000000000000000000                                
  24                                 00000000000000000000000000000000                                        00000000000000000000000000000000                                
  25                                 00000000000000000000000000000000                                        00000000000000000000000000000000                                
  26                                 00000000000000000000000000000000                                        00000000000000000000000000000000                                
  27                                 00000000000000000000000000000000                                        00000000000000000000000000000000                                
  28                                 00000000000000000000000000000000                                        00000000000000000000000000000000                                
  29                                 10000000000000000000001100000000                                        11000000000000000000001100000000                                
  30                                010000000000000000000000000000000                                        00000000000000000000001100000000                                
  31                                010000000000000000000000000000000                                        00000000000000000000001100000000                                
  32                                010000000000000000000000000000000                                        00000000000000000000001100000000                                
  33                                010000000000000000000000000000000                                        00000000000000000000001100000000                                
  34                                010000000000000000000000000000000                                        00000000000000000000001100000000                                
  35                                000000000000000000000000000000000                                        00000000000000000000001100000000                                
  36                                000000000000000000000000000000000111111111111111111111111111111110000000000000000000000000000001100000000                                
  37                                000000000000000000000000000000000011111111111111111111111111111100000000000000000000000000000001100000000                                
  38                                000000000000000000000000000000000000000000000000000000000000000000000000000000000000000000000000000000000                                
  39                                000000000000000000000000000000000000000000000000000000000000000000000000000000000000000000000000000000000                                
  40                                000000000000000000000000000000000000000000000000000000000000000000000000000000000000000000000000000000000                                
  41                               0000000000000000000000000000000000000000000000000000000000000000000000000000000000000000000000000000000000                                
  42                               0000000000000000000000000000000000000000000000000000000000000000000000000000000000000000000000000000000000                                
  43                               0000000000000000000000000000000000000000000000000000000000000000000000000000000000000000000000000000000000                                
  44                              00000000000000000000000000000000000000000000000000000000000000000000000000000000000000000000000000000000000                                
  45                              00000000000000000000000000000000000000000000000000000000000000000000000000000000000000000000000000000000000                                
  46                              00000000000000000000000000000000000000000000000000000000000000000000000000000000000000000000000000000000000                                
  47                               0000000000000000000000000000000000000000000000000000000000000000000000000000000000000000000000000000000000                                
  48                               0000000000000000000000000000000000000000000000000000000000000000000000000000000000000000000000000000000000                                
  49                                000000000000000000000000000000000000000000000000000000000000000000000000000000000000000000000000000000000                                
  50                                000000000000000000000000000000000000000000000000000000000000000000000000000000000000000000000000000000000                                
  51                                 00000000000000000000000000000000000000000000000000000000000000000000000000000000000000000000000000000000                                
  52                         0000000000000000000000           00000000000000000000000000000000000000000000000000000           00000000000000000000000000000000000            
  53                         000000000000000000000             000000000000000000000000000000000000000000000000000             0000000000000000000000000000000000            
  54                        000000000000000000000               0000000000011000000000000000011000000000000000000               0000000000000000000000000000000000           
  55                        000000000000000000000                000000000011000000000000000011000000000000000000                000000000000000000000000000000000           
  56                        000000000000000000000                000000000011000000000000000011000000000000000000                000000000000000000000000000000000           
  57                       0000000000000000000000                000000000011000000000000000011000000000000000000                000000000000000000000000000000000           
  58                       0000000000000000000000                000000000011000000000000000011000000000000000000                0000000000000000000000000000000000          
  59                       0000000000000000000000                000000000011000000000000000011000000000000000000                0000000000000000000000000000000000          
  60                      00000000000000000000000                000000000011110000000000001111000000000000000000                0000000000000000000000000000000000          
  61                      00000000000000000000000                000000000011110000000000001111000000000000000000                0000000000000000000000000000000000          
  62                      00000000000000000000000                000000000011110000000000001111000000000000000000                00000000000000000000000000000000000         
  63                      00000000000000000000000                111111111111110000000000001111111111111100000000                00000000000000000000000000000000000         
  64                     000000000000000000000000                111111111111110000000000001111111111111100000000                00000000000000000000000000000000000         
  65                     000000000000000000000000                000000000011110000000000001111000000000000000000                00000000000000000000000000000000000         
  66                     000000000000000000000000                000000000011110000000000001111000000000000000000                000000000000000000000000000000000000        
  67                     000000000000000000000000                000000000011110000000000001111000000000000000000                000000000000000000000000000000000000        
  68                     000000000000000000000000                000000000011110000000000001111000000000000000000                000000000000000000000000000000000000        
  69                    0000000000000000000000000                000000000011110000000000001111000000000000000000                000000000000000000000000000000000000        
  70                    0000000000000011100000000                000000000011110000000000001111000000000000000000                0000000000000000000000000000000000000       
  71                    0000000000000011100000000                000000000011110000000000001111000000000000000000                0000000000000000000000000000000000000       
  72                    0000000000000011100000000                000000000011110000000000001111000000000000000000                0000000000000000000000000000000000000       
  73                    0000000000000011100000000                000000000011110000000000001111000000000000000000                0000000000000000000000000000000000000       
  74                    0000000000000011100000000                000000000011110000000000001111000000000000000000                0000000000000001111000000000000000000       
  75                    0000000000000011100000000                000000000011110000000000001111000000000000000000                0000000000000000111000000000000000000       
  76                    0000000000000011100000000                000000000011110000000000001111000000000000000000                1000000000000000111000000000000000000       
  77                    0000000000000011100000000                000000000011110000000000001111000000000000000000                1000000000000000011000000000000000000       
  78                   00000000000000001100000000                000000000011110000000000001111000000000000000000                1000000000000000011000000000000000000       
  79                   00000000000000001100000000                000000000011110000000000001111000000000000000000                100000000000000001100000000000000000        
  80                   00000000000000000100000000                000000000000000000000000000000000000000100000000                000000000000000000100000000000000000        
  81                   00000000000000000000000000                000000000000000000000000000000000000000000000000                000000000000000000100000000000000000        
  82                   00000000000000000000000000                000000000000000000000000000000000000000000000000                000000000000000000000000000000000000        
  83                   00000000000000000000000000                000000000000000000000000000000000000000000000000                000000000000000000000000000000000000        
  84                   00000000000000000000000000                000000000000000000000000000000000000000000000000                000000000000000000000000000000000000        
  85                   00000000000000000000000000               0000000000000000000000000000000000000000000000000               0000000000000000000000000000000000000        
  86                    00000000000000000000000000             000000000000000000000000000000000000000000000000000             00000000000000000000000000000000000000        
  87                    000000000000000000000000000           00000000000000000000000000000000000000000000000000000           000000000000000000000000000000000000000        
  88                    00000000000000000000000000000000000000000000000000000000000000000000000000000000000000000000000000000000011111000000000000000000000000000000         
  89                     0000000000000000000000000000000000000000000000000000000000000000000000000000000000000000000000000000000011111100000000000000000000000000000         
  90                     0000000000000000000000000000000000000000000000000000000000000000000000000000000000000000000000000000000011111100000000000000000000000000000         
  91                     000000000000000000000000000000000000000000000000000000000000000000000000000000000000000000000000000000001111110000000000000000000000000000          
  92                      00000000000000000000000000000000000000000000000000000000000000000000000000000000000000000000000000000000000001000000000000000000000000000          
  93                      00000000000000000000000000000000000000000000000000000000000000000000000000000000000000000000000000000000000000000000000000000000000000000          
  94                      0000000000000000000000000000000000000000000000000000000000000000000000000000000000000000000000000000000000000000000000000000000000000000           
  95                       000000000000000000000000000000000000000000000000000000000000000000000000000000000000000000000000000000000000000000000000000000000000000           
  96                       000000000000000000000000000000000000000000000000000000000000000000000000000000000000000000000000000000000000000000000000000000000000000           
  97                       000000000000000000000000000000000000000000000000000000000000000000000000000000000000000000000000000000000000000000000000000000000000000           
  98                        00000000000000000000000000000000000000000000000000000000000000000000000000000000000000000000000000000000000000000000000000001000000000           
  99                        00000000000000000000000000000000000000000000000000000000000000000000000000000000000000000000000000000000000000000000000000001000000000           
 100                        00000000000000000   0000000000000000000  000000000000000000000000      000000000000000000000000000   000000000000000000000001000000000           
 101                        00000000000000000           0000000      000000000000000000000000                   000000000        000000000000000000000001000000000           
 102                         0000000000000000                        000000000000000000000000                                    000000000000000000000001000000000           
 103                         0000000000000000                        000000000000000000000000                                    000000000000000000000001000000000           
 104                         0000000000000000                        000000000000000000000000                                    00000000000000000000000000000000            
 105                         0000000000000000                        000000000000000000000000                                    00000000000000000000000000000000            
 106                         0000000000000000                        000000000000000000000000                                    00000000000000000000000000000000            
 107                         0000000000000000                        000000000000000000000000                                    00000000000000000000000000000000            
 108                         0000000000000000                            00000000000000000000                                    00000000000000000000000000000000            
 109                         0000000000000000                            00000000000000000000                                    00000000000000000000000000000000            
 110                         0000000000000000                            00000000000000000000                                    00000000000000000000000000000000            
 111                         0000000000000000                            00000000000000000000                                    00000000000000000000000000000000            
 112                         0000000000000000                            00000000000000000000                                    00000000000000000000000000000000000000000000
 113                         0000000000000000                            00000000000000000000                                    00000000000000000000000000000000000000000000
 114                         0000000000000000                            00000000000000000000                                    00000000000000000000000000000000000000000000
 115                         0000000000000000                            00000000000000000000                                    00000000000000000000000000000000000000000000
 116                         0000000000000000                            00000000000000000000                                    00000000000000000000000000000000000000000000
 117                         0000000000000000                            00000000000000000000                                    00000000000000000000000000000000000000000000
 118                         0000000000000000                            00000000000000000000                                    00000000000000000000000000000000000000000000
 119                         0000000000000000                            00000000000000000000                                    00000000000000000000000000000000000000000000
 120                         0000000000000000                            00000000000000000000                                    00000000000000000000000000000000000000000000
 121                         0000000000000000                            00000000000000000000                                    00000000000000000000000000000000000000000000
 122                         0000000000000000                            00000000000000000000                                    00000000000000000000000000000000000000000000
 123                         0000000000000000                            00000000000000000000                                    00000000000000000000000000000000000000000000
 124             0000000000000000000000000000                            00000000000000000000                                     000000000000000000000000000000 000000000000
 125             0000000000000000000000000000                            00000000000000000000                                      00000000000000000000000000    000000000000
 126             0000000000000000000000000000                            00000000000000000000                                        00000000       000000       000000000000
 127             0000000000000000000000000000                            00000000000000000000                                         000                        000000000000
 128             0000000000000000000000000000                                                                                                                                
 129             0000000000000000000000000000                                                                                                                                
 130             0000000000000000000000000000                                                                                                                                
 131             0000000000000000000000000000                                                                                                                                
 132             0000000000000000000000000000                                                                                                                                
 133             0000000000000000000000000000                                                                                                                                
 134             0000000000000000000000000000                                                                                                                                
 135             0000000000000000000000000000                                                                                                                                
 136             0000000000000000000000000000                                                                                                                                
 137             0000000000000000000000000000                                                                                                                                
 138             0000000000000000000000000000                                                                                                                                
 139             0000000000000000000000000000                                                                                                                                
seats 837; refused 9136 DR-CLAIM, 5593 DR-KEEP, 4763 DR-SITE, 1958 DR-PASS, 123 DR-SLOPE
DR-SLOPE asked: a site rising 7 or more is refused
NOT ASKED  DR-CROSS, DR-WAY — the pass may still decline a seat marked 1 under these
