## tree
SEATS  tree, footprint 1x1, 3 blocks off a route  1 char = 1 block  x -68..67 across, z -164..163 down
KEY  1 the footprint seats with its minimum corner here  0 refused  space void
            -6        -5        -4        -3        -2        -1         0         1         2         3         4         5         6       
     8765432109876543210987654321098765432109876543210987654321098765432101234567890123456789012345678901234567890123456789012345678901234567
-164                                                                 0000000000000000                                                        
-163                                                                 0000000000000000                                                        
-162                                                                 0000000000000000                                                        
-161                                                                 0000000000000000                                                        
-160                                                                 0000000000000000                                                        
-159                                                                 0000000000000000                                                        
-158                                                                 0000000000000000                                                        
-157                                                                 0000000000000000                                                        
-156                                                 111111111111110000000000000000000001111111111111                                        
-155                                                 111111111111110000000000000000000001111111111111                                        
-154                                                 111111111111110000000000000000000001111111111111                                        
-153                                                 111111111111111110000000000000001111111111111111                                        
-152                                                 111111111111111110000000000000001111111111111111                                        
-151                                                 111111111111111110000000000000001111111111111111                                        
-150                                                 111111111111111110000000000000001111111111111111                                        
-149                                                 111111111111111110000000000000001111111111111111                                        
-148                                                 111111111111111110000000000000001111111111111111                                        
-147                                                 111111111111111110000000000000001111111111111111                                        
-146                                                 111111111111111111111111111111111111111111111111                                        
-145                                                 111111111111111111111111111111111111111111111111                                        
-144                                                 111111111111111111111111111111111111111111111111                                        
-143                                                 111111111111111111111111111111111111111111111111                                        
-142                                                 111111111111111111111111111111111111111111111111                                        
-141                                                 111111111111111111111111111111111111111111111111                                        
-140                                                 1111111111111111                1111111111111111                                        
-139                                                 1111111111111111                1111111111111111                                        
-138                                                 1111111111111111                1111111111111111                                        
-137                                                 1111111111111111                1111111111111111                                        
-136                                                 1111111111111111                1111111111111111                                        
-135                                                 1111111111111111                1111111111111111                                        
-134                                                 1111111111111111                1111111111111111                                        
-133                                                 1111111111111111                1111111111111111                                        
-132                                                 1111111111111111                1111111111111111                                        
-131                                                 1111111111111111                1111111111111111                                        
-130                                                 1111111111111111                1111111111111111                                        
-129                                                 1111111111111111                1111111111111111                                        
-128                                                 1111111111111111                1111111111111111                                        
-127                                                 1111111111111111                1111111111111111                                        
-126                                                 1111111111111111                1111111111111111                                        
-125                                                 1111111111111111                1111111111111111                                        
-124 0000000000011111111111111111111111111111111111111111111111111111111111111111111111111111111111111111                                    
-123 0000000000000000001111111111111111111111111111111111111111111111111111111111111111111111111111111111                                    
-122 0000000000000000001111111111111111111111111111111111111111111111111111111111111111111111111111111111                                    
-121 0000000000000000001111111111111111111111111111111111111111111111111111111111111111111111111111111111                                    
-120 0000000000000000001111111111111111111111111111111111111111111111111111111111111111111111111111111111                                    
-119 0000000000000000001111111111111111111111111111111111111111111111111111111111111111111111111111111111                                    
-118 0000000000000000001111111111111111111111111111111111111111111111111111111111111111111111111111111111                                    
-117 0000000000000000001111111111111111111111111111111111111111111111111111111111111111111111111111111111                                    
-116 0000000000000000001111111111111111111111111111111111111111111111111111111111111111111111111111111111                                    
-115 0000000000000000001111111111111111111111111111111111111111111111111111111111111111111111111111111111                                    
-114 0000000000000000001111111111111111111111111111111111111111111111111111111111111111111111111111111111                                    
-113 0000000000000000001111111111111111111111111111111111111111111111111111111111111111111111111111111111                                    
-112 0000000000000000001111111111111111111111111111111111111111111111111111111111111111111111111111111111                                    
-111 0000000000000000001111111111111111111111111111111111111111111111111111111111111111111111111111111111                                    
-110 0000000000000000001111111111111111111111111111111111111111111111111111111111111111111111111111111111                                    
-109 0000000000000000001111111111111111111111111111111111111111111111111111111111111111111111111111111111                                    
-108                     1111111111111111                1111111111111111                1111111111111111                                    
-107                     1111111111111111                1111111111111111                1111111111111111                                    
-106                     1111111111111111                1111111111111111                1111111111111111                                    
-105                     1111111111111111                1111111111111111                1111111111111111                                    
-104                     1111111111111111                1111111111111111                1111111111111111                                    
-103                     1111111111111111                1111111111111111                1111111111111111                                    
-102                     1111111111111111                1111111111111111                1111111111111111                                    
-101                     1111111111111111                1111111111111111                1111111111111111                                    
-100                     1111111111111111                1111111111111111                1111111111111111                                    
 -99                     1111111111111111                1111111111111111                1111111111111111                                    
 -98                     1111111111111111                1111111111111111                1111111111111111                                    
 -97                     1111111111111111                1111111111111111                1111111111111111                                    
 -96                     1111111111111111                1111111111111111                1111111111111111                                    
 -95                     1111111111111111                1111111111111111                1111111111111111                                    
 -94                     1111111111111111                1111111111111111                1111111111111111                                    
 -93                     1111111111111111                1111111111111111                1111111111111111                                    
 -92         0000000000011111111111111111                1111111111111111                1111111111111111                                    
 -91         0000000000000000000000000000                1111111111111111                1111111111111111                                    
 -90         0000000000000000000000000000                1111111111111111                1111111111111111                                    
 -89         0000000000000000000000000000                1111111111111111                1111111111111111                                    
 -88         0000000000000000000000000000                111111111111111111111111111111111111111111111111111111111111111111111111110000000000
 -87         0000000000000000000000000000                111111111111111111111111111111111111111111111111111111111111111111100000000000000000
 -86         0000000000000000000000000000                111111111111111111111111111111111111111111111111111111111111111111100000000000000000
 -85         0000000000000000000000000000                111111111111111111111111111111111111111111111111111111111111111111100000000000000000
 -84         0000000000000000000000000000                111111111111111111111111111111111111111111111111111111111111111111100000000000000000
 -83         0000000000000000000000000000                111111111111111111111111111111111111111111111111111111111111111111100000000000000000
 -82         0000000000000000000000000000                111111111111111111111111111111111111111111111111111111111111111111100000000000000000
 -81         0000000000000000000000000000                111111111111111111111111111111111111111111111111111111111111111111100000000000000000
 -80         0000000000000000000000000000                111111111111111111111111111111111111111111111111111111111111111111100000000000000000
 -79         0000000000000000000000000000                111111111111111111111111111111111111111111111111111111111111111111100000000000000000
 -78         0000000000000000000000000000                111111111111111111111111111111111111111111111111111111111111111111100000000000000000
 -77         0000000000000000000000000000                111111111111111111111111111111111111111111111111111111111111111111100000000000000000
 -76                     1111111111111111                111111111111111111111111111111111111111111111111111111111111111111100000000000000000
 -75                     1111111111111111                111111111111111111111111111111111111111111111111111111111111111111100000000000000000
 -74                     1111111111111111                111111111111111111111111111111111111111111111111111111111111111111100000000000000000
 -73                     1111111111111111                111111111111111111111111111111111111111111111111111111111111111111100000000000000000
 -72                                         11111111111111111111111111111111111111111111111111111111                                        
 -71                                         11111111111111111111111111111111111111111111111111111111                                        
 -70                                         11111111111111111111111111111111111111111111111111111111                                        
 -69                                         11111111111111111111111111111111111111111111111111111111                                        
 -68                                         11111111111111111111111111111111111111111111111111111111                                        
 -67                                         11111111111111111111111111111111111111111111111111111111                                        
 -66                                         11111111111111111111111111111111111111111111111111111111                                        
 -65                                         11111111111111111111111111111111111111111111111111111111                                        
 -64                                         11111111111111111111111111111111111111111111111111111111                                        
 -63                                         11111111111111111111111111111111111111111111111111111111                                        
 -62                                         11111111111111111111111111111111111111111111111111111111                                        
 -61                                         11111111111111111111111111111111111111111111111111111111                                        
 -60                                         11111111111111111111111111111111111111111111111111111111                                        
 -59                                         11111111111111111111111111111111111111111111111111111111                                        
 -58                                         11111111111111111111111111111111111111111111111111111111                                        
 -57                                         11111111111111111111111111111111111111111111111111111111                                        
 -56                                         1111111111111111        11111111111111111111111111111111                                        
 -55                                         1111111111111111        11111111111111111111111111111111                                        
 -54                                         1111111111111111        11111111111111111111111111111111                                        
 -53                                         1111111111111111        11111111111111111111111111111111                                        
 -52                                         1111111111111111        11111111111111111111111111111111                                        
 -51                                         1111111111111111        11111111111111111111111111111111                                        
 -50                                         1111111111111111        11111111111111111111111111111111                                        
 -49                                         1111111111111111        11111111111111111111111111111111                                        
 -48                                                                                                                                         
 -47                                                                                                                                         
 -46                                                                                                                                         
 -45                                                                                                                                         
 -44                                                                                                                                         
 -43                                                                                                                                         
 -42                                                                                                                                         
 -41                                                                                                                                         
 -40                                                                                                                                         
 -39                                                                                                                                         
 -38                                                                                                                                         
 -37                                                                                                                                         
 -36                                                 111111111111111111111111111111111111                                                    
 -35                                                 111111111111111111111111111111111111                                                    
 -34                                                 111111111111111111111111111111111111                                                    
 -33                                                 111111111111111111111111111111111111                                                    
 -32                                                 111111111111111111111111111111111111                                                    
 -31                                                 111111111111111111111111111111111111                                                    
 -30                                                 111111111111111111111111111111111111                                                    
 -29                                                 111111111111111111111111111111111111                                                    
 -28                                                 111111111111111111111111111111111111                                                    
 -27                                                 111111111111111111111111111111111111                                                    
 -26                                                 111111111111111111111111111111111111                                                    
 -25                                                 111111111111111111111111111111111111                                                    
 -24                                                 111111111111111111111111111111111111                                                    
 -23                                                 111111111111111111111111111111111111                                                    
 -22                                                 111111111111111111111111111111111111                                                    
 -21                                                 111111111111111111111111111111111111                                                    
 -20                                                 111111111111111111111111111111111111                                                    
 -19                                                 111111111111111111111111111111111111                                                    
 -18                                                 111111111111111111111111111111111111                                                    
 -17                                                 111111111111111111111111111111111111                                                    
 -16                                                 111111111111111111111111111111111111                                                    
 -15                                                 111111111111111111111111111111111111                                                    
 -14                                                 111111111111111111111111111111111111                                                    
 -13                                                 111111111111111111111111111111111111                                                    
 -12                                                                                                                                         
 -11                                                                                                                                         
 -10                                                                                                                                         
  -9                                                                                                                                         
  -8                                                                                                                                         
  -7                                                                                                                                         
  -6                                                                                                                                         
  -5                                                                                                                                         
  -4                                                                                                                                         
  -3                                                                                                                                         
  -2                                                                                                                                         
  -1                                                                                                                                         
   0                                                                                                                                         
   1                                                                                                                                         
   2                                                                                                                                         
   3                                                                                                                                         
   4                                                                                                                                         
   5                                                                                                                                         
   6                                                                                                                                         
   7                                                                                                                                         
   8                                                                                                                                         
   9                                                                                                                                         
  10                                                                                                                                         
  11                                                                                                                                         
  12                                                     111111111111111111111111111111111111                                                
  13                                                     111111111111111111111111111111111111                                                
  14                                                     111111111111111111111111111111111111                                                
  15                                                     111111111111111111111111111111111111                                                
  16                                                     111111111111111111111111111111111111                                                
  17                                                     111111111111111111111111111111111111                                                
  18                                                     111111111111111111111111111111111111                                                
  19                                                     111111111111111111111111111111111111                                                
  20                                                     111111111111111111111111111111111111                                                
  21                                                     111111111111111111111111111111111111                                                
  22                                                     111111111111111111111111111111111111                                                
  23                                                     111111111111111111111111111111111111                                                
  24                                                     111111111111111111111111111111111111                                                
  25                                                     111111111111111111111111111111111111                                                
  26                                                     111111111111111111111111111111111111                                                
  27                                                     111111111111111111111111111111111111                                                
  28                                                     111111111111111111111111111111111111                                                
  29                                                     111111111111111111111111111111111111                                                
  30                                                     111111111111111111111111111111111111                                                
  31                                                     111111111111111111111111111111111111                                                
  32                                                     111111111111111111111111111111111111                                                
  33                                                     111111111111111111111111111111111111                                                
  34                                                     111111111111111111111111111111111111                                                
  35                                                     111111111111111111111111111111111111                                                
  36                                                                                                                                         
  37                                                                                                                                         
  38                                                                                                                                         
  39                                                                                                                                         
  40                                                                                                                                         
  41                                                                                                                                         
  42                                                                                                                                         
  43                                                                                                                                         
  44                                                                                                                                         
  45                                                                                                                                         
  46                                                                                                                                         
  47                                                                                                                                         
  48                                         11111111111111111111111111111111        1111111111111111                                        
  49                                         11111111111111111111111111111111        1111111111111111                                        
  50                                         11111111111111111111111111111111        1111111111111111                                        
  51                                         11111111111111111111111111111111        1111111111111111                                        
  52                                         11111111111111111111111111111111        1111111111111111                                        
  53                                         11111111111111111111111111111111        1111111111111111                                        
  54                                         11111111111111111111111111111111        1111111111111111                                        
  55                                         11111111111111111111111111111111        1111111111111111                                        
  56                                         11111111111111111111111111111111111111111111111111111111                                        
  57                                         11111111111111111111111111111111111111111111111111111111                                        
  58                                         11111111111111111111111111111111111111111111111111111111                                        
  59                                         11111111111111111111111111111111111111111111111111111111                                        
  60                                         11111111111111111111111111111111111111111111111111111111                                        
  61                                         11111111111111111111111111111111111111111111111111111111                                        
  62                                         11111111111111111111111111111111111111111111111111111111                                        
  63                                         11111111111111111111111111111111111111111111111111111111                                        
  64                                         11111111111111111111111111111111111111111111111111111111                                        
  65                                         11111111111111111111111111111111111111111111111111111111                                        
  66                                         11111111111111111111111111111111111111111111111111111111                                        
  67                                         11111111111111111111111111111111111111111111111111111111                                        
  68                                         11111111111111111111111111111111111111111111111111111111                                        
  69                                         11111111111111111111111111111111111111111111111111111111                                        
  70                                         11111111111111111111111111111111111111111111111111111111                                        
  71                                         11111111111111111111111111111111111111111111111111111111                                        
  72 000000000001111111111111111111111111111111111111111111111111111111111111111111111111                1111111111111111                    
  73 000000000000000000111111111111111111111111111111111111111111111111111111111111111111                1111111111111111                    
  74 000000000000000000111111111111111111111111111111111111111111111111111111111111111111                1111111111111111                    
  75 000000000000000000111111111111111111111111111111111111111111111111111111111111111111                1111111111111111                    
  76 000000000000000000111111111111111111111111111111111111111111111111111111111111111111                1111111111111111110000000000        
  77 000000000000000000111111111111111111111111111111111111111111111111111111111111111111                1000000000000000000000000000        
  78 000000000000000000111111111111111111111111111111111111111111111111111111111111111111                1000000000000000000000000000        
  79 000000000000000000111111111111111111111111111111111111111111111111111111111111111111                1000000000000000000000000000        
  80 000000000000000000111111111111111111111111111111111111111111111111111111111111111111                1000000000000000000000000000        
  81 000000000000000000111111111111111111111111111111111111111111111111111111111111111111                1000000000000000000000000000        
  82 000000000000000000111111111111111111111111111111111111111111111111111111111111111111                1000000000000000000000000000        
  83 000000000000000000111111111111111111111111111111111111111111111111111111111111111111                1000000000000000000000000000        
  84 000000000000000000111111111111111111111111111111111111111111111111111111111111111111                1000000000000000000000000000        
  85 000000000000000000111111111111111111111111111111111111111111111111111111111111111111                1000000000000000000000000000        
  86 000000000000000000111111111111111111111111111111111111111111111111111111111111111111                1000000000000000000000000000        
  87 000000000000000000111111111111111111111111111111111111111111111111111111111111111111                1000000000000000000000000000        
  88                                     1111111111111111                1111111111111111                1000000000000000000000000000        
  89                                     1111111111111111                1111111111111111                1000000000000000000000000000        
  90                                     1111111111111111                1111111111111111                1000000000000000000000000000        
  91                                     1111111111111111                1111111111111111                1000000000000000000000000000        
  92                                     1111111111111111                1111111111111111                1111111111111111                    
  93                                     1111111111111111                1111111111111111                1111111111111111                    
  94                                     1111111111111111                1111111111111111                1111111111111111                    
  95                                     1111111111111111                1111111111111111                1111111111111111                    
  96                                     1111111111111111                1111111111111111                1111111111111111                    
  97                                     1111111111111111                1111111111111111                1111111111111111                    
  98                                     1111111111111111                1111111111111111                1111111111111111                    
  99                                     1111111111111111                1111111111111111                1111111111111111                    
 100                                     1111111111111111                1111111111111111                1111111111111111                    
 101                                     1111111111111111                1111111111111111                1111111111111111                    
 102                                     1111111111111111                1111111111111111                1111111111111111                    
 103                                     1111111111111111                1111111111111111                1111111111111111                    
 104                                     1111111111111111                1111111111111111                1111111111111111                    
 105                                     1111111111111111                1111111111111111                1111111111111111                    
 106                                     1111111111111111                1111111111111111                1111111111111111                    
 107                                     1111111111111111                1111111111111111                1111111111111111                    
 108                                     1111111111111111111111111111111111111111111111111111111111111111111111111111111111111111110000000000
 109                                     1111111111111111111111111111111111111111111111111111111111111111111111111111111111100000000000000000
 110                                     1111111111111111111111111111111111111111111111111111111111111111111111111111111111100000000000000000
 111                                     1111111111111111111111111111111111111111111111111111111111111111111111111111111111100000000000000000
 112                                     1111111111111111111111111111111111111111111111111111111111111111111111111111111111100000000000000000
 113                                     1111111111111111111111111111111111111111111111111111111111111111111111111111111111100000000000000000
 114                                     1111111111111111111111111111111111111111111111111111111111111111111111111111111111100000000000000000
 115                                     1111111111111111111111111111111111111111111111111111111111111111111111111111111111100000000000000000
 116                                     1111111111111111111111111111111111111111111111111111111111111111111111111111111111100000000000000000
 117                                     1111111111111111111111111111111111111111111111111111111111111111111111111111111111100000000000000000
 118                                     1111111111111111111111111111111111111111111111111111111111111111111111111111111111100000000000000000
 119                                     1111111111111111111111111111111111111111111111111111111111111111111111111111111111100000000000000000
 120                                     1111111111111111111111111111111111111111111111111111111111111111111111111111111111100000000000000000
 121                                     1111111111111111111111111111111111111111111111111111111111111111111111111111111111100000000000000000
 122                                     1111111111111111111111111111111111111111111111111111111111111111111111111111111111100000000000000000
 123                                     1111111111111111111111111111111111111111111111111111111111111111111111111111111111100000000000000000
 124                                         1111111111111111                1111111111111111                                                
 125                                         1111111111111111                1111111111111111                                                
 126                                         1111111111111111                1111111111111111                                                
 127                                         1111111111111111                1111111111111111                                                
 128                                         1111111111111111                1111111111111111                                                
 129                                         1111111111111111                1111111111111111                                                
 130                                         1111111111111111                1111111111111111                                                
 131                                         1111111111111111                1111111111111111                                                
 132                                         1111111111111111                1111111111111111                                                
 133                                         1111111111111111                1111111111111111                                                
 134                                         1111111111111111                1111111111111111                                                
 135                                         1111111111111111                1111111111111111                                                
 136                                         1111111111111111                1111111111111111                                                
 137                                         1111111111111111                1111111111111111                                                
 138                                         1111111111111111                1111111111111111                                                
 139                                         1111111111111111                1111111111111111                                                
 140                                         111111111111111111111111111111111111111111111111                                                
 141                                         111111111111111111111111111111111111111111111111                                                
 142                                         111111111111111111111111111111111111111111111111                                                
 143                                         111111111111111111111111111111111111111111111111                                                
 144                                         111111111111111111111111111111111111111111111111                                                
 145                                         111111111111111111111111111111111111111111111111                                                
 146                                         111111111111111111111111111111111111111111111111                                                
 147                                         111111111111111110000000000000001111111111111111                                                
 148                                         111111111111111110000000000000001111111111111111                                                
 149                                         111111111111111110000000000000001111111111111111                                                
 150                                         111111111111111110000000000000001111111111111111                                                
 151                                         111111111111111110000000000000001111111111111111                                                
 152                                         111111111111111110000000000000001111111111111111                                                
 153                                         111111111111111110000000000000001111111111111111                                                
 154                                         111111111111110000000000000000000001111111111111                                                
 155                                         111111111111110000000000000000000001111111111111                                                
 156                                                         0000000000000000                                                                
 157                                                         0000000000000000                                                                
 158                                                         0000000000000000                                                                
 159                                                         0000000000000000                                                                
 160                                                         0000000000000000                                                                
 161                                                         0000000000000000                                                                
 162                                                         0000000000000000                                                                
 163                                                         0000000000000000                                                                
seats 13299; refused 2509 DR-KEEP

## boulder
SEATS  boulder, footprint 1x1, 2 blocks off a route  1 char = 1 block  x -68..67 across, z -164..163 down
KEY  1 the footprint seats with its minimum corner here  0 refused  space void
            -6        -5        -4        -3        -2        -1         0         1         2         3         4         5         6       
     8765432109876543210987654321098765432109876543210987654321098765432101234567890123456789012345678901234567890123456789012345678901234567
-164                                                                 0000000000000000                                                        
-163                                                                 0000000000000000                                                        
-162                                                                 0000000000000000                                                        
-161                                                                 0000000000000000                                                        
-160                                                                 0000000000000000                                                        
-159                                                                 0000000000000000                                                        
-158                                                                 0000000000000000                                                        
-157                                                                 0000000000000000                                                        
-156                                                 111111111111110000000000000000000001111111111111                                        
-155                                                 111111111111110000000000000000000001111111111111                                        
-154                                                 111111111111110000000000000000000001111111111111                                        
-153                                                 111111111111111110000000000000001111111111111111                                        
-152                                                 111111111111111110000000000000001111111111111111                                        
-151                                                 111111111111111110000000000000001111111111111111                                        
-150                                                 111111111111111110000000000000001111111111111111                                        
-149                                                 111111111111111110000000000000001111111111111111                                        
-148                                                 111111111111111110000000000000001111111111111111                                        
-147                                                 111111111111111110000000000000001111111111111111                                        
-146                                                 111111111111111111111111111111111111111111111111                                        
-145                                                 111111111111111111111111111111111111111111111111                                        
-144                                                 111111111111111111111111111111111111111111111111                                        
-143                                                 111111111111111111111111111111111111111111111111                                        
-142                                                 111111111111111111111111111111111111111111111111                                        
-141                                                 111111111111111111111111111111111111111111111111                                        
-140                                                 1111111111111111                1111111111111111                                        
-139                                                 1111111111111111                1111111111111111                                        
-138                                                 1111111111111111                1111111111111111                                        
-137                                                 1111111111111111                1111111111111111                                        
-136                                                 1111111111111111                1111111111111111                                        
-135                                                 1111111111111111                1111111111111111                                        
-134                                                 1111111111111111                1111111111111111                                        
-133                                                 1111111111111111                1111111111111111                                        
-132                                                 1111111111111111                1111111111111111                                        
-131                                                 1111111111111111                1111111111111111                                        
-130                                                 1111111111111111                1111111111111111                                        
-129                                                 1111111111111111                1111111111111111                                        
-128                                                 1111111111111111                1111111111111111                                        
-127                                                 1111111111111111                1111111111111111                                        
-126                                                 1111111111111111                1111111111111111                                        
-125                                                 1111111111111111                1111111111111111                                        
-124 0000000000011111111111111111111111111111111111111111111111111111111111111111111111111111111111111111                                    
-123 0000000000000000001111111111111111111111111111111111111111111111111111111111111111111111111111111111                                    
-122 0000000000000000001111111111111111111111111111111111111111111111111111111111111111111111111111111111                                    
-121 0000000000000000001111111111111111111111111111111111111111111111111111111111111111111111111111111111                                    
-120 0000000000000000001111111111111111111111111111111111111111111111111111111111111111111111111111111111                                    
-119 0000000000000000001111111111111111111111111111111111111111111111111111111111111111111111111111111111                                    
-118 0000000000000000001111111111111111111111111111111111111111111111111111111111111111111111111111111111                                    
-117 0000000000000000001111111111111111111111111111111111111111111111111111111111111111111111111111111111                                    
-116 0000000000000000001111111111111111111111111111111111111111111111111111111111111111111111111111111111                                    
-115 0000000000000000001111111111111111111111111111111111111111111111111111111111111111111111111111111111                                    
-114 0000000000000000001111111111111111111111111111111111111111111111111111111111111111111111111111111111                                    
-113 0000000000000000001111111111111111111111111111111111111111111111111111111111111111111111111111111111                                    
-112 0000000000000000001111111111111111111111111111111111111111111111111111111111111111111111111111111111                                    
-111 0000000000000000001111111111111111111111111111111111111111111111111111111111111111111111111111111111                                    
-110 0000000000000000001111111111111111111111111111111111111111111111111111111111111111111111111111111111                                    
-109 0000000000000000001111111111111111111111111111111111111111111111111111111111111111111111111111111111                                    
-108                     1111111111111111                1111111111111111                1111111111111111                                    
-107                     1111111111111111                1111111111111111                1111111111111111                                    
-106                     1111111111111111                1111111111111111                1111111111111111                                    
-105                     1111111111111111                1111111111111111                1111111111111111                                    
-104                     1111111111111111                1111111111111111                1111111111111111                                    
-103                     1111111111111111                1111111111111111                1111111111111111                                    
-102                     1111111111111111                1111111111111111                1111111111111111                                    
-101                     1111111111111111                1111111111111111                1111111111111111                                    
-100                     1111111111111111                1111111111111111                1111111111111111                                    
 -99                     1111111111111111                1111111111111111                1111111111111111                                    
 -98                     1111111111111111                1111111111111111                1111111111111111                                    
 -97                     1111111111111111                1111111111111111                1111111111111111                                    
 -96                     1111111111111111                1111111111111111                1111111111111111                                    
 -95                     1111111111111111                1111111111111111                1111111111111111                                    
 -94                     1111111111111111                1111111111111111                1111111111111111                                    
 -93                     1111111111111111                1111111111111111                1111111111111111                                    
 -92         0000000000011111111111111111                1111111111111111                1111111111111111                                    
 -91         0000000000000000000000000000                1111111111111111                1111111111111111                                    
 -90         0000000000000000000000000000                1111111111111111                1111111111111111                                    
 -89         0000000000000000000000000000                1111111111111111                1111111111111111                                    
 -88         0000000000000000000000000000                111111111111111111111111111111111111111111111111111111111111111111111111110000000000
 -87         0000000000000000000000000000                111111111111111111111111111111111111111111111111111111111111111111100000000000000000
 -86         0000000000000000000000000000                111111111111111111111111111111111111111111111111111111111111111111100000000000000000
 -85         0000000000000000000000000000                111111111111111111111111111111111111111111111111111111111111111111100000000000000000
 -84         0000000000000000000000000000                111111111111111111111111111111111111111111111111111111111111111111100000000000000000
 -83         0000000000000000000000000000                111111111111111111111111111111111111111111111111111111111111111111100000000000000000
 -82         0000000000000000000000000000                111111111111111111111111111111111111111111111111111111111111111111100000000000000000
 -81         0000000000000000000000000000                111111111111111111111111111111111111111111111111111111111111111111100000000000000000
 -80         0000000000000000000000000000                111111111111111111111111111111111111111111111111111111111111111111100000000000000000
 -79         0000000000000000000000000000                111111111111111111111111111111111111111111111111111111111111111111100000000000000000
 -78         0000000000000000000000000000                111111111111111111111111111111111111111111111111111111111111111111100000000000000000
 -77         0000000000000000000000000000                111111111111111111111111111111111111111111111111111111111111111111100000000000000000
 -76                     1111111111111111                111111111111111111111111111111111111111111111111111111111111111111100000000000000000
 -75                     1111111111111111                111111111111111111111111111111111111111111111111111111111111111111100000000000000000
 -74                     1111111111111111                111111111111111111111111111111111111111111111111111111111111111111100000000000000000
 -73                     1111111111111111                111111111111111111111111111111111111111111111111111111111111111111100000000000000000
 -72                                         11111111111111111111111111111111111111111111111111111111                                        
 -71                                         11111111111111111111111111111111111111111111111111111111                                        
 -70                                         11111111111111111111111111111111111111111111111111111111                                        
 -69                                         11111111111111111111111111111111111111111111111111111111                                        
 -68                                         11111111111111111111111111111111111111111111111111111111                                        
 -67                                         11111111111111111111111111111111111111111111111111111111                                        
 -66                                         11111111111111111111111111111111111111111111111111111111                                        
 -65                                         11111111111111111111111111111111111111111111111111111111                                        
 -64                                         11111111111111111111111111111111111111111111111111111111                                        
 -63                                         11111111111111111111111111111111111111111111111111111111                                        
 -62                                         11111111111111111111111111111111111111111111111111111111                                        
 -61                                         11111111111111111111111111111111111111111111111111111111                                        
 -60                                         11111111111111111111111111111111111111111111111111111111                                        
 -59                                         11111111111111111111111111111111111111111111111111111111                                        
 -58                                         11111111111111111111111111111111111111111111111111111111                                        
 -57                                         11111111111111111111111111111111111111111111111111111111                                        
 -56                                         1111111111111111        11111111111111111111111111111111                                        
 -55                                         1111111111111111        11111111111111111111111111111111                                        
 -54                                         1111111111111111        11111111111111111111111111111111                                        
 -53                                         1111111111111111        11111111111111111111111111111111                                        
 -52                                         1111111111111111        11111111111111111111111111111111                                        
 -51                                         1111111111111111        11111111111111111111111111111111                                        
 -50                                         1111111111111111        11111111111111111111111111111111                                        
 -49                                         1111111111111111        11111111111111111111111111111111                                        
 -48                                                                                                                                         
 -47                                                                                                                                         
 -46                                                                                                                                         
 -45                                                                                                                                         
 -44                                                                                                                                         
 -43                                                                                                                                         
 -42                                                                                                                                         
 -41                                                                                                                                         
 -40                                                                                                                                         
 -39                                                                                                                                         
 -38                                                                                                                                         
 -37                                                                                                                                         
 -36                                                 111111111111111111111111111111111111                                                    
 -35                                                 111111111111111111111111111111111111                                                    
 -34                                                 111111111111111111111111111111111111                                                    
 -33                                                 111111111111111111111111111111111111                                                    
 -32                                                 111111111111111111111111111111111111                                                    
 -31                                                 111111111111111111111111111111111111                                                    
 -30                                                 111111111111111111111111111111111111                                                    
 -29                                                 111111111111111111111111111111111111                                                    
 -28                                                 111111111111111111111111111111111111                                                    
 -27                                                 111111111111111111111111111111111111                                                    
 -26                                                 111111111111111111111111111111111111                                                    
 -25                                                 111111111111111111111111111111111111                                                    
 -24                                                 111111111111111111111111111111111111                                                    
 -23                                                 111111111111111111111111111111111111                                                    
 -22                                                 111111111111111111111111111111111111                                                    
 -21                                                 111111111111111111111111111111111111                                                    
 -20                                                 111111111111111111111111111111111111                                                    
 -19                                                 111111111111111111111111111111111111                                                    
 -18                                                 111111111111111111111111111111111111                                                    
 -17                                                 111111111111111111111111111111111111                                                    
 -16                                                 111111111111111111111111111111111111                                                    
 -15                                                 111111111111111111111111111111111111                                                    
 -14                                                 111111111111111111111111111111111111                                                    
 -13                                                 111111111111111111111111111111111111                                                    
 -12                                                                                                                                         
 -11                                                                                                                                         
 -10                                                                                                                                         
  -9                                                                                                                                         
  -8                                                                                                                                         
  -7                                                                                                                                         
  -6                                                                                                                                         
  -5                                                                                                                                         
  -4                                                                                                                                         
  -3                                                                                                                                         
  -2                                                                                                                                         
  -1                                                                                                                                         
   0                                                                                                                                         
   1                                                                                                                                         
   2                                                                                                                                         
   3                                                                                                                                         
   4                                                                                                                                         
   5                                                                                                                                         
   6                                                                                                                                         
   7                                                                                                                                         
   8                                                                                                                                         
   9                                                                                                                                         
  10                                                                                                                                         
  11                                                                                                                                         
  12                                                     111111111111111111111111111111111111                                                
  13                                                     111111111111111111111111111111111111                                                
  14                                                     111111111111111111111111111111111111                                                
  15                                                     111111111111111111111111111111111111                                                
  16                                                     111111111111111111111111111111111111                                                
  17                                                     111111111111111111111111111111111111                                                
  18                                                     111111111111111111111111111111111111                                                
  19                                                     111111111111111111111111111111111111                                                
  20                                                     111111111111111111111111111111111111                                                
  21                                                     111111111111111111111111111111111111                                                
  22                                                     111111111111111111111111111111111111                                                
  23                                                     111111111111111111111111111111111111                                                
  24                                                     111111111111111111111111111111111111                                                
  25                                                     111111111111111111111111111111111111                                                
  26                                                     111111111111111111111111111111111111                                                
  27                                                     111111111111111111111111111111111111                                                
  28                                                     111111111111111111111111111111111111                                                
  29                                                     111111111111111111111111111111111111                                                
  30                                                     111111111111111111111111111111111111                                                
  31                                                     111111111111111111111111111111111111                                                
  32                                                     111111111111111111111111111111111111                                                
  33                                                     111111111111111111111111111111111111                                                
  34                                                     111111111111111111111111111111111111                                                
  35                                                     111111111111111111111111111111111111                                                
  36                                                                                                                                         
  37                                                                                                                                         
  38                                                                                                                                         
  39                                                                                                                                         
  40                                                                                                                                         
  41                                                                                                                                         
  42                                                                                                                                         
  43                                                                                                                                         
  44                                                                                                                                         
  45                                                                                                                                         
  46                                                                                                                                         
  47                                                                                                                                         
  48                                         11111111111111111111111111111111        1111111111111111                                        
  49                                         11111111111111111111111111111111        1111111111111111                                        
  50                                         11111111111111111111111111111111        1111111111111111                                        
  51                                         11111111111111111111111111111111        1111111111111111                                        
  52                                         11111111111111111111111111111111        1111111111111111                                        
  53                                         11111111111111111111111111111111        1111111111111111                                        
  54                                         11111111111111111111111111111111        1111111111111111                                        
  55                                         11111111111111111111111111111111        1111111111111111                                        
  56                                         11111111111111111111111111111111111111111111111111111111                                        
  57                                         11111111111111111111111111111111111111111111111111111111                                        
  58                                         11111111111111111111111111111111111111111111111111111111                                        
  59                                         11111111111111111111111111111111111111111111111111111111                                        
  60                                         11111111111111111111111111111111111111111111111111111111                                        
  61                                         11111111111111111111111111111111111111111111111111111111                                        
  62                                         11111111111111111111111111111111111111111111111111111111                                        
  63                                         11111111111111111111111111111111111111111111111111111111                                        
  64                                         11111111111111111111111111111111111111111111111111111111                                        
  65                                         11111111111111111111111111111111111111111111111111111111                                        
  66                                         11111111111111111111111111111111111111111111111111111111                                        
  67                                         11111111111111111111111111111111111111111111111111111111                                        
  68                                         11111111111111111111111111111111111111111111111111111111                                        
  69                                         11111111111111111111111111111111111111111111111111111111                                        
  70                                         11111111111111111111111111111111111111111111111111111111                                        
  71                                         11111111111111111111111111111111111111111111111111111111                                        
  72 000000000001111111111111111111111111111111111111111111111111111111111111111111111111                1111111111111111                    
  73 000000000000000000111111111111111111111111111111111111111111111111111111111111111111                1111111111111111                    
  74 000000000000000000111111111111111111111111111111111111111111111111111111111111111111                1111111111111111                    
  75 000000000000000000111111111111111111111111111111111111111111111111111111111111111111                1111111111111111                    
  76 000000000000000000111111111111111111111111111111111111111111111111111111111111111111                1111111111111111110000000000        
  77 000000000000000000111111111111111111111111111111111111111111111111111111111111111111                1000000000000000000000000000        
  78 000000000000000000111111111111111111111111111111111111111111111111111111111111111111                1000000000000000000000000000        
  79 000000000000000000111111111111111111111111111111111111111111111111111111111111111111                1000000000000000000000000000        
  80 000000000000000000111111111111111111111111111111111111111111111111111111111111111111                1000000000000000000000000000        
  81 000000000000000000111111111111111111111111111111111111111111111111111111111111111111                1000000000000000000000000000        
  82 000000000000000000111111111111111111111111111111111111111111111111111111111111111111                1000000000000000000000000000        
  83 000000000000000000111111111111111111111111111111111111111111111111111111111111111111                1000000000000000000000000000        
  84 000000000000000000111111111111111111111111111111111111111111111111111111111111111111                1000000000000000000000000000        
  85 000000000000000000111111111111111111111111111111111111111111111111111111111111111111                1000000000000000000000000000        
  86 000000000000000000111111111111111111111111111111111111111111111111111111111111111111                1000000000000000000000000000        
  87 000000000000000000111111111111111111111111111111111111111111111111111111111111111111                1000000000000000000000000000        
  88                                     1111111111111111                1111111111111111                1000000000000000000000000000        
  89                                     1111111111111111                1111111111111111                1000000000000000000000000000        
  90                                     1111111111111111                1111111111111111                1000000000000000000000000000        
  91                                     1111111111111111                1111111111111111                1000000000000000000000000000        
  92                                     1111111111111111                1111111111111111                1111111111111111                    
  93                                     1111111111111111                1111111111111111                1111111111111111                    
  94                                     1111111111111111                1111111111111111                1111111111111111                    
  95                                     1111111111111111                1111111111111111                1111111111111111                    
  96                                     1111111111111111                1111111111111111                1111111111111111                    
  97                                     1111111111111111                1111111111111111                1111111111111111                    
  98                                     1111111111111111                1111111111111111                1111111111111111                    
  99                                     1111111111111111                1111111111111111                1111111111111111                    
 100                                     1111111111111111                1111111111111111                1111111111111111                    
 101                                     1111111111111111                1111111111111111                1111111111111111                    
 102                                     1111111111111111                1111111111111111                1111111111111111                    
 103                                     1111111111111111                1111111111111111                1111111111111111                    
 104                                     1111111111111111                1111111111111111                1111111111111111                    
 105                                     1111111111111111                1111111111111111                1111111111111111                    
 106                                     1111111111111111                1111111111111111                1111111111111111                    
 107                                     1111111111111111                1111111111111111                1111111111111111                    
 108                                     1111111111111111111111111111111111111111111111111111111111111111111111111111111111111111110000000000
 109                                     1111111111111111111111111111111111111111111111111111111111111111111111111111111111100000000000000000
 110                                     1111111111111111111111111111111111111111111111111111111111111111111111111111111111100000000000000000
 111                                     1111111111111111111111111111111111111111111111111111111111111111111111111111111111100000000000000000
 112                                     1111111111111111111111111111111111111111111111111111111111111111111111111111111111100000000000000000
 113                                     1111111111111111111111111111111111111111111111111111111111111111111111111111111111100000000000000000
 114                                     1111111111111111111111111111111111111111111111111111111111111111111111111111111111100000000000000000
 115                                     1111111111111111111111111111111111111111111111111111111111111111111111111111111111100000000000000000
 116                                     1111111111111111111111111111111111111111111111111111111111111111111111111111111111100000000000000000
 117                                     1111111111111111111111111111111111111111111111111111111111111111111111111111111111100000000000000000
 118                                     1111111111111111111111111111111111111111111111111111111111111111111111111111111111100000000000000000
 119                                     1111111111111111111111111111111111111111111111111111111111111111111111111111111111100000000000000000
 120                                     1111111111111111111111111111111111111111111111111111111111111111111111111111111111100000000000000000
 121                                     1111111111111111111111111111111111111111111111111111111111111111111111111111111111100000000000000000
 122                                     1111111111111111111111111111111111111111111111111111111111111111111111111111111111100000000000000000
 123                                     1111111111111111111111111111111111111111111111111111111111111111111111111111111111100000000000000000
 124                                         1111111111111111                1111111111111111                                                
 125                                         1111111111111111                1111111111111111                                                
 126                                         1111111111111111                1111111111111111                                                
 127                                         1111111111111111                1111111111111111                                                
 128                                         1111111111111111                1111111111111111                                                
 129                                         1111111111111111                1111111111111111                                                
 130                                         1111111111111111                1111111111111111                                                
 131                                         1111111111111111                1111111111111111                                                
 132                                         1111111111111111                1111111111111111                                                
 133                                         1111111111111111                1111111111111111                                                
 134                                         1111111111111111                1111111111111111                                                
 135                                         1111111111111111                1111111111111111                                                
 136                                         1111111111111111                1111111111111111                                                
 137                                         1111111111111111                1111111111111111                                                
 138                                         1111111111111111                1111111111111111                                                
 139                                         1111111111111111                1111111111111111                                                
 140                                         111111111111111111111111111111111111111111111111                                                
 141                                         111111111111111111111111111111111111111111111111                                                
 142                                         111111111111111111111111111111111111111111111111                                                
 143                                         111111111111111111111111111111111111111111111111                                                
 144                                         111111111111111111111111111111111111111111111111                                                
 145                                         111111111111111111111111111111111111111111111111                                                
 146                                         111111111111111111111111111111111111111111111111                                                
 147                                         111111111111111110000000000000001111111111111111                                                
 148                                         111111111111111110000000000000001111111111111111                                                
 149                                         111111111111111110000000000000001111111111111111                                                
 150                                         111111111111111110000000000000001111111111111111                                                
 151                                         111111111111111110000000000000001111111111111111                                                
 152                                         111111111111111110000000000000001111111111111111                                                
 153                                         111111111111111110000000000000001111111111111111                                                
 154                                         111111111111110000000000000000000001111111111111                                                
 155                                         111111111111110000000000000000000001111111111111                                                
 156                                                         0000000000000000                                                                
 157                                                         0000000000000000                                                                
 158                                                         0000000000000000                                                                
 159                                                         0000000000000000                                                                
 160                                                         0000000000000000                                                                
 161                                                         0000000000000000                                                                
 162                                                         0000000000000000                                                                
 163                                                         0000000000000000                                                                
seats 13299; refused 2509 DR-KEEP

## house
SEATS  house, footprint 9x7, no route standoff  1 char = 1 block  x -68..67 across, z -164..163 down
KEY  1 the footprint seats with its minimum corner here  0 refused  space void
            -6        -5        -4        -3        -2        -1         0         1         2         3         4         5         6       
     8765432109876543210987654321098765432109876543210987654321098765432101234567890123456789012345678901234567890123456789012345678901234567
-164                                                                 0000000000000000                                                        
-163                                                                 0000000000000000                                                        
-162                                                                 0000000000000000                                                        
-161                                                                 0000000000000000                                                        
-160                                                                 0000000000000000                                                        
-159                                                                 0000000000000000                                                        
-158                                                                 0000000000000000                                                        
-157                                                                 0000000000000000                                                        
-156                                                 110000000000000000000000000000000000001100000000                                        
-155                                                 110000000000000000000000000000000000001100000000                                        
-154                                                 000000000000000000000000000000000000000000000000                                        
-153                                                 000000000000000000000000000000000000000000000000                                        
-152                                                 000000000000000000000000000000000000000000000000                                        
-151                                                 000000000000000000000000000000000000000000000000                                        
-150                                                 000000000000000000000000000000000000000000000000                                        
-149                                                 000000000000000000000000000000000000000000000000                                        
-148                                                 000000000000000000000000000000000000000000000000                                        
-147                                                 110000000000000000000000000000000000001100000000                                        
-146                                                 000000000000000000000000000000000000000000000000                                        
-145                                                 000000000000000000000000000000000000000000000000                                        
-144                                                 000000000000000000000000000000000000000000000000                                        
-143                                                 000000000000000000000000000000000000000000000000                                        
-142                                                 000000000000000000000000000000000000000000000000                                        
-141                                                 000000000000000000000000000000000000000000000000                                        
-140                                                 0000000000000000                0000000000000000                                        
-139                                                 0000000000000000                0000000000000000                                        
-138                                                 0000000000000000                0000000000000000                                        
-137                                                 0000000000000000                0000000000000000                                        
-136                                                 0000000000000000                0000000000000000                                        
-135                                                 0000000000000000                0000000000000000                                        
-134                                                 0000000000000000                0000000000000000                                        
-133                                                 0000000000000000                0000000000000000                                        
-132                                                 0000000000000000                0000000000000000                                        
-131                                                 0000000000000000                0000000000000000                                        
-130                                                 0000000000000000                0000000000000000                                        
-129                                                 0000000000000000                0000000000000000                                        
-128                                                 0000000000000000                0000000000000000                                        
-127                                                 0000000000000000                0000000000000000                                        
-126                                                 0000000000000000                0000000000000000                                        
-125                                                 0000000000000000                0000000000000000                                        
-124 0000000000000000001111111111111111111111000000001111111100000000111111110000000011100000000000000000                                    
-123 0000000000000000000011111111000000000000000000000000111100000000000000000000000000000000000000000000                                    
-122 0000000000000000000000000000000000000000000000000000111100000000000000000000000000000000000000000000                                    
-121 0000000000000000000000000000000000000000000000000000111100000000000000000000000000000000000000000000                                    
-120 0000000000000000000000000000000000000000000000000000111100000000000000000000000000000000000000000000                                    
-119 0000000000000000000000000000000000000000000000000000111100000000000000000000000000000000000000000000                                    
-118 0000000000000000000000000000000000000000000000000000111100000000000000000000000000000000000000000000                                    
-117 0000000000000000000000000000000000000000000000000000111100000000000000000000000000000000000000000000                                    
-116 0000000000000000000000000000000000000000000000000000111100000000000000000000000000000000000000000000                                    
-115 0000000000000000000011111111000000001111111100000000111111110000000011111111000000000000001100000000                                    
-114 0000000000000000000000000000000000000000000000000000000000000000000000000000000000000000000000000000                                    
-113 0000000000000000000000000000000000000000000000000000000000000000000000000000000000000000000000000000                                    
-112 0000000000000000000000000000000000000000000000000000000000000000000000000000000000000000000000000000                                    
-111 0000000000000000000000000000000000000000000000000000000000000000000000000000000000000000000000000000                                    
-110 0000000000000000000000000000000000000000000000000000000000000000000000000000000000000000000000000000                                    
-109 0000000000000000000000000000000000000000000000000000000000000000000000000000000000000000000000000000                                    
-108                     0000000000000000                0000000000000000                0000000000000000                                    
-107                     0000000000000000                0000000000000000                0000000000000000                                    
-106                     0000000000000000                0000000000000000                0000000000000000                                    
-105                     0000000000000000                0000000000000000                0000000000000000                                    
-104                     0000000000000000                0000000000000000                0000000000000000                                    
-103                     0000000000000000                0000000000000000                0000000000000000                                    
-102                     0000000000000000                0000000000000000                0000000000000000                                    
-101                     0000000000000000                0000000000000000                0000000000000000                                    
-100                     0000000000000000                0000000000000000                0000000000000000                                    
 -99                     0000000000000000                0000000000000000                0000000000000000                                    
 -98                     0000000000000000                0000000000000000                0000000000000000                                    
 -97                     0000000000000000                0000000000000000                0000000000000000                                    
 -96                     0000000000000000                0000000000000000                0000000000000000                                    
 -95                     0000000000000000                0000000000000000                0000000000000000                                    
 -94                     0000000000000000                0000000000000000                0000000000000000                                    
 -93                     0000000000000000                0000000000000000                0000000000000000                                    
 -92         0000000000000000000000000000                0000000000000000                0000000000000000                                    
 -91         0000000000000000000000000000                0000000000000000                0000000000000000                                    
 -90         0000000000000000000000000000                0000000000000000                0000000000000000                                    
 -89         0000000000000000000000000000                0000000000000000                0000000000000000                                    
 -88         0000000000000000000000000000                110000000000000011111111000000001111111100000000111111111110000000000000000000000000
 -87         0000000000000000000000000000                110000000000000011111111000000001111000000000000000000000000000000000000000000000000
 -86         0000000000000000000000000000                110000000000000000000000000000001111000000000000000000000000000000000000000000000000
 -85         0000000000000000000000000000                110000000000000000000000000000001111000000000000000000000000000000000000000000000000
 -84         0000000000000000000000000000                110000000000000000000000000000001111000000000000000000000000000000000000000000000000
 -83         0000000000000000000000000000                110000000000000000000000000000001111000000000000000000000000000000000000000000000000
 -82         0000000000000000000000000000                110000000000000000000000000000001111000000000000000000000000000000000000000000000000
 -81         0000000000000000000000000000                110000000000000000000000000000001111000000000000000000000000000000000000000000000000
 -80         0000000000000000000000000000                110000000000000000000000000000001111000000000000000000000000000000000000000000000000
 -79         0000000000000000000000000000                110000000111111111111111111111111111000000001111111111111110000000000000000000000000
 -78         0000000000000000000000000000                000000000111111111111111111000000000000000000000000000000000000000000000000000000000
 -77         0000000000000000000000000000                000000000111111111111111111000000000000000000000000000000000000000000000000000000000
 -76                     0000000000000000                000000000111111111111111111000000000000000000000000000000000000000000000000000000000
 -75                     0000000000000000                000000000111111111111111111000000000000000000000000000000000000000000000000000000000
 -74                     0000000000000000                000000000111111111111111111000000000000000000000000000000000000000000000000000000000
 -73                     0000000000000000                000000000111111111111111111000000000000000000000000000000000000000000000000000000000
 -72                                         11000000000011111111111111111111111111100000001100000000                                        
 -71                                         11000000000000000000000011111111111111100000001100000000                                        
 -70                                         00000000000000000000000011111111111111100000001100000000                                        
 -69                                         00000000000000000000000011111111111111100000001100000000                                        
 -68                                         00000000000000000000000011111111111111100000001100000000                                        
 -67                                         00000000000000000000000011111111111111100000001100000000                                        
 -66                                         00000000000000000000000011111111111111100000001100000000                                        
 -65                                         00000000000000000000000011111111111111100000001100000000                                        
 -64                                         00000000000000000000000011111111111111100000001100000000                                        
 -63                                         00000000000000000000000000000000000000000000000000000000                                        
 -62                                         00000000000000000000000000000000000000000000000000000000                                        
 -61                                         00000000000000000000000000000000000000000000000000000000                                        
 -60                                         00000000000000000000000000000000000000000000000000000000                                        
 -59                                         00000000000000000000000000000000000000000000000000000000                                        
 -58                                         00000000000000000000000000000000000000000000000000000000                                        
 -57                                         00000000000000000000000000000000000000000000000000000000                                        
 -56                                         0000000000000000        11000000011111100000001100000000                                        
 -55                                         0000000000000000        11000000011111100000001100000000                                        
 -54                                         0000000000000000        00000000000000000000000000000000                                        
 -53                                         0000000000000000        00000000000000000000000000000000                                        
 -52                                         0000000000000000        00000000000000000000000000000000                                        
 -51                                         0000000000000000        00000000000000000000000000000000                                        
 -50                                         0000000000000000        00000000000000000000000000000000                                        
 -49                                         0000000000000000        00000000000000000000000000000000                                        
 -48                                                                                                                                         
 -47                                                                                                                                         
 -46                                                                                                                                         
 -45                                                                                                                                         
 -44                                                                                                                                         
 -43                                                                                                                                         
 -42                                                                                                                                         
 -41                                                                                                                                         
 -40                                                                                                                                         
 -39                                                                                                                                         
 -38                                                                                                                                         
 -37                                                                                                                                         
 -36                                                 110000000111111111100000001100000000                                                    
 -35                                                 110000000111111111100000001100000000                                                    
 -34                                                 000000000000000000000000000000000000                                                    
 -33                                                 000000000000000000000000000000000000                                                    
 -32                                                 000000000000000000000000000000000000                                                    
 -31                                                 000000000000000000000000000000000000                                                    
 -30                                                 000000000000000000000000000000000000                                                    
 -29                                                 000000000000000000000000000000000000                                                    
 -28                                                 000000000000000000000000000000000000                                                    
 -27                                                 000000000000000000000000000000000000                                                    
 -26                                                 000000000000000000000000000000000000                                                    
 -25                                                 000000000000000000000000000000000000                                                    
 -24                                                 000000000000000000000000000000000000                                                    
 -23                                                 000000000000000000000000000000000000                                                    
 -22                                                 000000000000000000000000000000000000                                                    
 -21                                                 000000000000000000000000000000000000                                                    
 -20                                                 110000000111111111100000001100000000                                                    
 -19                                                 110000000111111111100000001100000000                                                    
 -18                                                 000000000000000000000000000000000000                                                    
 -17                                                 000000000000000000000000000000000000                                                    
 -16                                                 000000000000000000000000000000000000                                                    
 -15                                                 000000000000000000000000000000000000                                                    
 -14                                                 000000000000000000000000000000000000                                                    
 -13                                                 000000000000000000000000000000000000                                                    
 -12                                                                                                                                         
 -11                                                                                                                                         
 -10                                                                                                                                         
  -9                                                                                                                                         
  -8                                                                                                                                         
  -7                                                                                                                                         
  -6                                                                                                                                         
  -5                                                                                                                                         
  -4                                                                                                                                         
  -3                                                                                                                                         
  -2                                                                                                                                         
  -1                                                                                                                                         
   0                                                                                                                                         
   1                                                                                                                                         
   2                                                                                                                                         
   3                                                                                                                                         
   4                                                                                                                                         
   5                                                                                                                                         
   6                                                                                                                                         
   7                                                                                                                                         
   8                                                                                                                                         
   9                                                                                                                                         
  10                                                                                                                                         
  11                                                                                                                                         
  12                                                     110000000111111111100000001100000000                                                
  13                                                     110000000111111111100000001100000000                                                
  14                                                     000000000000000000000000000000000000                                                
  15                                                     000000000000000000000000000000000000                                                
  16                                                     000000000000000000000000000000000000                                                
  17                                                     000000000000000000000000000000000000                                                
  18                                                     000000000000000000000000000000000000                                                
  19                                                     000000000000000000000000000000000000                                                
  20                                                     000000000000000000000000000000000000                                                
  21                                                     000000000000000000000000000000000000                                                
  22                                                     000000000000000000000000000000000000                                                
  23                                                     000000000000000000000000000000000000                                                
  24                                                     000000000000000000000000000000000000                                                
  25                                                     000000000000000000000000000000000000                                                
  26                                                     000000000000000000000000000000000000                                                
  27                                                     000000000000000000000000000000000000                                                
  28                                                     110000000111111111100000001100000000                                                
  29                                                     110000000111111111100000001100000000                                                
  30                                                     000000000000000000000000000000000000                                                
  31                                                     000000000000000000000000000000000000                                                
  32                                                     000000000000000000000000000000000000                                                
  33                                                     000000000000000000000000000000000000                                                
  34                                                     000000000000000000000000000000000000                                                
  35                                                     000000000000000000000000000000000000                                                
  36                                                                                                                                         
  37                                                                                                                                         
  38                                                                                                                                         
  39                                                                                                                                         
  40                                                                                                                                         
  41                                                                                                                                         
  42                                                                                                                                         
  43                                                                                                                                         
  44                                                                                                                                         
  45                                                                                                                                         
  46                                                                                                                                         
  47                                                                                                                                         
  48                                         11000000011111100000001100000000        0000000000000000                                        
  49                                         11000000011111100000001100000000        0000000000000000                                        
  50                                         00000000000000000000000000000000        0000000000000000                                        
  51                                         00000000000000000000000000000000        0000000000000000                                        
  52                                         00000000000000000000000000000000        0000000000000000                                        
  53                                         00000000000000000000000000000000        0000000000000000                                        
  54                                         00000000000000000000000000000000        0000000000000000                                        
  55                                         00000000000000000000000000000000        0000000000000000                                        
  56                                         00000000000000000000000000000000000000000000000000000000                                        
  57                                         11000000011111111111111100000000000000000000000000000000                                        
  58                                         11000000011111111111111100000000000000000000000000000000                                        
  59                                         11000000011111111111111100000000000000000000000000000000                                        
  60                                         11000000011111111111111100000000000000000000000000000000                                        
  61                                         11000000011111111111111100000000000000000000000000000000                                        
  62                                         11000000011111111111111100000000000000000000000000000000                                        
  63                                         11000000011111111111111100000000000000000000000000000000                                        
  64                                         11000000011111111111111100000000000000000000001100000000                                        
  65                                         11000000011111111111111111111111111100000000001100000000                                        
  66                                         00000000011111111111111111100000000000000000000000000000                                        
  67                                         00000000011111111111111111100000000000000000000000000000                                        
  68                                         00000000011111111111111111100000000000000000000000000000                                        
  69                                         00000000011111111111111111100000000000000000000000000000                                        
  70                                         00000000011111111111111111100000000000000000000000000000                                        
  71                                         00000000011111111111111111100000000000000000000000000000                                        
  72 000000000000000000111111111111110000000011111111111111111111111111100000001100000000                0000000000000000                    
  73 000000000000000000000000000000000000000011110000000000000000000000000000001100000000                0000000000000000                    
  74 000000000000000000000000000000000000000011110000000000000000000000000000001100000000                0000000000000000                    
  75 000000000000000000000000000000000000000011110000000000000000000000000000001100000000                0000000000000000                    
  76 000000000000000000000000000000000000000011110000000000000000000000000000001100000000                0000000000000000000000000000        
  77 000000000000000000000000000000000000000011110000000000000000000000000000001100000000                0000000000000000000000000000        
  78 000000000000000000000000000000000000000011110000000000000000000000000000001100000000                0000000000000000000000000000        
  79 000000000000000000000000000000000000000011110000000000000000000000000000001100000000                0000000000000000000000000000        
  80 000000000000000000000000000000000000000011110000000011111111000000000000001100000000                0000000000000000000000000000        
  81 000000000000000000111111111100000000111111110000000011111111000000000000001100000000                0000000000000000000000000000        
  82 000000000000000000000000000000000000000000000000000000000000000000000000000000000000                0000000000000000000000000000        
  83 000000000000000000000000000000000000000000000000000000000000000000000000000000000000                0000000000000000000000000000        
  84 000000000000000000000000000000000000000000000000000000000000000000000000000000000000                0000000000000000000000000000        
  85 000000000000000000000000000000000000000000000000000000000000000000000000000000000000                0000000000000000000000000000        
  86 000000000000000000000000000000000000000000000000000000000000000000000000000000000000                0000000000000000000000000000        
  87 000000000000000000000000000000000000000000000000000000000000000000000000000000000000                0000000000000000000000000000        
  88                                     0000000000000000                0000000000000000                0000000000000000000000000000        
  89                                     0000000000000000                0000000000000000                0000000000000000000000000000        
  90                                     0000000000000000                0000000000000000                0000000000000000000000000000        
  91                                     0000000000000000                0000000000000000                0000000000000000000000000000        
  92                                     0000000000000000                0000000000000000                0000000000000000                    
  93                                     0000000000000000                0000000000000000                0000000000000000                    
  94                                     0000000000000000                0000000000000000                0000000000000000                    
  95                                     0000000000000000                0000000000000000                0000000000000000                    
  96                                     0000000000000000                0000000000000000                0000000000000000                    
  97                                     0000000000000000                0000000000000000                0000000000000000                    
  98                                     0000000000000000                0000000000000000                0000000000000000                    
  99                                     0000000000000000                0000000000000000                0000000000000000                    
 100                                     0000000000000000                0000000000000000                0000000000000000                    
 101                                     0000000000000000                0000000000000000                0000000000000000                    
 102                                     0000000000000000                0000000000000000                0000000000000000                    
 103                                     0000000000000000                0000000000000000                0000000000000000                    
 104                                     0000000000000000                0000000000000000                0000000000000000                    
 105                                     0000000000000000                0000000000000000                0000000000000000                    
 106                                     0000000000000000                0000000000000000                0000000000000000                    
 107                                     0000000000000000                0000000000000000                0000000000000000                    
 108                                     1100000000000000111111110000000011111111000000001111111100000000111111110000000000000000000000000000
 109                                     0000000000000000000000000000000000001111000000000000000000000000000000000000000000000000000000000000
 110                                     0000000000000000000000000000000000001111000000000000000000000000000000000000000000000000000000000000
 111                                     0000000000000000000000000000000000001111000000000000000000000000000000000000000000000000000000000000
 112                                     0000000000000000000000000000000000001111000000000000000000000000000000000000000000000000000000000000
 113                                     0000000000000000000000000000000000001111000000000000000000000000000000000000000000000000000000000000
 114                                     0000000000000000000000000000000000001111000000000000000000000000000000000000000000000000000000000000
 115                                     0000000000000000000000000000000000001111000000000000000000000000000000000000000000000000000000000000
 116                                     0000000000000000000000000000000000001111000000000000000000000000111111110000000000000000000000000000
 117                                     0000000001110000000011111111000000001111111100000000111111111111111111111110000000000000000000000000
 118                                     0000000000000000000000000000000000000000000000000000000000000000000000000000000000000000000000000000
 119                                     0000000000000000000000000000000000000000000000000000000000000000000000000000000000000000000000000000
 120                                     0000000000000000000000000000000000000000000000000000000000000000000000000000000000000000000000000000
 121                                     0000000000000000000000000000000000000000000000000000000000000000000000000000000000000000000000000000
 122                                     0000000000000000000000000000000000000000000000000000000000000000000000000000000000000000000000000000
 123                                     0000000000000000000000000000000000000000000000000000000000000000000000000000000000000000000000000000
 124                                         0000000000000000                0000000000000000                                                
 125                                         0000000000000000                0000000000000000                                                
 126                                         0000000000000000                0000000000000000                                                
 127                                         0000000000000000                0000000000000000                                                
 128                                         0000000000000000                0000000000000000                                                
 129                                         0000000000000000                0000000000000000                                                
 130                                         0000000000000000                0000000000000000                                                
 131                                         0000000000000000                0000000000000000                                                
 132                                         0000000000000000                0000000000000000                                                
 133                                         0000000000000000                0000000000000000                                                
 134                                         0000000000000000                0000000000000000                                                
 135                                         0000000000000000                0000000000000000                                                
 136                                         0000000000000000                0000000000000000                                                
 137                                         0000000000000000                0000000000000000                                                
 138                                         0000000000000000                0000000000000000                                                
 139                                         0000000000000000                0000000000000000                                                
 140                                         110000000000000011111111000000000000001100000000                                                
 141                                         000000000000000000000000000000000000000000000000                                                
 142                                         000000000000000000000000000000000000000000000000                                                
 143                                         000000000000000000000000000000000000000000000000                                                
 144                                         000000000000000000000000000000000000000000000000                                                
 145                                         000000000000000000000000000000000000000000000000                                                
 146                                         000000000000000000000000000000000000000000000000                                                
 147                                         000000000000000000000000000000000000000000000000                                                
 148                                         110000000000000000000000000000000000001100000000                                                
 149                                         110000000000000000000000000000000000001100000000                                                
 150                                         000000000000000000000000000000000000000000000000                                                
 151                                         000000000000000000000000000000000000000000000000                                                
 152                                         000000000000000000000000000000000000000000000000                                                
 153                                         000000000000000000000000000000000000000000000000                                                
 154                                         000000000000000000000000000000000000000000000000                                                
 155                                         000000000000000000000000000000000000000000000000                                                
 156                                                         0000000000000000                                                                
 157                                                         0000000000000000                                                                
 158                                                         0000000000000000                                                                
 159                                                         0000000000000000                                                                
 160                                                         0000000000000000                                                                
 161                                                         0000000000000000                                                                
 162                                                         0000000000000000                                                                
 163                                                         0000000000000000                                                                
seats 1225; refused 6480 DR-PASS, 4870 DR-SITE, 3233 DR-KEEP
