## tree
SEATS  tree, footprint 1x1, 3 blocks off a route  1 char = 1 block  x -120..119 across, z -72..71 down
KEY  1 the footprint seats with its minimum corner here  0 refused  space void
     2        -1        -0        -9        -8        -7        -6        -5        -4        -3        -2        -1         0         1         2         3         4         5         6         7         8         9         0         1         
     098765432109876543210987654321098765432109876543210987654321098765432109876543210987654321098765432109876543210987654321012345678901234567890123456789012345678901234567890123456789012345678901234567890123456789012345678901234567890123456789
 -72                                                                                                                                                                                                     00000000000000000000                        
 -71                                                                                                                                                                                                     00000000000000000000                        
 -70                                                                                                                                                                                                     00000000000000000000                        
 -69                                                                                                                                                                                                     00000000000000000000                        
 -68                                                                                                                                                                                                     00000000000000000000                        
 -67                                                                                                                                                                                                     00000000000000000000                        
 -66                                                                                                                                                                                                     00000000000000000000                        
 -65                                                                                                                                                                                                     00000000000000000000                        
 -64                                                                                                                                                                                                     00000000000000000000                        
 -63                                                                                                                                                                                                     00000000000000000000                        
 -62                                                                                                                                                                                                     00000000000000000000                        
 -61                                                                                                                                                                                                     00000000000000000000                        
 -60                                                                                                                                                                                                     00000000000000000000                        
 -59                                                                                                                                                                                                     00000000000000000000                        
 -58                                                                                                                                                                                                     00000000000000000000                        
 -57                                                                                                                                                                                                     00000000000000000000                        
 -56                                                                                                                                                                                                     00000000000000000000                        
 -55                                                                                                                                                                                                     00000000000000000000                        
 -54                                                                                                                                                                                                     00000000000000000000                        
 -53                                                                                                                                                                                                     00000000000000000000                        
 -52                                                                                                                                                                                                     00000000000000000000                        
 -51                                                                                                                                                                                                     00000000000000000000                        
 -50                                                                                                                                                                                                     00000000000000000000                        
 -49                                                                                                                                                                                                     00000000000000000000                        
 -48                                                                                                                                                                                                     00000000000000000000                        
 -47                                                                                                                                                                                                     00000000000000000000                        
 -46                                                                                                                                                                                                     00000000000000000000                        
 -45                                                                                                                                                                                                     11000000000000000001                        
 -44                                                                                                                                                                                                     11000000000000000001                        
 -43                                                                                                                                                                                                     11000000000000000001                        
 -42                                                                                                                                                                                                     11000000000000000001                        
 -41                                                                                                                                                                                                     11000000000000000001                        
 -40                                                                                                                                                                                                     11000000000000000001                        
 -39                                                                                                                                                                                                     11111100000000111111                        
 -38                                                                                                                                                                                                     11111100000000111111                        
 -37                                                                                                                                                                                                     11111100000000111111                        
 -36                                                                                                                                                                                                     11111100000000111111                        
 -35                                                                                                                                                                                                     00000000000000000000                        
 -34                                                                                                                                                                                                     00000000000000000000                        
 -33                                                                                                                                                                                                     00000000000000000000                        
 -32                     111111111111111111111111111111111111111111111111111111111111111111111111111111111111                                111111111111111111111111111111111111111111111111111111111100000000000000000000000001                    
 -31                     111111111111111111111111111111111111111111111111111111111111111111111111111111111111                                111111111111111111111111111111111111111111111111111111111100000000000000000000000001                    
 -30                     111111111111111111111111111111111111111111111111111111111111111111111111111111111111                                111111111111111111111111111111111111111111111111111111111100000000000000000000000001                    
 -29                     111111111111111111111111111111111111111111111111111111111111111111111111111111111111                                111111111111111111111111111111111111111111111111111111111100000000000000000000000001                    
 -28                     111111111111111111111111111111111111111111111111111111111111111111111111111111111111                                111111111111111111111111111111111111111111111111111111111111111111111111111111111111                    
 -27                     111111111111111111111111111111011111111111111111111111111111111111111111111111111111                                111111111111111111111111111111111111111111111111111111111111111111111111111111111111                    
 -26                     111111111111111111111111111100000111111111111111111111111111111111111111111111111111                                111111111111111111111111111111111111111111111111111111111111111111111111111111111111                    
 -25                     111111111111111111111111111000000011111111111111111111111111100001111111111111111111                                111111111111111111111111111111111111111111111111111111111111111111111111111111111111                    
 -24                     111111111111111111111111111000000011111111111111111111111111000000111111111111111111                                111111111111100000111111111111111111111111111111111111111111111111111111111111111111                    
 -23                     111111111111111111111111111000000111111111111111111111111111000000011111111111111111                                111111111111100000111111111111111111111111111111111111111111111111111111111111111111                    
 -22                     111111111111111111111111111100000111111111111111111111111111000000011111111111111111                                111111110111000000011111111111111111111111111111111111111111111111111111111111111111                    
 -21                     111111111111111111111111111111011111111111111111111111111111000000011111111011111111                                111111000001000000011111111111111111111111111111111111111111111111111111111111111111                    
 -20                     111111111111111111111111111111111111111111111111111111111111100000111111100000111111                                111111000000000000011111111111111111111111111111111111111111111111111111111111111111                    
 -19                     111111111111111111111111111111111111111111111111111111111111100000111111000000011111                                111110000000100000011111111111111111111111111111111111111111111111111111111111111111                    
 -18                     111111111111111111111111111111111111111111111111111111111111111111111111000000011111                                111110000000110000111111111111111111111111111111111111111111111111111111111111111100                    
 -17                     111111111111111111111111111111111111111111111111111111111111111111111111000000111111                                111111000001111111111111111111111111111111111111111111111111111111111111111111111100                    
 -16                     111111111111111111111111111111111111111111111111111111111111111111111111100000111111                                11111111011111111111111111111111111111111111111111111111111111111111111111111111110000000000000000000000
 -15                     111111111111111111111111111111111111111111111111111111111111111111111111111011111111                                11111111111111111111111111111111111111111111111111111111111111111111111111111111110000000000000000000000
 -14                     000111111111111111111111111111111111111111111111111111111111111111111111111111111111                                11111111111111111111111111111111111111111111111111111111111111111111111111111111110000000000000000000000
 -13                     000111111111111111111111111111111111111111111111111111111111111111111111111111111111                                11111111111111111111111111111111111111111111111111111111111111111111111111111111110000000000000000000000
 -12 00000000000000000000000111111111111111111111111111111111111111111111111111111111111111111111111111111111                                11111111111111111111111111111111111111111111111111111111111111111100000000000000000000000000000000000000
 -11 00000000000000000000000111111111111111111111111111111111111111111111111111111111111111111111111111111111                                11111111111111111111111111111111111000000000000000100000111111111100000000000000000000000000000000000000
 -10 00000000000000000000000111111111111111111111111100000000000000000000011111111111111111111111111111111111                                11111111111111111111111111111111111000000000000000000000111111111100000000000000000000000000000000000000
  -9 00000000000000000000000111111111111111111111111100000000000000000000011111111111111111111111111111111111                                11111111111111111111111111111111111000000000000000000000111111111100000000000000000000000000000000000000
  -8 00000000000000000000000000000000000000011111111100000000000000000000011111111111111111111111111111111111                                11111111111111111111111111111111111000000000000000000000111111111100000000000000000000000000000000000000
  -7 00000000000000000000000000000000000000011111111100000000000000000000011111111111111111111111111111111111                                11111111111111111111111111111111111000000000000000000000111111111100000000000000000000000000000000000000
  -6 00000000000000000000000000000000000000011111111100000000000000000000011111111111111111111111111111111111                                11111111111111111111111111111111111000001000000000000000111111111100000000000000000000000000000000000000
  -5 00000000000000000000000000000000000000011111111100000000000000000000011111111111111111111111111111111111                                11111111111111111111111111111111111000111000000000000011000000000000000000000000000000000000000000000000
  -4 00000000000000000000000000000000000000011111000000000000000000000000011111111111111111111111111111111111                                11111111111111111111111111111111111001111000000000000000000000000000000000000000000000000000000000000000
  -3 00000000000000000000000000000000000000000000000000000000000000000000011111111111111111111111111111111111                                11111111111111111111111111111111111001111100000000000000000000000000000000000000000000000000000000000000
  -2 00000000000000000000000000000000000000000000000000000000000000000000011111111111111111111111111111111111                                11111111111111111111111111111111111001111100000000000000000000000000000000000000000000000000000000000000
  -1 00000000000000000000000000000000000000000000000000000000000000000000011111111111111111111111111111111111                                11111111111111111111111111111111111000111100000000000000000000000000000000000000000000000000000000000000
   0 00000000000000000000000000000000000000000000000000000000000000111100011111111111111111111111111111111111                                11111111111111111111111111111111111000000000000000000000000000000000000000000000000000000000000000000000
   1 00000000000000000000000000000000000000000000000000000000000000111110011111111111111111111111111111111111                                11111111111111111111111111111111111000000000000000000000000000000000000000000000000000000000000000000000
   2 00000000000000000000000000000000000000000000000000000000000000111110011111111111111111111111111111111111                                11111111111111111111111111111111111000000000000000000000000000000000000000000000000000000000000000000000
   3 00000000000000000000000000000000000000000000000000000000000000011110011111111111111111111111111111111111                                11111111111111111111111111111111111000000000000000000000000011111100000000000000000000000000000000000000
   4 00000000000000000000000000000000000000000000000011000000000000011100011111111111111111111111111111111111                                11111111111111111111111111111111111000000000000000000000111111111100000000000000000000000000000000000000
   5 00000000000000000000000000000000000000011111111100000000000000010000011111111111111111111111111111111111                                11111111111111111111111111111111111000000000000000000000111111111100000000000000000000000000000000000000
   6 00000000000000000000000000000000000000011111111100000000000000000000011111111111111111111111111111111111                                11111111111111111111111111111111111000000000000000000000111111111100000000000000000000000000000000000000
   7 00000000000000000000000000000000000000011111111100000000000000000000011111111111111111111111111111111111                                11111111111111111111111111111111111000000000000000000000111111111100000000000000000000000000000000000000
   8 00000000000000000000000000000000000000011111111100000000000000000000011111111111111111111111111111111111                                11111111111111111111111111111111111000000000000000000000111111111100000000000000000000000000000000000000
   9 00000000000000000000000000000000000000011111111100000000000000000000011111111111111111111111111111111111                                11111111111111111111111111111111111000000000000000000000111111111111111111111111110000000000000000000000
  10 00000000000000000000000000000000000000011111111100000100000000000000011111111111111111111111111111111111                                11111111111111111111111111111111111111111111111111111111111111111111111111111111110000000000000000000000
  11 00000000000000000000000000000000000000011111111111111111111111111111111111111111111111111111111111111111                                11111111111111111111111111111111111111111111111111111111111111111111111111111111110000000000000000000000
  12 00000000000000000000000000000000000000011111111111111111111111111111111111111111111111111111111111111111                                111111111111111111111111111111111111111111111111111111111111111111111111111111111100                    
  13 00000000000000000000000111111111111111111111111111111111111111111111111111111111111111111111111111111111                                111111111111111111111111111111111111111111111111111111111111111111111111111111111100                    
  14 00000000000000000000000111111111111111111111111111111111111111111111111111111111111111111111111111111111                                111111110111111111111111111111111111111111111111111111111111111111111111111111111100                    
  15 00000000000000000000000111111111111111111111111111111111111111111111111111111111111111111111111011111111                                111111000001111111111111111111111111111111111111111111111111111111111111111111111111                    
  16                     000111111111111111111111111111111111111111111111111111111111111111111111100000111111                                111111000000111111111111111111111111111111111111111111111111111111111111111111111111                    
  17                     000111111111111111111111111111111111111111111111111111111111111111000011000000011111                                111110000000111111111111111111111111111111111111111111111111111111111111111111111111                    
  18                     000111111111111111111111111111111111111111111111111111111111111110000001000000011111                                111110000000111111000001111111111111111111111111111111111111111111111111111111111111                    
  19                     111111111111111111111111111111111111111111111111111111111111111110000000000000111111                                111111000001111111000001111111111111111111111111111111111111111111111111111111111111                    
  20                     111111111111111111111111111111111111111111111111111111111111111110000000100000111111                                111111110111111110000000111111111111111111111111111110111111111111111111111111111111                    
  21                     111111111111111111111111111111111111111111111111111111111111111110000000111011111111                                111111111111111110000000111111111111111111111111111000001111111111111111111111111111                    
  22                     111111111111111111111111111111111111111111111111111111111111111111000001111111111111                                111111111111111110000000111111111111111111111111111000000111111111111111111111111111                    
  23                     111111111111111111111111111111111111111111111111111111111111111111000001111111111111                                111111111111111111000000111111111111111111111111110000000111111111111111111111111111                    
  24                     111111111111111111111111111111111111111111111111111111111111111111111111111111111111                                111111111111111111100001111111111111111111111111110000000111111111111111111111111111                    
  25                     111111111111111111111111111111111111111111111111111111111111111111111111111111111111                                111111111111111111111111111111111111111111111111111000001111111111111111111111111111                    
  26                     111111111111111111111111111111111111111111111111111111111111111111111111111111111111                                111111111111111111111111111111111111111111111111111110111111111111111111111111111111                    
  27                     111111111111111111111111111111111111111111111111111111111111111111111111111111111111                                111111111111111111111111111111111111111111111111111111111111111111111111111111111111                    
  28                     111111111111111111111111111111111111111111111111111111111111111111111111111111111111                                111111111111111111111111111111111111111111111111111111111111111111111111111111111111                    
  29                     110000000000000000000000000111111111111111111111111111111111111111111111111111111111                                111111111111111111111111111111111111111111111111111111111111111111111111111111111111                    
  30                     110000000000000000000000000111111111111111111111111111111111111111111111111111111111                                111111111111111111111111111111111111111111111111111111111111111111111111111111111111                    
  31                     110000000000000000000000000111111111111111111111111111111111111111111111111111111111                                111111111111111111111111111111111111111111111111111111111111111111111111111111111111                    
  32                         00000000000000000000                                                                                                                                                                                                    
  33                         00000000000000000000                                                                                                                                                                                                    
  34                         00000000000000000000                                                                                                                                                                                                    
  35                         00000000000000000000                                                                                                                                                                                                    
  36                         11111100000000111111                                                                                                                                                                                                    
  37                         11111100000000111111                                                                                                                                                                                                    
  38                         11111100000000111111                                                                                                                                                                                                    
  39                         11111100000000111111                                                                                                                                                                                                    
  40                         11000000000000000001                                                                                                                                                                                                    
  41                         11000000000000000001                                                                                                                                                                                                    
  42                         11000000000000000001                                                                                                                                                                                                    
  43                         11000000000000000001                                                                                                                                                                                                    
  44                         11000000000000000001                                                                                                                                                                                                    
  45                         11000000000000000001                                                                                                                                                                                                    
  46                         00000000000000000000                                                                                                                                                                                                    
  47                         00000000000000000000                                                                                                                                                                                                    
  48                         00000000000000000000                                                                                                                                                                                                    
  49                         00000000000000000000                                                                                                                                                                                                    
  50                         00000000000000000000                                                                                                                                                                                                    
  51                         00000000000000000000                                                                                                                                                                                                    
  52                         00000000000000000000                                                                                                                                                                                                    
  53                         00000000000000000000                                                                                                                                                                                                    
  54                         00000000000000000000                                                                                                                                                                                                    
  55                         00000000000000000000                                                                                                                                                                                                    
  56                         00000000000000000000                                                                                                                                                                                                    
  57                         00000000000000000000                                                                                                                                                                                                    
  58                         00000000000000000000                                                                                                                                                                                                    
  59                         00000000000000000000                                                                                                                                                                                                    
  60                         00000000000000000000                                                                                                                                                                                                    
  61                         00000000000000000000                                                                                                                                                                                                    
  62                         00000000000000000000                                                                                                                                                                                                    
  63                         00000000000000000000                                                                                                                                                                                                    
  64                         00000000000000000000                                                                                                                                                                                                    
  65                         00000000000000000000                                                                                                                                                                                                    
  66                         00000000000000000000                                                                                                                                                                                                    
  67                         00000000000000000000                                                                                                                                                                                                    
  68                         00000000000000000000                                                                                                                                                                                                    
  69                         00000000000000000000                                                                                                                                                                                                    
  70                         00000000000000000000                                                                                                                                                                                                    
  71                         00000000000000000000                                                                                                                                                                                                    
seats 8524; refused 3148 DR-KEEP, 939 DR-CLAIM, 730 OB19, 131 DR-ROAD

## boulder
SEATS  boulder, footprint 1x1, 2 blocks off a route  1 char = 1 block  x -120..119 across, z -72..71 down
KEY  1 the footprint seats with its minimum corner here  0 refused  space void
     2        -1        -0        -9        -8        -7        -6        -5        -4        -3        -2        -1         0         1         2         3         4         5         6         7         8         9         0         1         
     098765432109876543210987654321098765432109876543210987654321098765432109876543210987654321098765432109876543210987654321012345678901234567890123456789012345678901234567890123456789012345678901234567890123456789012345678901234567890123456789
 -72                                                                                                                                                                                                     00000000000000000000                        
 -71                                                                                                                                                                                                     00000000000000000000                        
 -70                                                                                                                                                                                                     00000000000000000000                        
 -69                                                                                                                                                                                                     00000000000000000000                        
 -68                                                                                                                                                                                                     00000000000000000000                        
 -67                                                                                                                                                                                                     00000000000000000000                        
 -66                                                                                                                                                                                                     00000000000000000000                        
 -65                                                                                                                                                                                                     00000000000000000000                        
 -64                                                                                                                                                                                                     00000000000000000000                        
 -63                                                                                                                                                                                                     00000000000000000000                        
 -62                                                                                                                                                                                                     00000000000000000000                        
 -61                                                                                                                                                                                                     00000000000000000000                        
 -60                                                                                                                                                                                                     00000000000000000000                        
 -59                                                                                                                                                                                                     00000000000000000000                        
 -58                                                                                                                                                                                                     00000000000000000000                        
 -57                                                                                                                                                                                                     00000000000000000000                        
 -56                                                                                                                                                                                                     00000000000000000000                        
 -55                                                                                                                                                                                                     00000000000000000000                        
 -54                                                                                                                                                                                                     00000000000000000000                        
 -53                                                                                                                                                                                                     00000000000000000000                        
 -52                                                                                                                                                                                                     00000000000000000000                        
 -51                                                                                                                                                                                                     00000000000000000000                        
 -50                                                                                                                                                                                                     00000000000000000000                        
 -49                                                                                                                                                                                                     00000000000000000000                        
 -48                                                                                                                                                                                                     00000000000000000000                        
 -47                                                                                                                                                                                                     00000000000000000000                        
 -46                                                                                                                                                                                                     00000000000000000000                        
 -45                                                                                                                                                                                                     11000000000000000001                        
 -44                                                                                                                                                                                                     11000000000000000001                        
 -43                                                                                                                                                                                                     11000000000000000001                        
 -42                                                                                                                                                                                                     11000000000000000001                        
 -41                                                                                                                                                                                                     11000000000000000001                        
 -40                                                                                                                                                                                                     11000000000000000001                        
 -39                                                                                                                                                                                                     11111110000001111111                        
 -38                                                                                                                                                                                                     11111110000001111111                        
 -37                                                                                                                                                                                                     11111110000001111111                        
 -36                                                                                                                                                                                                     11111110000001111111                        
 -35                                                                                                                                                                                                     00000000000000000000                        
 -34                                                                                                                                                                                                     00000000000000000000                        
 -33                                                                                                                                                                                                     00000000000000000000                        
 -32                     111111111111111111111111111111111111111111111111111111111111111111111111111111111111                                111111111111111111111111111111111111111111111111111111111100000000000000000000000001                    
 -31                     111111111111111111111111111111111111111111111111111111111111111111111111111111111111                                111111111111111111111111111111111111111111111111111111111100000000000000000000000001                    
 -30                     111111111111111111111111111111111111111111111111111111111111111111111111111111111111                                111111111111111111111111111111111111111111111111111111111100000000000000000000000001                    
 -29                     111111111111111111111111111111111111111111111111111111111111111111111111111111111111                                111111111111111111111111111111111111111111111111111111111100000000000000000000000001                    
 -28                     111111111111111111111111111111111111111111111111111111111111111111111111111111111111                                111111111111111111111111111111111111111111111111111111111111111111111111111111111111                    
 -27                     111111111111111111111111111111011111111111111111111111111111111111111111111111111111                                111111111111111111111111111111111111111111111111111111111111111111111111111111111111                    
 -26                     111111111111111111111111111100000111111111111111111111111111111111111111111111111111                                111111111111111111111111111111111111111111111111111111111111111111111111111111111111                    
 -25                     111111111111111111111111111000000011111111111111111111111111111111111111111111111111                                111111111111111111111111111111111111111111111111111111111111111111111111111111111111                    
 -24                     111111111111111111111111111000000011111111111111111111111111111111111111111111111111                                111111111111111111111111111111111111111111111111111111111111111111111111111111111111                    
 -23                     111111111111111111111111111000000111111111111111111111111111111111111111111111111111                                111111111111111111111111111111111111111111111111111111111111111111111111111111111111                    
 -22                     111111111111111111111111111100000111111111111111111111111111111111111111111111111111                                111111110111111111111111111111111111111111111111111111111111111111111111111111111111                    
 -21                     111111111111111111111111111111011111111111111111111111111111111111111111111011111111                                111111000001111111111111111111111111111111111111111111111111111111111111111111111111                    
 -20                     111111111111111111111111111111111111111111111111111111111111111111111111100000111111                                111111000000111111111111111111111111111111111111111111111111111111111111111111111111                    
 -19                     111111111111111111111111111111111111111111111111111111111111111111111111000000011111                                111110000000111111111111111111111111111111111111111111111111111111111111111111111111                    
 -18                     111111111111111111111111111111111111111111111111111111111111111111111111000000011111                                111110000000111111111111111111111111111111111111111111111111111111111111111111111100                    
 -17                     111111111111111111111111111111111111111111111111111111111111111111111111000000111111                                111111000001111111111111111111111111111111111111111111111111111111111111111111111100                    
 -16                     111111111111111111111111111111111111111111111111111111111111111111111111100000111111                                11111111011111111111111111111111111111111111111111111111111111111111111111111111110000000000000000000000
 -15                     111111111111111111111111111111111111111111111111111111111111111111111111111011111111                                11111111111111111111111111111111111111111111111111111111111111111111111111111111110000000000000000000000
 -14                     000111111111111111111111111111111111111111111111111111111111111111111111111111111111                                11111111111111111111111111111111111111111111111111111111111111111111111111111111110000000000000000000000
 -13                     000111111111111111111111111111111111111111111111111111111111111111111111111111111111                                11111111111111111111111111111111111111111111111111111111111111111111111111111111110000000000000000000000
 -12 00000000000000000000000111111111111111111111111111111111111111111111111111111111111111111111111111111111                                11111111111111111111111111111111111111111111111111111111111111111100000000000000000000000000000000000000
 -11 00000000000000000000000111111111111111111111111111111111111111111111111111111111111111111111111111111111                                11111111111111111111111111111111111000000000000000100000111111111100000000000000000000000000000000000000
 -10 00000000000000000000000111111111111111111111111100000000000000000000011111111111111111111111111111111111                                11111111111111111111111111111111111000000000000000000000111111111100000000000000000000000000000000000000
  -9 00000000000000000000000111111111111111111111111100000000000000000000011111111111111111111111111111111111                                11111111111111111111111111111111111000000000000000000000111111111100000000000000000000000000000000000000
  -8 00000000000000000000000000000000000000011111111100000000000000000000011111111111111111111111111111111111                                11111111111111111111111111111111111000000000000000000000111111111100000000000000000000000000000000000000
  -7 00000000000000000000000000000000000000011111111100000000000000000000011111111111111111111111111111111111                                11111111111111111111111111111111111000000000000000000000111111111100000000000000000000000000000000000000
  -6 00000000000000000000000000000000000000011111111100000000000000000000011111111111111111111111111111111111                                11111111111111111111111111111111111000001000000000000000111111111100000000000000000000000000000000000000
  -5 00000000000000000000000000000000000000011111111100000000000000000000011111111111111111111111111111111111                                11111111111111111111111111111111111000111000000000000011111111111100000000000000000000000000000000000000
  -4 00000000000000000000000000000000000000011111111100000000000000000000011111111111111111111111111111111111                                11111111111111111111111111111111111001111000000000000011100000000000000000000000000000000000000000000000
  -3 00000000000000000000000000000000000000011111100000000000000000000000011111111111111111111111111111111111                                11111111111111111111111111111111111001111100000000000000000000000000000000000000000000000000000000000000
  -2 00000000000000000000000000000000000000000000000000000000000000000000011111111111111111111111111111111111                                11111111111111111111111111111111111001111100000000000000000000000000000000000000000000000000000000000000
  -1 00000000000000000000000000000000000000000000000000000000000000000000011111111111111111111111111111111111                                11111111111111111111111111111111111000111100000000000000000000000000000000000000000000000000000000000000
   0 00000000000000000000000000000000000000000000000000000000000000111100011111111111111111111111111111111111                                11111111111111111111111111111111111000000000000000000000000000000000000000000000000000000000000000000000
   1 00000000000000000000000000000000000000000000000000000000000000111110011111111111111111111111111111111111                                11111111111111111111111111111111111000000000000000000000000000000000000000000000000000000000000000000000
   2 00000000000000000000000000000000000000000000000000000000000000111110011111111111111111111111111111111111                                11111111111111111111111111111111111000000000000000000000000111111100000000000000000000000000000000000000
   3 00000000000000000000000000000000000000000000000111000000000000011110011111111111111111111111111111111111                                11111111111111111111111111111111111000000000000000000000111111111100000000000000000000000000000000000000
   4 00000000000000000000000000000000000000011111111111000000000000011100011111111111111111111111111111111111                                11111111111111111111111111111111111000000000000000000000111111111100000000000000000000000000000000000000
   5 00000000000000000000000000000000000000011111111100000000000000010000011111111111111111111111111111111111                                11111111111111111111111111111111111000000000000000000000111111111100000000000000000000000000000000000000
   6 00000000000000000000000000000000000000011111111100000000000000000000011111111111111111111111111111111111                                11111111111111111111111111111111111000000000000000000000111111111100000000000000000000000000000000000000
   7 00000000000000000000000000000000000000011111111100000000000000000000011111111111111111111111111111111111                                11111111111111111111111111111111111000000000000000000000111111111100000000000000000000000000000000000000
   8 00000000000000000000000000000000000000011111111100000000000000000000011111111111111111111111111111111111                                11111111111111111111111111111111111000000000000000000000111111111100000000000000000000000000000000000000
   9 00000000000000000000000000000000000000011111111100000000000000000000011111111111111111111111111111111111                                11111111111111111111111111111111111000000000000000000000111111111111111111111111110000000000000000000000
  10 00000000000000000000000000000000000000011111111100000100000000000000011111111111111111111111111111111111                                11111111111111111111111111111111111111111111111111111111111111111111111111111111110000000000000000000000
  11 00000000000000000000000000000000000000011111111111111111111111111111111111111111111111111111111111111111                                11111111111111111111111111111111111111111111111111111111111111111111111111111111110000000000000000000000
  12 00000000000000000000000000000000000000011111111111111111111111111111111111111111111111111111111111111111                                111111111111111111111111111111111111111111111111111111111111111111111111111111111100                    
  13 00000000000000000000000111111111111111111111111111111111111111111111111111111111111111111111111111111111                                111111111111111111111111111111111111111111111111111111111111111111111111111111111100                    
  14 00000000000000000000000111111111111111111111111111111111111111111111111111111111111111111111111111111111                                111111110111111111111111111111111111111111111111111111111111111111111111111111111100                    
  15 00000000000000000000000111111111111111111111111111111111111111111111111111111111111111111111111011111111                                111111000001111111111111111111111111111111111111111111111111111111111111111111111111                    
  16                     000111111111111111111111111111111111111111111111111111111111111111111111100000111111                                111111000000111111111111111111111111111111111111111111111111111111111111111111111111                    
  17                     000111111111111111111111111111111111111111111111111111111111111111111111000000011111                                111110000000111111111111111111111111111111111111111111111111111111111111111111111111                    
  18                     000111111111111111111111111111111111111111111111111111111111111111111111000000011111                                111110000000111111111111111111111111111111111111111111111111111111111111111111111111                    
  19                     111111111111111111111111111111111111111111111111111111111111111111111111000000111111                                111111000001111111111111111111111111111111111111111111111111111111111111111111111111                    
  20                     111111111111111111111111111111111111111111111111111111111111111111111111100000111111                                111111110111111111111111111111111111111111111111111110111111111111111111111111111111                    
  21                     111111111111111111111111111111111111111111111111111111111111111111111111111011111111                                111111111111111111111111111111111111111111111111111000001111111111111111111111111111                    
  22                     111111111111111111111111111111111111111111111111111111111111111111111111111111111111                                111111111111111111111111111111111111111111111111111000000111111111111111111111111111                    
  23                     111111111111111111111111111111111111111111111111111111111111111111111111111111111111                                111111111111111111111111111111111111111111111111110000000111111111111111111111111111                    
  24                     111111111111111111111111111111111111111111111111111111111111111111111111111111111111                                111111111111111111111111111111111111111111111111110000000111111111111111111111111111                    
  25                     111111111111111111111111111111111111111111111111111111111111111111111111111111111111                                111111111111111111111111111111111111111111111111111000001111111111111111111111111111                    
  26                     111111111111111111111111111111111111111111111111111111111111111111111111111111111111                                111111111111111111111111111111111111111111111111111110111111111111111111111111111111                    
  27                     111111111111111111111111111111111111111111111111111111111111111111111111111111111111                                111111111111111111111111111111111111111111111111111111111111111111111111111111111111                    
  28                     111111111111111111111111111111111111111111111111111111111111111111111111111111111111                                111111111111111111111111111111111111111111111111111111111111111111111111111111111111                    
  29                     110000000000000000000000000111111111111111111111111111111111111111111111111111111111                                111111111111111111111111111111111111111111111111111111111111111111111111111111111111                    
  30                     110000000000000000000000000111111111111111111111111111111111111111111111111111111111                                111111111111111111111111111111111111111111111111111111111111111111111111111111111111                    
  31                     110000000000000000000000000111111111111111111111111111111111111111111111111111111111                                111111111111111111111111111111111111111111111111111111111111111111111111111111111111                    
  32                         00000000000000000000                                                                                                                                                                                                    
  33                         00000000000000000000                                                                                                                                                                                                    
  34                         00000000000000000000                                                                                                                                                                                                    
  35                         00000000000000000000                                                                                                                                                                                                    
  36                         11111110000001111111                                                                                                                                                                                                    
  37                         11111110000001111111                                                                                                                                                                                                    
  38                         11111110000001111111                                                                                                                                                                                                    
  39                         11111110000001111111                                                                                                                                                                                                    
  40                         11000000000000000001                                                                                                                                                                                                    
  41                         11000000000000000001                                                                                                                                                                                                    
  42                         11000000000000000001                                                                                                                                                                                                    
  43                         11000000000000000001                                                                                                                                                                                                    
  44                         11000000000000000001                                                                                                                                                                                                    
  45                         11000000000000000001                                                                                                                                                                                                    
  46                         00000000000000000000                                                                                                                                                                                                    
  47                         00000000000000000000                                                                                                                                                                                                    
  48                         00000000000000000000                                                                                                                                                                                                    
  49                         00000000000000000000                                                                                                                                                                                                    
  50                         00000000000000000000                                                                                                                                                                                                    
  51                         00000000000000000000                                                                                                                                                                                                    
  52                         00000000000000000000                                                                                                                                                                                                    
  53                         00000000000000000000                                                                                                                                                                                                    
  54                         00000000000000000000                                                                                                                                                                                                    
  55                         00000000000000000000                                                                                                                                                                                                    
  56                         00000000000000000000                                                                                                                                                                                                    
  57                         00000000000000000000                                                                                                                                                                                                    
  58                         00000000000000000000                                                                                                                                                                                                    
  59                         00000000000000000000                                                                                                                                                                                                    
  60                         00000000000000000000                                                                                                                                                                                                    
  61                         00000000000000000000                                                                                                                                                                                                    
  62                         00000000000000000000                                                                                                                                                                                                    
  63                         00000000000000000000                                                                                                                                                                                                    
  64                         00000000000000000000                                                                                                                                                                                                    
  65                         00000000000000000000                                                                                                                                                                                                    
  66                         00000000000000000000                                                                                                                                                                                                    
  67                         00000000000000000000                                                                                                                                                                                                    
  68                         00000000000000000000                                                                                                                                                                                                    
  69                         00000000000000000000                                                                                                                                                                                                    
  70                         00000000000000000000                                                                                                                                                                                                    
  71                         00000000000000000000                                                                                                                                                                                                    
seats 8750; refused 3148 DR-KEEP, 775 DR-CLAIM, 730 OB19, 69 DR-ROAD

## house
SEATS  house, footprint 9x7, no route standoff  1 char = 1 block  x -120..119 across, z -72..71 down
KEY  1 the footprint seats with its minimum corner here  0 refused  space void
     2        -1        -0        -9        -8        -7        -6        -5        -4        -3        -2        -1         0         1         2         3         4         5         6         7         8         9         0         1         
     098765432109876543210987654321098765432109876543210987654321098765432109876543210987654321098765432109876543210987654321012345678901234567890123456789012345678901234567890123456789012345678901234567890123456789012345678901234567890123456789
 -72                                                                                                                                                                                                     00000000000000000000                        
 -71                                                                                                                                                                                                     00000000000000000000                        
 -70                                                                                                                                                                                                     00000000000000000000                        
 -69                                                                                                                                                                                                     00000000000000000000                        
 -68                                                                                                                                                                                                     00000000000000000000                        
 -67                                                                                                                                                                                                     00000000000000000000                        
 -66                                                                                                                                                                                                     00000000000000000000                        
 -65                                                                                                                                                                                                     00000000000000000000                        
 -64                                                                                                                                                                                                     00000000000000000000                        
 -63                                                                                                                                                                                                     00000000000000000000                        
 -62                                                                                                                                                                                                     00000000000000000000                        
 -61                                                                                                                                                                                                     00000000000000000000                        
 -60                                                                                                                                                                                                     00000000000000000000                        
 -59                                                                                                                                                                                                     00000000000000000000                        
 -58                                                                                                                                                                                                     00000000000000000000                        
 -57                                                                                                                                                                                                     00000000000000000000                        
 -56                                                                                                                                                                                                     00000000000000000000                        
 -55                                                                                                                                                                                                     00000000000000000000                        
 -54                                                                                                                                                                                                     00000000000000000000                        
 -53                                                                                                                                                                                                     00000000000000000000                        
 -52                                                                                                                                                                                                     00000000000000000000                        
 -51                                                                                                                                                                                                     00000000000000000000                        
 -50                                                                                                                                                                                                     00000000000000000000                        
 -49                                                                                                                                                                                                     00000000000000000000                        
 -48                                                                                                                                                                                                     00000000000000000000                        
 -47                                                                                                                                                                                                     00000000000000000000                        
 -46                                                                                                                                                                                                     00000000000000000000                        
 -45                                                                                                                                                                                                     00000000000000000000                        
 -44                                                                                                                                                                                                     00000000000000000000                        
 -43                                                                                                                                                                                                     00000000000000000000                        
 -42                                                                                                                                                                                                     00000000000000000000                        
 -41                                                                                                                                                                                                     00000000000000000000                        
 -40                                                                                                                                                                                                     00000000000000000000                        
 -39                                                                                                                                                                                                     00000000000000000000                        
 -38                                                                                                                                                                                                     00000000000000000000                        
 -37                                                                                                                                                                                                     00000000000000000000                        
 -36                                                                                                                                                                                                     00000000000000000000                        
 -35                                                                                                                                                                                                     00000000000000000000                        
 -34                                                                                                                                                                                                     00000000000000000000                        
 -33                                                                                                                                                                                                     00000000000000000000                        
 -32                     110000000111111111111111111111111111111111111111111111111111111111100000001100000000                                110000000111111111111111111111111111111111111111110000000000000000000000000000000000                    
 -31                     110000000111111111111111111111111111111111111111111111111111111111100000001100000000                                110000000111111111111111111111111111111111111111110000000000000000000000000000000000                    
 -30                     000000000000000000000000000000000000000000000000000000000000000000000000000000000000                                000000000000000000000000000000000000000000000000000000000000000000000000000000000000                    
 -29                     000000000000000000000000000000000000000000000000000000000000000000000000000000000000                                000000000000000000000000000000000000000000000000000000000000000000000000000000000000                    
 -28                     000000000000000000000000000000000000000000000000000000000000000000000000000000000000                                000000000000000000000000000000000000000000000000000000000000111111100000000000000000                    
 -27                     000000000000000000000000000000000000000000000000000000000000000000000000000000000000                                000000000000000000000000000000000000000000000000000000000000111111100000000000000000                    
 -26                     000000000000000000000000000000000000000000000000000000000000000000000000000000000000                                000000000000000000000000000000000000000000000000000000000000111111100000000000000000                    
 -25                     000000000000000000000000000000000000000000000000000000000000000000000000000000000000                                000000000000000000000000000000000000000000000000000000000000111111100000000000000000                    
 -24                     000000000000000000000000000000000000000000000000000000000000000000000000000000000000                                000000000000000000000000000000000000000000000000000000000000111111100000000000000000                    
 -23                     110000000111111111111111111111111111111111111111111111111111111111100000001100000000                                110000000111111111111111111111111111111111111111111111111111111111100000000000000000                    
 -22                     110000000111111111111111111111111111111111111111111111111111111111100000001100000000                                110000000111111111111111111111111111111111111111111111111111111111100000000000000000                    
 -21                     110000000111111111111111111111111111111111111111111111111111111111100000001100000000                                110000000111111111111111111111111111111111111111111111111111111111100000000000000000                    
 -20                     000000000111111111111111111111111111111111111111111111111111111111100000001100000000                                110000000111111111111111111111111111111111111111111111111111111111100000000000000000                    
 -19                     000000000111111111111111111111111111111111111111111111111111111111100000001100000000                                110000000111111111111111111111111111111111111111111111111111111111100000000000000000                    
 -18                     000000000111111111111111111111111111111111111111111111111111111111100000001100000000                                110000000111111111111111111111111111111111111111111111111100000000000000000000000000                    
 -17                     000000000111111111111111111111111111111111111111111111111111111111100000001100000000                                110000000111111111111111111000000000000000000000000000001100000000000000000000000000                    
 -16                     000000000111111111110000000000000000000000000000011111111111111111100000001100000000                                11000000011111111111111111100000000000000000000000000000110000000000000000000000000000000000000000000000
 -15                     000000000111111111110000000000000000000000000000011111111111111111100000001100000000                                11000000011111111111111111100000000000000000000000000000110000000000000000000000000000000000000000000000
 -14                     000000000000000000010000000000000000000000000000011111111111111111100000001100000000                                11000000011111111111111111100000000000000000000000000000110000000000000000000000000000000000000000000000
 -13                     000000000000000000010000000000000000000000000000011111111111111111100000001100000000                                11000000011111111111111111100000000000000000000000000000110000000000000000000000000000000000000000000000
 -12 00000000000000000000000000000000000000010000000000000000000000000000011111111111111111100000001100000000                                11000000011111111111111111100000000000000000000000000000110000000000000000000000000000000000000000000000
 -11 00000000000000000000000000000000000000010000000000000000000000000000011111111111111111100000001100000000                                11000000011111111111111111100000000000000000000000000000110000000000000000000000000000000000000000000000
 -10 00000000000000000000000000000000000000010000000000000000000000000000011111111111111111100000001100000000                                11000000011111111111111111100000000000000000000000000000110000000000000000000000000000000000000000000000
  -9 00000000000000000000000000000000000000010000000000000000000000000000011111111111111111100000001100000000                                11000000011111111111111111100000000000000000000000000000000000000000000000000000000000000000000000000000
  -8 00000000000000000000000000000000000000000000000000000000000000000000011111111111111111100000001100000000                                11000000011111111111111111100000000000000000000000000000000000000000000000000000000000000000000000000000
  -7 00000000000000000000000000000000000000000000000000000000000000000000011111111111111111100000001100000000                                11000000011111111111111111100000000000000000000000000000000000000000000000000000000000000000000000000000
  -6 00000000000000000000000000000000000000000000000000000000000000000000011111111111111111100000001100000000                                11000000011111111111111111100000000000000000000000000000000000000000000000000000000000000000000000000000
  -5 00000000000000000000000000000000000000000000000000000000000000000000011111111111111111100000001100000000                                11000000011111111111111111100000000000000000000000000000000000000000000000000000000000000000000000000000
  -4 00000000000000000000000000000000000000000000000000000000000000000000011111111111111111100000001100000000                                11000000011111111111111111100000000000000000000000000000000000000000000000000000000000000000000000000000
  -3 00000000000000000000000000000000000000000000000000000000000000000000011111111111111111100000001100000000                                11000000011111111111111111100000000000000000000000000000000000000000000000000000000000000000000000000000
  -2 00000000000000000000000000000000000000000000000000000000000000000000011111111111111111100000001100000000                                11000000011111111111111111100000000000000000000000000000000000000000000000000000000000000000000000000000
  -1 00000000000000000000000000000000000000000000000000000000000000000000011111111111111111100000001100000000                                11000000011111111111111111100000000000000000000000000000000000000000000000000000000000000000000000000000
   0 00000000000000000000000000000000000000000000000000000000000000000000011111111111111111100000001100000000                                11000000011111111111111111100000000000000000000000000000000000000000000000000000000000000000000000000000
   1 00000000000000000000000000000000000000000000000000000000000000000000011111111111111111100000001100000000                                11000000011111111111111111100000000000000000000000000000000000000000000000000000000000000000000000000000
   2 00000000000000000000000000000000000000000000000000000000000000000000011111111111111111100000001100000000                                11000000011111111111111111100000000000000000000000000000110000000000000000000000000000000000000000000000
   3 00000000000000000000000000000000000000010000000000000000000000000000011111111111111111100000001100000000                                11000000011111111111111111100000000000000000000000000000110000000000000000000000000000000000000000000000
   4 00000000000000000000000000000000000000010000000000000000000000000000011111111111111111100000001100000000                                11000000011111111111111111100000000000000000000000000000110000000000000000000000000000000000000000000000
   5 00000000000000000000000000000000000000010000000000000000000000000000011111111111111111100000001100000000                                11000000011111111111111111100000000000000000000000000000110000000000000000000000000000000000000000000000
   6 00000000000000000000000000000000000000010000000000000000000000000000011111111111111111100000001100000000                                11000000011111111111111111100000000000000000000000000000110000000000000000000000000000000000000000000000
   7 00000000000000000000000000000000000000010000000000000000000000000000011111111111111111100000001100000000                                11000000011111111111111111100000000000000000000000000000110000000000000000000000000000000000000000000000
   8 00000000000000000000000000000000000000010000000000000000000000000000011111111111111111100000001100000000                                11000000011111111111111111100000000000000000000000000000110000000000000000000000000000000000000000000000
   9 00000000000000000000000000000000000000010000000000000000000000000000011111111111111111100000001100000000                                11000000011111111111111111100000000000000000000000000000111111111110000000000000000000000000000000000000
  10 00000000000000000000000000000000000000010000000000000000000000000000011111111111111111100000001100000000                                11000000011111111111111111111111111111111111111111111111111111111110000000000000000000000000000000000000
  11 00000000000000000000000000000000000000011111111111111111111111111111111111111111111111100000001100000000                                11000000011111111111111111111111111111111111111111111111111111111110000000000000000000000000000000000000
  12 00000000000000000000000000000000000000011111111111111111111111111111111111111111111111100000001100000000                                110000000111111111111111111111111111111111111111111111111111111111100000000000000000                    
  13 00000000000000000000000000000111111111111111111111111111111111111111111111111111111111100000001100000000                                110000000111111111111111111111111111111111111111111111111111111111100000000000000000                    
  14 00000000000000000000000000000111111111111111111111111111111111111111111111111111111111100000001100000000                                110000000111111111111111111111111111111111111111111111111111111111100000000000000000                    
  15 00000000000000000000000000000111111111111111111111111111111111111111111111111111111111100000001100000000                                110000000111111111111111111111111111111111111111111111111111111111100000001100000000                    
  16                     000000000111111111111111111111111111111111111111111111111111111111100000001100000000                                110000000111111111111111111111111111111111111111111111111111111111100000001100000000                    
  17                     000000000111111100000000000000000000000000000000000000000000000000000000000000000000                                000000000000000000000000000000000000000000000000000000000000000000000000000000000000                    
  18                     000000000111111100000000000000000000000000000000000000000000000000000000000000000000                                000000000000000000000000000000000000000000000000000000000000000000000000000000000000                    
  19                     000000000111111100000000000000000000000000000000000000000000000000000000000000000000                                000000000000000000000000000000000000000000000000000000000000000000000000000000000000                    
  20                     000000000111111100000000000000000000000000000000000000000000000000000000000000000000                                000000000000000000000000000000000000000000000000000000000000000000000000000000000000                    
  21                     000000000111111100000000000000000000000000000000000000000000000000000000000000000000                                000000000000000000000000000000000000000000000000000000000000000000000000000000000000                    
  22                     000000000111111100000000000000000000000000000000000000000000000000000000000000000000                                000000000000000000000000000000000000000000000000000000000000000000000000000000000000                    
  23                     000000000000000000000000000000000000000000000000000000000000000000000000000000000000                                000000000000000000000000000000000000000000000000000000000000000000000000000000000000                    
  24                     000000000000000000000000000111111111111111111111111111111111111111100000001100000000                                110000000111111111111111111111111111111111111111111111111111111111100000001100000000                    
  25                     000000000000000000000000000111111111111111111111111111111111111111100000001100000000                                110000000111111111111111111111111111111111111111111111111111111111100000001100000000                    
  26                     000000000000000000000000000000000000000000000000000000000000000000000000000000000000                                000000000000000000000000000000000000000000000000000000000000000000000000000000000000                    
  27                     000000000000000000000000000000000000000000000000000000000000000000000000000000000000                                000000000000000000000000000000000000000000000000000000000000000000000000000000000000                    
  28                     000000000000000000000000000000000000000000000000000000000000000000000000000000000000                                000000000000000000000000000000000000000000000000000000000000000000000000000000000000                    
  29                     000000000000000000000000000000000000000000000000000000000000000000000000000000000000                                000000000000000000000000000000000000000000000000000000000000000000000000000000000000                    
  30                     000000000000000000000000000000000000000000000000000000000000000000000000000000000000                                000000000000000000000000000000000000000000000000000000000000000000000000000000000000                    
  31                     000000000000000000000000000000000000000000000000000000000000000000000000000000000000                                000000000000000000000000000000000000000000000000000000000000000000000000000000000000                    
  32                         00000000000000000000                                                                                                                                                                                                    
  33                         00000000000000000000                                                                                                                                                                                                    
  34                         00000000000000000000                                                                                                                                                                                                    
  35                         00000000000000000000                                                                                                                                                                                                    
  36                         00000000000000000000                                                                                                                                                                                                    
  37                         00000000000000000000                                                                                                                                                                                                    
  38                         00000000000000000000                                                                                                                                                                                                    
  39                         00000000000000000000                                                                                                                                                                                                    
  40                         00000000000000000000                                                                                                                                                                                                    
  41                         00000000000000000000                                                                                                                                                                                                    
  42                         00000000000000000000                                                                                                                                                                                                    
  43                         00000000000000000000                                                                                                                                                                                                    
  44                         00000000000000000000                                                                                                                                                                                                    
  45                         00000000000000000000                                                                                                                                                                                                    
  46                         00000000000000000000                                                                                                                                                                                                    
  47                         00000000000000000000                                                                                                                                                                                                    
  48                         00000000000000000000                                                                                                                                                                                                    
  49                         00000000000000000000                                                                                                                                                                                                    
  50                         00000000000000000000                                                                                                                                                                                                    
  51                         00000000000000000000                                                                                                                                                                                                    
  52                         00000000000000000000                                                                                                                                                                                                    
  53                         00000000000000000000                                                                                                                                                                                                    
  54                         00000000000000000000                                                                                                                                                                                                    
  55                         00000000000000000000                                                                                                                                                                                                    
  56                         00000000000000000000                                                                                                                                                                                                    
  57                         00000000000000000000                                                                                                                                                                                                    
  58                         00000000000000000000                                                                                                                                                                                                    
  59                         00000000000000000000                                                                                                                                                                                                    
  60                         00000000000000000000                                                                                                                                                                                                    
  61                         00000000000000000000                                                                                                                                                                                                    
  62                         00000000000000000000                                                                                                                                                                                                    
  63                         00000000000000000000                                                                                                                                                                                                    
  64                         00000000000000000000                                                                                                                                                                                                    
  65                         00000000000000000000                                                                                                                                                                                                    
  66                         00000000000000000000                                                                                                                                                                                                    
  67                         00000000000000000000                                                                                                                                                                                                    
  68                         00000000000000000000                                                                                                                                                                                                    
  69                         00000000000000000000                                                                                                                                                                                                    
  70                         00000000000000000000                                                                                                                                                                                                    
  71                         00000000000000000000                                                                                                                                                                                                    
seats 3193; refused 3827 DR-KEEP, 2780 DR-PASS, 1558 DR-SITE, 1429 OB19, 685 DR-CLAIM
