## tree
SEATS  tree, footprint 1x1, 3 blocks off a route  1 char = 1 block  x -84..83 across, z -105..104 down
KEY  1 the footprint seats with its minimum corner here  0 refused  space void
        -8        -7        -6        -5        -4        -3        -2        -1         0         1         2         3         4         5         6         7         8   
     432109876543210987654321098765432109876543210987654321098765432109876543210987654321012345678901234567890123456789012345678901234567890123456789012345678901234567890123
-105                                                      0000000                                                                                                            
-104                                                     00000000000                                                                                                         
-103                                                    00000000000000                                                          11111                                        
-102                                                   0000000000000000                                                        1111111                                       
-101                                                  0000000000000000000                                                     111000001                                      
-100                                     000000000000000000000000000000000000000000000000000000000000000000000000000000000000010000000000                                    
 -99                                     000001111110000000000000000000000011110000000000000000000000000000000000000000000000110100000001                                    
 -98                                     0000011111000000000000000000000000110000000000000000000000000000000000000000000000011000000000011                                   
 -97                                     00000111110000000000000000000000000000000000000000000000000000000000000000000000000110000000000011                                  
 -96                                     00000111100000000000000000000000000000000000000000000000000000000000000000000000000110000000010011                                  
 -95                                     0000011100000000000000000000000000000000000000000000000000000000000000000000000000000000000000011                                   
 -94                                     0000011000000000000000000000000000000000000000000000000000000000000000000000000000000000000000001                                   
 -93                                     0000010000000000000000000000000000000000000000000000000000000000000000000000000000000000000000001                                   
 -92                                     000000000000000000000000000000000000000000000000000000000000000000000000000000000000000000000001                                    
 -91                                     000000000000000000000000000000000000000000000000000000000000000000000000000000000000000000000001                                    
 -90                                     000000000000000000000000000000000000000000000000000000000000000000000000000000000000000000000011                                    
 -89                                     000000000000000000000000000000000000000000000000000000000000000000000000000000000000000000000010                                    
 -88                                     000000000000000000000000000000000000000000000000000000000000000000000000000000000000000000000000                                    
 -87                                     000000000000000000000000000000000000000000000000000000000000000000000000000000000000000000000000                                    
 -86                                     000000000000000000000000000000000000000000000000000000000000000000000000011000000000000000000000                                    
 -85                                     000000000000000000000000000000000000000000000000000000000000000000000000000000000000000000000000                                    
 -84                                     000000000000000000011111111111111000000000000000000000000000000000000000000000000000000000000000                                    
 -83                                     000000000000000000011100000000011000000000000000000000000000000000000000000000000000000000000000                                    
 -82                                     000000000000000000010000000000000000000000000000000000000000000000000000000000000000000000000000                                    
 -81                                     000000000000000000000011111111100000000000000000000000000000000000000000000000000000000000000000                                    
 -80                                     000000000000000000001111111111                                              00000000000000000000                                    
 -79                                     0000000000000000000001                                                      00000000000000000000                                    
 -78                                     00000000000000000000                                                        00000000000000000000                                    
 -77                                     00000000000000000010                                                        00000000000000000000                                    
 -76                                     00000000000000000000                                                        00000000000000000000                                    
 -75                                     00000000000000000000                                                        00000000000000000000                                    
 -74                                     00000000000000000000                                                        00000000000000000000                                    
 -73                                     00000000000000000000                                                        00000000000000000000                                    
 -72                                     00000000000000000000                                                        00000000000000000000                                    
 -71                                     00000000000000000000                                                        00000000000000000000                                    
 -70                                     00000000000000000000                                                        00000000000000000000                                    
 -69                                     00000000000000000000                                                        00000000000000000000                                    
 -68                                     00000000000000000000                                                        00000000000000000000                                    
 -67                                     00000000000000000000                                                        00000000000000000000                                    
 -66                                     00000000000000000000                                                        00000000000000000000                                    
 -65                                     00000000000000000000                                                        00000000000000000000                                    
 -64                                     00000000000000000000                                                        00000000000000000000                                    
 -63                                     00000000000000000000                                                        00000000000000000000                                    
 -62                                     00000000000000000000                                                        00000000000000000000                                    
 -61                                     00000000000000000000                                                        00000000000000000000                                    
 -60                                     00000000000000000000                                                        000000000000000000000                                   
 -59                                     00000000000000000000                                                        010000000000000000000                                   
 -58 00000000000000000000000000000000000000000000000000111000000000000000000000                    00000000000000000011000000001000000000000000000000000000000000000000000000
 -57 00000000000000000000000000000000000000000000000001111110111111111111000000                    00000000000000000111000000000000000000000000001111000000000000000000000000
 -56 00000000000000000000000000000000000000000000110001111111111111111111000000                    00000000000000000111000000000000000000000000001111000000000000000000000000
 -55 00000000000000000000000000000000000000000000100000111111111111111111000000                    00000000000000001111000000000000000000000000000000000000000000000000000000
 -54 00000000000000000000000000000000000000000000110101111111111111111111100000                    00000000000000001111000000000000000000000000000000000000000000000000000000
 -53 00000000000000000000000000000000000000000000111111111111111111111111100000                    00000000000000011111100000000000000000000000000000000000000000000000000000
 -52 00000000000000000000000000000000000000000000111111111111111111111111100000                    00000000000000011111100000000100000000000000000000000000000000000000000000
 -51 00000000000000000000000000000000000000000000111111111111111111111111100000                    00000000000000011110000000011100000000000000000000000000000000000000000000
 -50 00000000000000000000000000000000000000000000011111111111111111111111100000                    00000000000000111000000000111000000000000000000000000000000000000000000000
 -49 00000000000000000000000000000000000000000000011111111111111111111111110000                    00000000000000111010000000111000000000000000000000000000000000000000000000
 -48 00000000000000000000000000000000000000000000011111011011111111111111110000                    00000000000000110000000000111000000000000000000000000000000000000000000000
 -47 00000000000000000000000000000000000000000000011111000001111111111111110000                    00000000000000110000000000011000000000000000000000000000000000000000000000
 -46 00000000000000000000000000000000000000000000011100000011111111111111111100                    00000000000000110000000010011000000000000000000000000000000000000000000000
 -45 00000000000000000000000000000000000000000000011100000111111111111111111110                    00000000000000110000000000111000000000000000000000000000000000000000000000
 -44 00000000000000000000000000000000000000000000011111000111111111111111111110                    00000000000000110000000000011000000000000000000000000000000000000000000000
 -43 00000000000000000000000000000000000000000000001110000011100000000000000000                    00000000000000000000000000010000000000000000000000000000000000000000000000
 -42                                     000000000011110101111                                                       00000000100000000000                                    
 -41                                     00000000001111111110                                                        00000000000000000000                                    
 -40                                     00000000001111111110                                                        00000000000000000000                                    
 -39                                     00000000000111111110                                                        00000000000000000000                                    
 -38                                     00000000000111111110                                                        00000000000000000000                                    
 -37                                     00000000000111111110                                                        00000000000000000000                                    
 -36                                     00000000000110001110                                                        00000000000000000000                                    
 -35                                     00000000000110001110                                                        00000000000000000000                                    
 -34                                     00000000000110001110                                                        00000000000000000000                                    
 -33                                     00000000000111111110                                                        00000000000000000000                                    
 -32                                     00000000000111111110                                                        00000000000000000000                                    
 -31                                     00000000000000000000                                                        00000000000000000000                                    
 -30                                                                                                                                                                         
 -29                                                                                                                                                                         
 -28                                                                                                                                                                         
 -27                                                                                                                                                                         
 -26                                                                                                                                                                         
 -25                                                                                                                                                                         
 -24                                                                                                                                                                         
 -23                                                                                                                                                                         
 -22                                                                                                                                                                         
 -21                                                                                                                                                                         
 -20                                                                                                                                                                         
 -19                                                                                                                                                                         
 -18                                                                                                                                                                         
 -17                                                                                                                                                                         
 -16                                                                                                                                                                         
 -15                                                                                                                                                                         
 -14                                                                                                                                                                         
 -13                                                                                                                                                                         
 -12                                                                                                                                                                         
 -11                                                                                                                                                                         
 -10                                         0000000000000000000000000000000000                    0000000000000000000000000000000000                                        
  -9                                         0000000000000000000000000000000000                    0000000000000000000000000000000010                                        
  -8                                         0000000000000000000000000000000000                    0000000000000000000000000000000010                                        
  -7                                         0000000000000000000000000000000000                    0000000000000000000000000000000110                                        
  -6                                         0000000000000000000000000000000000                    0000000000000000000000000000000110                                        
  -5                                         0000000000000000000000000000000000                    0000000000000000000000000000000110                                        
  -4                                         0000000000000000000000000000000000                    0000000000000000000000000000000110                                        
  -3                                         0011000000000000000000000000000000                    0000000000000000000000000000001110                                        
  -2                                         0111111110000000000000000000000000                    0000000000000000000000000000000000                                        
  -1                                         0111111111100000000000000000000000                    0000000000000000000000000000000000                                        
   0                                         0000000000000000000000000000000000                    0000000000000000000000011111111110                                        
   1                                         0000000000000000000000000000000000                    0000000000000000000000000111111110                                        
   2                                         0111000000000000000000000000000000                    0000000000000000000000000000001100                                        
   3                                         0110000000000000000000000000000000                    0000000000000000000000000000000000                                        
   4                                         0110000000000000000000000000000000                    0000000000000000000000000000000000                                        
   5                                         0110000000000000000000000000000000                    0000000000000000000000000000000000                                        
   6                                         0110000000000000000000000000000000                    0000000000000000000000000000000000                                        
   7                                         0100000000000000000000000000000000                    0000000000000000000000000000000000                                        
   8                                         0100000000000000000000000000000000                    0000000000000000000000000000000000                                        
   9                                         0000000000000000000000000000000000                    0000000000000000000000000000000000                                        
  10                                                                                                                                                                         
  11                                                                                                                                                                         
  12                                                                                                                                                                         
  13                                                                                                                                                                         
  14                                                                                                                                                                         
  15                                                                                                                                                                         
  16                                                                                                                                                                         
  17                                                                                                                                                                         
  18                                                                                                                                                                         
  19                                                                                                                                                                         
  20                                                                                                                                                                         
  21                                                                                                                                                                         
  22                                                                                                                                                                         
  23                                                                                                                                                                         
  24                                                                                                                                                                         
  25                                                                                                                                                                         
  26                                                                                                                                                                         
  27                                                                                                                                                                         
  28                                                                                                                                                                         
  29                                                                                                                                                                         
  30                                     00000000000000000000                                                        00000000000000000000                                    
  31                                     00000000000000000000                                                        01111111100000000000                                    
  32                                     00000000000000000000                                                        01111111100000000000                                    
  33                                     00000000000000000000                                                        01110001100000000000                                    
  34                                     00000000000000000000                                                        01110001100000000000                                    
  35                                     00000000000000000000                                                        01110001100000000000                                    
  36                                     00000000000000000000                                                        01111111100000000000                                    
  37                                     00000000000000000000                                                        01111111100000000000                                    
  38                                     00000000000000000000                                                        01111111100000000000                                    
  39                                     00000000000000000000                                                        01111111110000000000                                    
  40                                     00000000000000000000                                                        01111111110000000000                                    
  41                                     00000000000100000000                                                       111101011110000000000                                    
  42 00000000000000000000000000000000000000000000001000000000000000000000000000                    00000000000000000111000001110000000000000000000000000000000000000000000000
  43 00000000000000000000000000000000000000000000011000000000001100000000000000                    01111111111111111111100011111000000000000000000000000000000000000000000000
  44 00000000000000000000000000000000000000000000011100000000001100000000000000                    01111111111111111111100000111000000000000000000000000000000000000000000000
  45 00000000000000000000000000000000000000000000011001000000001100000000000000                    00111111111111111111000000111000000000000000000000000000000000000000000000
  46 00000000000000000000000000000000000000000000011000000000001100000000000000                    00001111111111111110000011111000000000000000000000000000000000000000000000
  47 00000000000000000000000000000000000000000000011100000000001100000000000000                    00001111111111111111011011111000000000000000000000000000000000000000000000
  48 00000000000000000000000000000000000000000000011100000001011100000000000000                    00001111111111111111111111111000000000000000000000000000000000000000000000
  49 00000000000000000000000000000000000000000000011100000000011100000000000000                    00000111111111111111111111111000000000000000000000000000000000000000000000
  50 00000000000000000000000000000000000000000000111000000001111000000000000000                    00000111111111111111111111111100000000000000000000000000000000000000000000
  51 00000000000000000000000000000000000000000000100000000111111000000000000000                    00000111111111111111111111111100000000000000000000000000000000000000000000
  52 00000000000000000000000000000000000000000000000000000111111000000000000000                    00000111111111111111111111111100000000000000000000000000000000000000000000
  53 00000000000000000000000000000000000000000000000000000011110000000000000000                    00000111111111111111111110101100000000000000000000000000000000000000000000
  54 00000000000000000000000000000000000000000000000000000011110000000000000000                    00000011111111111111111100000100000000000000000000000000000000000000000000
  55 00000000000000000000000001110000000000000000000000000011100000000000000000                    00000011111111111111111110001100000000000000000000000000000000000000000000
  56 00000000000000000000000001111000000000000000000000000011100000000000000000                    00000011111111111101111110000000000000000000000000000000000000000000000000
  57 00000000000000000000000000000000000000000000010000000011000000000000000000                    00000000000000000000011100000000000000000000000000000000000000000000000000
  58                                    000000000000000000010                                                        00000000000000000000                                    
  59                                    000000000000000000000                                                        00000000000000000000                                    
  60                                     00000000000000000000                                                        00000000000000000000                                    
  61                                     00000000000000000000                                                        00000000000000000000                                    
  62                                     00000000000000000000                                                        00000000000000000000                                    
  63                                     00000000000000000000                                                        00000000000000000000                                    
  64                                     00000000000000000000                                                        00000000000000000000                                    
  65                                     00000000000000000000                                                        00000000000000000000                                    
  66                                     00000000000000000000                                                        00000000000000000000                                    
  67                                     00000000000000000000                                                        00000000000000000000                                    
  68                                     00000000000000000000                                                        00000000000000000000                                    
  69                                     00000000000000000000                                                        00000000000000000000                                    
  70                                     00000000000000000000                                                        00000000000000000000                                    
  71                                     00000000000000000000                                                        00000000000000000000                                    
  72                                     00000000000000000000                                                        00000000000000000000                                    
  73                                     00000000000000000000                                                        00000000000000000000                                    
  74                                     00000000000000000000                                                        00000000000000000000                                    
  75                                     00000000000000000000                                                        00000000000000000000                                    
  76                                     00000000000000000000                                                        01000000000000000000                                    
  77                                     00000000000000000000                                                        00000000000000000000                                    
  78                                     00000000000000000000                                                      1000000000000000000000                                    
  79                                     00000000000000000000                                              111111111100000000000000000000                                    
  80                                     000000000000000000000000000000000000000000000000000000000000000001111111110000000000000000000000                                    
  81                                     000000000000000000000000000000000000000000000000000000000000000000000000000010000000000000000000                                    
  82                                     000000000000000000000000000000000000000000000000000000000000000110000000001110000000000000000000                                    
  83                                     000000000000000000000000000000000000000000000000000000000000000111111111111110000000000000000000                                    
  84                                     000000000000000000000000000000000000000000000000000000000000000000000000000000000000000000000000                                    
  85                                     000000000000000000000110000000000000000000000000000000000000000000000000000000000000000000000000                                    
  86                                     000000000000000000000111111111110000000000000000000000000000000000000000000000000000000000000000                                    
  87                                     000000000000000000000000000000000000000000000000000000000000000000000000000000000000000000000000                                    
  88                                     010000000000000000000000000000000000000000000000000000000000000000000000000000000000000000000000                                    
  89                                     110000000000000000000000000000000000000000000000000000000000000000000000000000000000000000000000                                    
  90                                     100000000000000000000000000000000000000000000000000000000000000000000000000000000000000000000000                                    
  91                                     100000000000000000000000000000000000000000000000000000000000000000000000000000000000000000000000                                    
  92                                    1000000000000000000000000000000000000000000000000000000000000000000000000000000000000000000100000                                    
  93                                    1000000000000000000000000000000000000000000000000000000000000000000000000000000000000000001100000                                    
  94                                    1100000000000000000000000000000000000000000000000000000000000000000000000000000000000000011100000                                    
  95                                   11001000000001100000000000000000000000000000000000000000000000000000000000000000000000000111100000                                    
  96                                   11000000000001100000000000000000000000000000000000000000000000000000000000000000000000001111100000                                    
  97                                    1100000000001100000000000000000000000000000000000000000000000110000000000000000000000001111100000                                    
  98                                     100000001011000000000000000000000000000000000000000000000001110000000000000000000000011111100000                                    
  99                                     000000000010000000000000000000000000000000000000000000000000000000000000000000000000000000000000                                    
 100                                       100000111                                                     0000000000000000000                                                 
 101                                        1111111                                                        0000000000000000                                                  
 102                                         11111                                                          00000000000000                                                   
 103                                                                                                          00000000000                                                    
 104                                                                                                             0000000                                                     
seats 1295; refused 4392 DR-ROOT, 3309 DR-KEEP, 2631 DR-CLAIM, 1251 DR-ROAD

## boulder
SEATS  boulder, footprint 1x1, 2 blocks off a route  1 char = 1 block  x -84..83 across, z -105..104 down
KEY  1 the footprint seats with its minimum corner here  0 refused  space void
        -8        -7        -6        -5        -4        -3        -2        -1         0         1         2         3         4         5         6         7         8   
     432109876543210987654321098765432109876543210987654321098765432109876543210987654321012345678901234567890123456789012345678901234567890123456789012345678901234567890123
-105                                                      1111111                                                                                                            
-104                                                     11111111111                                                                                                         
-103                                                    11111111111111                                                          11111                                        
-102                                                   1111111111111111                                                        1111111                                       
-101                                                  1111111111111111111                                                     111111111                                      
-100                                     111111111111111111111111111111111111110000000000000000000000000111111111111111111111111111111111                                    
 -99                                     111111111111111111111111111111111111110000000000000000000000000000000000000001111111111111111111                                    
 -98                                     1111111111111111111111111111111111111100000000000000000000000000000000000000011111111111111111111                                   
 -97                                     11111111111111111111111111111111111111000000000000000000000000000000000000000111111111111111111111                                  
 -96                                     11111111111111111100000000000011111111000000000000000000000000000000000000000011111111111111111111                                  
 -95                                     1111111111111100000000000000000000001100000000000000000000000000000000000000000000111111111111111                                   
 -94                                     1111111111100000000000000000000000000000000000000000000000000000000000000000000000000111111111111                                   
 -93                                     1111111110000000000000000000000000000000000000000000000000000000000000000000000000000001111111111                                   
 -92                                     111111100000000000000000000000000000000000000000000000000000000000000000000000000000000001111111                                    
 -91                                     111111000000000000000000000000000000000000000000000000000000000000000000000000000000000000111111                                    
 -90                                     111110000000000000001111111100000000000000000000000000000000000000000000000000000000000000011111                                    
 -89                                     111100000000000001111111111111111000000000000000000000000000000000000000000001100000000000001111                                    
 -88                                     111000000000001111111111111111111111100000000000000000000000000000000000000001111100000000000111                                    
 -87                                     110000000000111111111111111111111111110000000000000000000000000000000000000001111111000000000011                                    
 -86                                     110000000001111111111111111111111111110000000000000000000000000111111111111111111111100000000011                                    
 -85                                     100000000111111111111111111111111111110000000000000000000000000111111111111111111111111000000001                                    
 -84                                     100000001111111111111111111111111111110000000000000000000000000111111111111111111111111100000001                                    
 -83                                     100000001111111111111100000000011111110000000000000000000000000110000000001111111111111100000001                                    
 -82                                     100000011111111111110000000000000011110000000000000000000000000000000000000011111111111110000001                                    
 -81                                     100000011111111111110011111111100011110000000000000000000000000001111111110011111111111110000001                                    
 -80                                     100000011111111111111111111111                                              11111111111100000001                                    
 -79                                     0000000110111111111111                                                      11111111111100000000                                    
 -78                                     00000001000111111111                                                        11111111111100000000                                    
 -77                                     00000011000011111111                                                        11111111111100000000                                    
 -76                                     00000011000111111111                                                        00011111111100000000                                    
 -75                                     00000011111111111111                                                        00011111111110000000                                    
 -74                                     00000011111111111111                                                        00011111111111000000                                    
 -73                                     00000011111000000111                                                        10111111111111000000                                    
 -72                                     00000011100000000000                                                        11111111000111000000                                    
 -71                                     00000011000000000000                                                        11111111000111000000                                    
 -70                                     00000011000000000000                                                        11111111000111000000                                    
 -69                                     00000011000000000000                                                        11111111101111000000                                    
 -68                                     00000011000000000000                                                        11111111111111000000                                    
 -67                                     00000011000000000000                                                        11111111111111000000                                    
 -66                                     00000011100000000000                                                        11111111111111000000                                    
 -65                                     00000011100000000000                                                        11111111111111000000                                    
 -64                                     00000011100000000000                                                        11111111111111000000                                    
 -63                                     00000011111111111111                                                        11111111111111000000                                    
 -62                                     00000011111111111111                                                        11111111111111000000                                    
 -61                                     00000011111111111111                                                        11111111111111000000                                    
 -60                                     00000011111111111111                                                        111111111111110000000                                   
 -59                                     00000011111111111111                                                        111111111111110000000                                   
 -58 00000000000000000001111111111000000000000011111111111111111111111111111111                    11111111111111111111111111111111000000000000001111111111000000000000000000
 -57 00000000000000000001111111111000000000000001111111111111111111111111111111                    11111111111111111111111111111110000000000000001111111111000000000000000000
 -56 00000000000000000000000001111000000000000001111111111111111111111111111111                    11111111111111111111111111111110000000000000001111000000000000000000000000
 -55 00000000000000000000000001111000000000000001111111111111111111111111111111                    11111111111111111111111111111110000000000000001111000000000000000000000000
 -54 00000000000000000000000001111000000000000001111111111111111111111111111111                    11111111111111111111111111111110000000000000001111000000000000000000000000
 -53 00000000000000000000000001111000000000000001111111111111111111111111111111                    11111111111111111111111111111110000000000000001111000000000000000000000000
 -52 00000000000000000000000001111000000000000001111111111111111111111111111111                    11111111111111111111111111111110000000000000001111000000000000000000000000
 -51 00000000000000000000000001111000000000000001111111111111111111111111111111                    11111111111111111111111111111110000000000000001111000000000000000000000000
 -50 00000000000000000000000001111000000000000001111111111111111111111111111111                    11111111111111111111111111111110000000000000001111000000000000000000000000
 -49 00000000000000000000000001111000000010000000111111111111111111111111111111                    11111111111111111111111111111100000000000000001111000000000000000000000000
 -48 00000000000000000000000001111000000010000000111111111111111111111111111111                    11111111111111111111111111111100000000000000001111000000000000000000000000
 -47 00000000000000000000000001111000000010000000111111111111111111111111111111                    11111111111111111111111111111100000000000000001111000000000000000000000000
 -46 00000000000000000000000001111000000011000000111111111111111111111111111111                    11111111111111111111111111111100000000000000001111000000000000000000000000
 -45 00000000000000000000000001111000000011000000111111111111111111111111111111                    11111111111111111111111111111100000000000000001111000000000000000000000000
 -44 00000000000000000000000001111000000011000000111111111111111111111111111111                    11111111111111111111111111111100000000000000001111000000000000000000000000
 -43 00000000000000000001111111111000000011000000111111111111111111111111111111                    11111111111111111111111111111100000000000000001111111111000000000000000000
 -42                                     110000000111111111111                                                       11111111111000000000                                    
 -41                                     11000000011111111111                                                        11111111111000000000                                    
 -40                                     11100000011111111111                                                        11111111111000000111                                    
 -39                                     11100000011111111111                                                        11111111111000000111                                    
 -38                                     11100000001111111111                                                        11111111110000000111                                    
 -37                                     11100000001111111111                                                        11111111110000000111                                    
 -36                                     11100000001110001111                                                        11100011110000000111                                    
 -35                                     11110000001110001111                                                        11100011110000001111                                    
 -34                                     11110000001110001111                                                        11100011110000001111                                    
 -33                                     11110000001111111111                                                        11111111110000001111                                    
 -32                                     11111000011111111111                                                        11111111111000011111                                    
 -31                                     11111111111111111111                                                        11111111111111111111                                    
 -30                                                                                                                                                                         
 -29                                                                                                                                                                         
 -28                                                                                                                                                                         
 -27                                                                                                                                                                         
 -26                                                                                                                                                                         
 -25                                                                                                                                                                         
 -24                                                                                                                                                                         
 -23                                                                                                                                                                         
 -22                                                                                                                                                                         
 -21                                                                                                                                                                         
 -20                                                                                                                                                                         
 -19                                                                                                                                                                         
 -18                                                                                                                                                                         
 -17                                                                                                                                                                         
 -16                                                                                                                                                                         
 -15                                                                                                                                                                         
 -14                                                                                                                                                                         
 -13                                                                                                                                                                         
 -12                                                                                                                                                                         
 -11                                                                                                                                                                         
 -10                                         1111111111111111111111111111111111                    1111111111111111111111111111111111                                        
  -9                                         1111111111111111111111111111111111                    1111111111111111111111111111111111                                        
  -8                                         1111111111111111111111111111111111                    1111111111111111111111111111111111                                        
  -7                                         1111111111111111111111111111111111                    1111111111111111111111111111111111                                        
  -6                                         1111111111111111111111111111111111                    1111111111111111111111111111111111                                        
  -5                                         1111111111111111111111111111111111                    1111111111111111111111111111111111                                        
  -4                                         1111111111111111111111111111111111                    1111111111111111111111111111111111                                        
  -3                                         1111111111111111111111111111111111                    1111111111111111111111111111111111                                        
  -2                                         1111111111111111111111111111111111                    1111111111111111111111111111111111                                        
  -1                                         1111111111111111111111111111111111                    1111111111111111111111111111111111                                        
   0                                         1111111111111111111111111111111111                    1111111111111111111111111111111111                                        
   1                                         1111111111111111111111111111111111                    1111111111111111111111111111111111                                        
   2                                         1111111111111111111111111111111111                    1111111111111111111111111111111111                                        
   3                                         1111111111111111111111111111111111                    1111111111111111111111111111111111                                        
   4                                         1111111111111111111111111111111111                    1111111111111111111111111111111111                                        
   5                                         1111111111111111111111111111111111                    1111111111111111111111111111111111                                        
   6                                         1111111111111111111111111111111111                    1111111111111111111111111111111111                                        
   7                                         1111111111111111111111111111111111                    1111111111111111111111111111111111                                        
   8                                         1111111111111111111111111111111111                    1111111111111111111111111111111111                                        
   9                                         1111111111111111111111111111111111                    1111111111111111111111111111111111                                        
  10                                                                                                                                                                         
  11                                                                                                                                                                         
  12                                                                                                                                                                         
  13                                                                                                                                                                         
  14                                                                                                                                                                         
  15                                                                                                                                                                         
  16                                                                                                                                                                         
  17                                                                                                                                                                         
  18                                                                                                                                                                         
  19                                                                                                                                                                         
  20                                                                                                                                                                         
  21                                                                                                                                                                         
  22                                                                                                                                                                         
  23                                                                                                                                                                         
  24                                                                                                                                                                         
  25                                                                                                                                                                         
  26                                                                                                                                                                         
  27                                                                                                                                                                         
  28                                                                                                                                                                         
  29                                                                                                                                                                         
  30                                     11111111111111111111                                                        11111111111111111111                                    
  31                                     11111000011111111111                                                        11111111111000011111                                    
  32                                     11110000001111111111                                                        11111111110000001111                                    
  33                                     11110000001111000111                                                        11110001110000001111                                    
  34                                     11110000001111000111                                                        11110001110000001111                                    
  35                                     11100000001111000111                                                        11110001110000000111                                    
  36                                     11100000001111111111                                                        11111111110000000111                                    
  37                                     11100000001111111111                                                        11111111110000000111                                    
  38                                     11100000011111111111                                                        11111111111000000111                                    
  39                                     11100000011111111111                                                        11111111111000000111                                    
  40                                     00000000011111111111                                                        11111111111000000011                                    
  41                                     00000000011111111111                                                       111111111111000000011                                    
  42 00000000000000000001111111111000000000000000111111111111111111111111111111                    11111111111111111111111111111100000011100000001111111111000000000000000000
  43 00000000000000000001111111111000000000000000111111111111111111111111111111                    11111111111111111111111111111100000011100000001111111111000000000000000000
  44 00000000000000000000000001111000000000000000111111111111111111111111111111                    11111111111111111111111111111100000011100000001111000000000000000000000000
  45 00000000000000000000000001111000000000000000111111111111111111111111111111                    11111111111111111111111111111100000011100000001111000000000000000000000000
  46 00000000000000000000000001111000000000000000111111111111111111111111111111                    11111111111111111111111111111100000001100000001111000000000000000000000000
  47 00000000000000000000000001111000000000000000111111111111111111111111111111                    11111111111111111111111111111100000001000000001111000000000000000000000000
  48 00000000000000000000000001111000000000000000111111111111111111111111111111                    11111111111111111111111111111100000000000000001111000000000000000000000000
  49 00000000000000000000000001111000000000000001111111111111111111111111111111                    11111111111111111111111111111110000000000000001111000000000000000000000000
  50 00000000000000000000000001111000000000000001111111111111111111111111111111                    11111111111111111111111111111110000000000000001111000000000000000000000000
  51 00000000000000000000000001111000000000000001111111111111111111111111111111                    11111111111111111111111111111110000000000000001111000000000000000000000000
  52 00000000000000000000000001111000000000000001111111111111111111111111111111                    11111111111111111111111111111110000000000000001111000000000000000000000000
  53 00000000000000000000000001111000000000000001111111111111111111111111111111                    11111111111111111111111111111110000000000000001111000000000000000000000000
  54 00000000000000000000000001111000000000000001111111111111111111111111111111                    11111111111111111111111111111110000000000000001111000000000000000000000000
  55 00000000000000000000000001111000000000000001111111111111111111111111111111                    11111111111111111111111111111110000000000000001111000000000000000000000000
  56 00000000000000000000000001111000000000000001111111111111111111111111111111                    11111111111111111111111111111110000000000000001111000000000000000000000000
  57 00000000000000000001111111111000000000000011111111111111111111111111111111                    11111111111111111111111111111111000000000000001111111111000000000000000000
  58                                    000000011111111111111                                                        11111111111111000000                                    
  59                                    000000011111111111111                                                        11111111111111000000                                    
  60                                     00000011111111111111                                                        11111111111111000000                                    
  61                                     00000011111111111111                                                        11111111111111000000                                    
  62                                     00000011111111111111                                                        11111111111111000000                                    
  63                                     00000011111111111111                                                        00000000000111000000                                    
  64                                     00000011111111111111                                                        00000000000111000000                                    
  65                                     00000011111111111111                                                        00000000000111000000                                    
  66                                     00000011111111111111                                                        00000000000111000000                                    
  67                                     00000011111111111111                                                        00000000000111000000                                    
  68                                     00000011110111111111                                                        00000000000111000000                                    
  69                                     00000011100011111111                                                        00000000000111000000                                    
  70                                     00000011100011111111                                                        00000000000111000000                                    
  71                                     00000011100011111111                                                        00000000000111000000                                    
  72                                     00000011111111111101                                                        11000000111111000000                                    
  73                                     00000011111111111000                                                        11111111111111000000                                    
  74                                     00000001111111111000                                                        11111111111111000000                                    
  75                                     00000000111111111000                                                        11111111100011000000                                    
  76                                     00000000111111111111                                                        11111111000011000000                                    
  77                                     00000000111111111111                                                        11111111100010000000                                    
  78                                     00000000111111111111                                                      1111111111110110000000                                    
  79                                     10000000111111111111                                              111111111111111111111110000001                                    
  80                                     100000011111111111110011111111100000000000000000000000000001110001111111110011111111111110000001                                    
  81                                     100000011111111111110000000000000000000000000000000000000001110000000000000011111111111110000001                                    
  82                                     100000001111111111111100000000011100000000000000000000000001111110000000001111111111111100000001                                    
  83                                     100000001111111111111111111111111100000000000000000000000001111111111111111111111111111100000001                                    
  84                                     100000000111111111111111111111111100000000000000000000000001111111111111111111111111111000000001                                    
  85                                     110000000001111111111111111111111100000000000000000000000001111111111111111111111111100000000011                                    
  86                                     110000000000111111111111111111111100000000000000000000000001111111111111111111111111000000000011                                    
  87                                     111000000000001111110000000000000000000000000000000000000001111111111111111111111100000000000111                                    
  88                                     111100000000000001110000000000000000000000000000000000000000000111111111111111100000000000001111                                    
  89                                     111110000000000000000000000000000000000000000000000000000000000000001111111100000000000000011111                                    
  90                                     111111000000000000000000000000000000000000000000000000000000000000000000000000000000000000111111                                    
  91                                     111111100000000000000000000000000000000000000000000000000000000000000000000000000000000001111111                                    
  92                                    1111111111000000000000000000000000000000000000000000000000000000000000000000000000000000111111111                                    
  93                                    1111111111110000000000000000000000000000000000000000000000000000000000000000000000000011111111111                                    
  94                                    1111111111111110000000000000000000000000000000000000000000001000000000000000000000011111111111111                                    
  95                                   11111111111111111111000000000000000000000000000000000000000001111111000000000000111111111111111111                                    
  96                                   11111111111111111111110000000000000000000000000000000000000001111111111111111111111111111111111111                                    
  97                                    1111111111111111111110000000000000000000000000000000000000001111111111111111111111111111111111111                                    
  98                                     111111111111111111110000000000000000000000000000000000000001111111111111111111111111111111111111                                    
  99                                     111111111111111111110000000000000000000000000000000000000001111111111111111111111111111111111111                                    
 100                                       111111111                                                     1111111111111111111                                                 
 101                                        1111111                                                        1111111111111111                                                  
 102                                         11111                                                          11111111111111                                                   
 103                                                                                                          11111111111                                                    
 104                                                                                                             1111111                                                     
seats 7027; refused 3309 DR-KEEP, 1849 DR-CLAIM, 693 DR-ROAD

## house
SEATS  house, footprint 9x7, no route standoff  1 char = 1 block  x -84..83 across, z -105..104 down
KEY  1 the footprint seats with its minimum corner here  0 refused  space void
        -8        -7        -6        -5        -4        -3        -2        -1         0         1         2         3         4         5         6         7         8   
     432109876543210987654321098765432109876543210987654321098765432109876543210987654321012345678901234567890123456789012345678901234567890123456789012345678901234567890123
-105                                                      0000000                                                                                                            
-104                                                     00000000000                                                                                                         
-103                                                    00000000000000                                                          00000                                        
-102                                                   0000000000000000                                                        0000000                                       
-101                                                  0000000000000000000                                                     000000000                                      
-100                                     110000000000000000000000000000000000000000000000000000000000000000000000000000000000000000000000                                    
 -99                                     110000000000000000000000000000000000000000000000000000000000000000000000000000000000000000000000                                    
 -98                                     0000000000000000000000000000000000000000000000000000000000000000000000000000000000000000000000000                                   
 -97                                     00000000000000000000000000000000000000000000000000000000000000000000000000000000000000000000000000                                  
 -96                                     00000000000000000000000000000000000000000000000000000000000000000000000000000000000000000000000000                                  
 -95                                     0000000000000000000000000000000000000000000000000000000000000000000000000000000000000000000000000                                   
 -94                                     0000000000000000000000000000000000000000000000000000000000000000000000000000000000000000000000000                                   
 -93                                     0000000000000000000000000000000000000000000000000000000000000000000000000000000000000000000000000                                   
 -92                                     000000000000000000000000000000000000000000000000000000000000000000000000000000000000000000000000                                    
 -91                                     000000000000000000000000000000000000000000000000000000000000000000000000000000000000000000000000                                    
 -90                                     000000000000000000000000000000000000000000000000000000000000000000000000000000000000000000000000                                    
 -89                                     000000000000000000000000000000000000000000000000000000000000000000000000000000000000000000000000                                    
 -88                                     000000000000000000000000000000000000000000000000000000000000000000000000000000000000000000000000                                    
 -87                                     000000000000000000000000000000000000000000000000000000000000000000000000000001000000000000000000                                    
 -86                                     000000000000000000000000000000000000000000000000000000000000000000000000000000000000000000000000                                    
 -85                                     000000000000000000000000000000000000000000000000000000000000000000000000000000000000000000000000                                    
 -84                                     000000000000000000000000000000000000000000000000000000000000000000000000000000000000000000000000                                    
 -83                                     000000000000000000000000000000000000000000000000000000000000000000000000000000000000000000000000                                    
 -82                                     000000000000000000000000000000000000000000000000000000000000000000000000000000000000000000000000                                    
 -81                                     000000000000000000000000000000000000000000000000000000000000000000000000000000000000000000000000                                    
 -80                                     000000000000000000000000000000                                              11000000000000000000                                    
 -79                                     0000000000000000000000                                                      11000000000000000000                                    
 -78                                     00000000000000000000                                                        11000000000000000000                                    
 -77                                     00000000000000000000                                                        11000000000000000000                                    
 -76                                     00000000000000000000                                                        11000000000000000000                                    
 -75                                     00000000000000000000                                                        11000000000000000000                                    
 -74                                     00000000000000000000                                                        11000000000000000000                                    
 -73                                     00000000000000000000                                                        11000000000000000000                                    
 -72                                     00000000000000000000                                                        11000000000000000000                                    
 -71                                     00000000000000000000                                                        11000000000000000000                                    
 -70                                     00000000000000000000                                                        11000000000000000000                                    
 -69                                     00000000000000000000                                                        11000000000000000000                                    
 -68                                     00000000000000000000                                                        11000000000000000000                                    
 -67                                     00000000000000000000                                                        11000000000000000000                                    
 -66                                     00000000000000000000                                                        11000000000000000000                                    
 -65                                     00000000000000000000                                                        11000000000000000000                                    
 -64                                     00000000000000000000                                                        00000000000000000000                                    
 -63                                     00000000000000000000                                                        00000000000000000000                                    
 -62                                     00000000000000000000                                                        00000000000000000000                                    
 -61                                     00000000000000000000                                                        00000000000000000000                                    
 -60                                     00000000000000000000                                                        000000000000000000000                                   
 -59                                     00000000000000000000                                                        000000000000000000000                                   
 -58 00000000000000000000000000000000000000000000000000000000000000000000000000                    11000000010000000011111100000000000000000000000000000000000000000000000000
 -57 00000000000000000000000000000000000000000000000000000000000000000000000000                    00000000000000000011111100000000000000000000000000000000000000000000000000
 -56 00000000000000000000000000000000000000000000000000000000000000000000000000                    00000000000000000011111100000000000000000000000000000000000000000000000000
 -55 00000000000000000000000000000000000000000000000000000000000000000000000000                    00000000000000000011111100000000000000000000000000000000000000000000000000
 -54 00000000000000000000000000000000000000000000000000000000000000000000000000                    00000000000000000011111000000000000000000000000000000000000000000000000000
 -53 00000000000000000000000000000000000000000001111100000000000000000000000000                    00000000000000000011111000000000000000000000000000000000000000000000000000
 -52 00000000000000000000000000000000000000000001111100000000000000000000000000                    00000000000000000011111000000000000000000000000000000000000000000000000000
 -51 00000000000000000000000000000000000000000001111100000000000000000000000000                    00000000000000000011111000000000000000000000000000000000000000000000000000
 -50 00000000000000000000000000000000000000000001111100000000000000000000000000                    00000000000000000011111000000000000000000000000000000000000000000000000000
 -49 00000000000000000000000000000000000000000001111100000000100000001100000000                    11000000010000000011111000000000000000000000000000000000000000000000000000
 -48 00000000000000000000000000000000000000000000000000000000000000000000000000                    00000000000000000000000000000000000000000000000000000000000000000000000000
 -47 00000000000000000000000000000000000000000000000000000000000000000000000000                    00000000000000000000000000000000000000000000000000000000000000000000000000
 -46 00000000000000000000000000000000000000000000000000000000000000000000000000                    00000000000000000000000000000000000000000000000000000000000000000000000000
 -45 00000000000000000000000000000000000000000000000000000000000000000000000000                    00000000000000000000000000000000000000000000000000000000000000000000000000
 -44 00000000000000000000000000000000000000000000000000000000000000000000000000                    00000000000000000000000000000000000000000000000000000000000000000000000000
 -43 00000000000000000000000000000000000000000000000000000000000000000000000000                    00000000000000000000000000000000000000000000000000000000000000000000000000
 -42                                     000000000000000000000                                                       00000000000000000000                                    
 -41                                     00000000000000000000                                                        00000000000000000000                                    
 -40                                     00000000000000000000                                                        00000000000000000000                                    
 -39                                     00000000000000000000                                                        00000000000000000000                                    
 -38                                     00000000001100000000                                                        11000000000000000000                                    
 -37                                     00000000001100000000                                                        11000000000000000000                                    
 -36                                     00000000000000000000                                                        00000000000000000000                                    
 -35                                     00000000000000000000                                                        00000000000000000000                                    
 -34                                     00000000000000000000                                                        00000000000000000000                                    
 -33                                     00000000000000000000                                                        00000000000000000000                                    
 -32                                     00000000000000000000                                                        00000000000000000000                                    
 -31                                     00000000000000000000                                                        00000000000000000000                                    
 -30                                                                                                                                                                         
 -29                                                                                                                                                                         
 -28                                                                                                                                                                         
 -27                                                                                                                                                                         
 -26                                                                                                                                                                         
 -25                                                                                                                                                                         
 -24                                                                                                                                                                         
 -23                                                                                                                                                                         
 -22                                                                                                                                                                         
 -21                                                                                                                                                                         
 -20                                                                                                                                                                         
 -19                                                                                                                                                                         
 -18                                                                                                                                                                         
 -17                                                                                                                                                                         
 -16                                                                                                                                                                         
 -15                                                                                                                                                                         
 -14                                                                                                                                                                         
 -13                                                                                                                                                                         
 -12                                                                                                                                                                         
 -11                                                                                                                                                                         
 -10                                         1100000001111111100000001100000000                    1100000001111111100000001100000000                                        
  -9                                         1100000001111111100000001100000000                    1100000001111111100000001100000000                                        
  -8                                         0000000000000000000000000000000000                    0000000000000000000000000000000000                                        
  -7                                         0000000000000000000000000000000000                    0000000000000000000000000000000000                                        
  -6                                         0000000000000000000000000000000000                    0000000000000000000000000000000000                                        
  -5                                         0000000000000000000000000000000000                    0000000000000000000000000000000000                                        
  -4                                         0000000000000000000000000000000000                    0000000000000000000000000000000000                                        
  -3                                         0000000000000000000000000000000000                    0000000000000000000000000000000000                                        
  -2                                         0000000000000000000000000000000000                    0000000000000000000000000000000000                                        
  -1                                         0000000000000000000000000000000000                    0000000000000000000000000000000000                                        
   0                                         0000000000000000000000000000000000                    0000000000000000000000000000000000                                        
   1                                         0000000000000000000000000000000000                    0000000000000000000000000000000000                                        
   2                                         1100000001111111100000001100000000                    1100000001111111100000001100000000                                        
   3                                         1100000001111111100000001100000000                    1100000001111111100000001100000000                                        
   4                                         0000000000000000000000000000000000                    0000000000000000000000000000000000                                        
   5                                         0000000000000000000000000000000000                    0000000000000000000000000000000000                                        
   6                                         0000000000000000000000000000000000                    0000000000000000000000000000000000                                        
   7                                         0000000000000000000000000000000000                    0000000000000000000000000000000000                                        
   8                                         0000000000000000000000000000000000                    0000000000000000000000000000000000                                        
   9                                         0000000000000000000000000000000000                    0000000000000000000000000000000000                                        
  10                                                                                                                                                                         
  11                                                                                                                                                                         
  12                                                                                                                                                                         
  13                                                                                                                                                                         
  14                                                                                                                                                                         
  15                                                                                                                                                                         
  16                                                                                                                                                                         
  17                                                                                                                                                                         
  18                                                                                                                                                                         
  19                                                                                                                                                                         
  20                                                                                                                                                                         
  21                                                                                                                                                                         
  22                                                                                                                                                                         
  23                                                                                                                                                                         
  24                                                                                                                                                                         
  25                                                                                                                                                                         
  26                                                                                                                                                                         
  27                                                                                                                                                                         
  28                                                                                                                                                                         
  29                                                                                                                                                                         
  30                                     00000000001100000000                                                        11000000000000000000                                    
  31                                     00000000001100000000                                                        11000000000000000000                                    
  32                                     00000000000000000000                                                        00000000000000000000                                    
  33                                     00000000000000000000                                                        00000000000000000000                                    
  34                                     00000000000000000000                                                        00000000000000000000                                    
  35                                     00000000000000000000                                                        00000000000000000000                                    
  36                                     00000000000000000000                                                        00000000000000000000                                    
  37                                     00000000000000000000                                                        00000000000000000000                                    
  38                                     00000000000000000000                                                        00000000000000000000                                    
  39                                     00000000000000000000                                                        00000000000000000000                                    
  40                                     00000000000000000000                                                        00000000000000000000                                    
  41                                     00000000000000000000                                                       000000000000000000000                                    
  42 00000000000000000000000000000000000000000001111100000000100000001100000000                    11000000010000000011111000000000000000000000000000000000000000000000000000
  43 00000000000000000000000000000000000000000001111100000000000000000000000000                    00000000000000000011111000000000000000000000000000000000000000000000000000
  44 00000000000000000000000000000000000000000001111100000000000000000000000000                    00000000000000000011111000000000000000000000000000000000000000000000000000
  45 00000000000000000000000000000000000000000001111100000000000000000000000000                    00000000000000000011111000000000000000000000000000000000000000000000000000
  46 00000000000000000000000000000000000000000001111100000000000000000000000000                    00000000000000000011111000000000000000000000000000000000000000000000000000
  47 00000000000000000000000000000000000000000001111100000000000000000000000000                    00000000000000000000000000000000000000000000000000000000000000000000000000
  48 00000000000000000000000000000000000000000011111100000000000000000000000000                    00000000000000000000000000000000000000000000000000000000000000000000000000
  49 00000000000000000000000000000000000000000011111100000000000000000000000000                    00000000000000000000000000000000000000000000000000000000000000000000000000
  50 00000000000000000000000000000000000000000011111100000000000000000000000000                    00000000000000000000000000000000000000000000000000000000000000000000000000
  51 00000000000000000000000000000000000000000011111100000000100000001100000000                    00000000000000000000000000000000000000000000000000000000000000000000000000
  52 00000000000000000000000000000000000000000000000000000000000000000000000000                    00000000000000000000000000000000000000000000000000000000000000000000000000
  53 00000000000000000000000000000000000000000000000000000000000000000000000000                    00000000000000000000000000000000000000000000000000000000000000000000000000
  54 00000000000000000000000000000000000000000000000000000000000000000000000000                    00000000000000000000000000000000000000000000000000000000000000000000000000
  55 00000000000000000000000000000000000000000000000000000000000000000000000000                    00000000000000000000000000000000000000000000000000000000000000000000000000
  56 00000000000000000000000000000000000000000000000000000000000000000000000000                    00000000000000000000000000000000000000000000000000000000000000000000000000
  57 00000000000000000000000000000000000000000000000000000000000000000000000000                    00000000000000000000000000000000000000000000000000000000000000000000000000
  58                                    000000000001100000000                                                        00000000000000000000                                    
  59                                    000000000001100000000                                                        00000000000000000000                                    
  60                                     00000000001100000000                                                        00000000000000000000                                    
  61                                     00000000001100000000                                                        00000000000000000000                                    
  62                                     00000000001100000000                                                        00000000000000000000                                    
  63                                     00000000001100000000                                                        00000000000000000000                                    
  64                                     00000000001100000000                                                        00000000000000000000                                    
  65                                     00000000001100000000                                                        00000000000000000000                                    
  66                                     00000000001100000000                                                        00000000000000000000                                    
  67                                     00000000001100000000                                                        00000000000000000000                                    
  68                                     00000000001100000000                                                        00000000000000000000                                    
  69                                     00000000001100000000                                                        00000000000000000000                                    
  70                                     00000000001100000000                                                        00000000000000000000                                    
  71                                     00000000001100000000                                                        00000000000000000000                                    
  72                                     00000000001100000000                                                        00000000000000000000                                    
  73                                     00000000001100000000                                                        00000000000000000000                                    
  74                                     00000000000000000000                                                        00000000000000000000                                    
  75                                     00000000000000000000                                                        00000000000000000000                                    
  76                                     00000000000000000000                                                        00000000000000000000                                    
  77                                     00000000000000000000                                                        00000000000000000000                                    
  78                                     00000000000000000000                                                      0000000000000000000000                                    
  79                                     00000000000000000000                                              000000000000000000000000000000                                    
  80                                     000000000011000000000000000000000000000000000000000000000000000000000000000000000000000000000000                                    
  81                                     000000000001000000000000000000000000000000000000000000000000000000000000000000000000000000000000                                    
  82                                     000000000000000000000000000000000000000000000000000000000000000000000000000000000000000000000000                                    
  83                                     000000000000000000000000000000000000000000000000000000000000000000000000000000000000000000000000                                    
  84                                     000000000000000000000000000000000000000000000000000000000000000000000000000000000000000000000000                                    
  85                                     000000000000000000000000000000000000000000000000000000000000000000000000000000000000000000000000                                    
  86                                     000000000000000000000000000000000000000000000000000000000000000000000000000000000000000000000000                                    
  87                                     000000000000000000000000000000000000000000000000000000000000000000000000000000000000000000000000                                    
  88                                     000000000000000000000000000000000000000000000000000000000000000000000000000000000000000000000000                                    
  89                                     000000000000000000000000000000000000000000000000000000000000000000000000000000000000000000000000                                    
  90                                     000000000000000000000000000000000000000000000000000000000000000000000000000000000000000000000000                                    
  91                                     000000000000000000000000000000000000000000000000000000000000000000000000000000000000000000000000                                    
  92                                    0000000000000000000000000000000000000000000000000000000000000000000000000000000000000001100000000                                    
  93                                    0000000000000000000000000000000000000000000000000000000000000000000000000000000000000001100000000                                    
  94                                    0000000000000000000000000000000000000000000000000000000000000000000000000000000000000000000000000                                    
  95                                   00000000000000000000000000000000000000000000000000000000000000000000000000000000000000000000000000                                    
  96                                   00000000000000000000000000000000000000000000000000000000000000000000000000000000000000000000000000                                    
  97                                    0000000000000000000000000000000000000000000000000000000000000000000000000000000000000000000000000                                    
  98                                     000000000000000000000000000000000000000000000000000000000000000000000000000000000000000000000000                                    
  99                                     000000000000000000000000000000000000000000000000000000000000000000000000000000000000000000000000                                    
 100                                       000000000                                                     0000000000000000000                                                 
 101                                        0000000                                                        0000000000000000                                                  
 102                                         00000                                                          00000000000000                                                   
 103                                                                                                          00000000000                                                    
 104                                                                                                             0000000                                                     
seats 364; refused 4322 DR-KEEP, 3498 DR-CLAIM, 2648 DR-SITE, 2046 DR-PASS
