## tree
SEATS  tree, footprint 1x1, 3 blocks off a route  1 char = 1 block  x -141..140 across, z -82..81 down
KEY  1 the footprint seats with its minimum corner here  0 refused  space void
     -4        -3        -2        -1        -0        -9        -8        -7        -6        -5        -4        -3        -2        -1         0         1         2         3         4         5         6         7         8         9         0         1         2         3         4
     109876543210987654321098765432109876543210987654321098765432109876543210987654321098765432109876543210987654321098765432109876543210987654321012345678901234567890123456789012345678901234567890123456789012345678901234567890123456789012345678901234567890123456789012345678901234567890
 -82                                                                                                                                                                                                      1111111                                                                              
 -81                                                                                                                                                                                                 111111111111111                                                                           
 -80                                                                            1111111                                                                                                          11111111111111111111111                                                                       
 -79                                                                       1111111111111111                                                                                                   1111111111111111111111111111                                                                     
 -78                                                                   11111111111111111111111                                                                                            11111111111111111111111111111111111                                                                  
 -77                                                                111111111111111111111111111111                                                                                     1111111111111111111111111111111111111111                                                                
 -76                                                              111111111111111111111111111111111111                                                                               11111111111111111111111111111111111111111111                                                              
 -75                                                           1111111111111111111111111111111111111111111                                                                         111111111111111111111111111111111111111111111111                                                            
 -74                                                         1111111111111111111111111111111111111111111111111                                                                   1111111111111111111111111111111111111111111111111111                                                          
 -73                                                       11111111111111111111111111111111111111111111111111111                                                               11111111111111111111111111111111111111111111111111111111                                                        
 -72                                                     1111111111111111111111111111111111111111111111111111111111                                                          111111111111111111111111111111111111111111111111111111111111                                                      
 -71                                                   111111111111111111111111111111111111111111111111111111111111111                                                     1111111111111111111111111111111111111111111111111111111111111111                                                    
 -70                                                 1111111111111111111111111111111111111111111111111111111111111111111                                                  11111111110000011111111111111111111111111111111111111111111111111111                                                 
 -69                                               11111111111111111111111111111111111111111111111111111111111111111111111                                              111111111100000000000000000000111111111111111111111111111111111111111111                                               
 -68                                             111111111111111111111111111111111111111111111111111111111111111111111111111                                           111111111000000000000000000000001111111111111111111111111111111111111111111                                             
 -67                                           1111111111111111111111111111111111111111111111111111111111111111111111111111111                                       1111111111000000000000000000000000011111111111111111111111111111111111111111111                                           
 -66                                          111111111111111111111111111111111111111111111111111111111111110000011111111111111                                     111111111100000000000000000000000000011111111111111111111111111111111111111111111                                          
 -65                                         111111111111111111111111111111111111111111111111111111111111000000000001111111111111                                  111111111100000000000000000000000000001111111111111111111111111111111111111111111111                                        
 -64                                        11111111111111111111111111111111111111111111111111111111111000000000000000111111111111                                11111111110000000000000000000000000000011111111111111111111111111111111111111111111111                                       
 -63                                       111111111111111111111111111111111111111111111111111111111110000000000000000000111111111                                111111111000000000000000000000000000000111111111111111111111111111111111111111111111111                                      
 -62                                      1111111111111111111111111111111111111111111111111111111111100000000000000000000111111111                                1111111100000000000000000000000000000001111111111111111111111111111111111111111111111111                                     
 -61                                     11111111111111111111111111111111111111111111111111111111111100000000000000000000011111111                               111111111000000000000000000000000000000011111111111111111111111111111111111111111111111111                                    
 -60                                    1110111111111111111111111111111111111111111111111111111111110000000000000000000000011111111                              1111111100000000000000000000000000000000111111111111111111111111111111111111111111111111111                                   
 -59                                   01001111111111111111111111111111111111111111111111111111111110000000000000000000000001111111                              11111111000000000000000000000000000000011111111111111111111111111111111111111111111111111111                                  
 -58                                 1110000011111111111111111111111111111111111111111111111111111110000000000000000000000001111111                              1111111100000000000000000000000000000001111111111111111111111111111111111111111111111111111111                                
 -57                                11100000001111111111111111111111111111111111111111111111111111110000000000000000000000000111111                              11111111000000000000000000000000000000011111111111111101111111111111111111111111111111111111111                               
 -56                              1111100000000111111111111111111111111111111111111111111111111111110000000000000000000000000111111                              1111111110000000000000000000000000000011111111111110000000111111111111111111111111111111111111111                             
 -55                             11110000000000111111111111111111111111111111111111111111111111111111000000000000000000000000011111                              11111111100000000000000000000000000000111111111110000000000011111111111111111111111111111111111111                            
 -54                           1111100000000000011111111111111111111111111111111111111111111111111111000000000000000000000000011111                             11111111111000000000000000000000000000011111111110000000000000111111111111111111111111111111111111111                          
 -53                          11110000000000000001111111111111111111111111111111111111111111111111111100000000000000000000000111111                             111111111110000000000000000000000000000111111111100000000000001111111111111111111111111111111111111111                         
 -52                        1111100000000000000001111111111111111111111111111111111111111111111111111100000000000000000000000111111                             1111111111110000000000000000000000000001110001110000000000000001111111111111111111111111111111111111111                        
 -51                       11110000000000000000000111111111111111111111111111111111111111111111111111100000000000000000000000111111                             111111111111000000000000000000000000000111000111000000000000000111111111111111111111111111111111111111111                      
 -50                      111100000000000000000000111111111111111111111111111111111111111111111111111110000000000000000000001111111                             1111111111110000000000000000000000000011110001110000000000000001111111111111111111111111111111111111111111                     
 -49                     1111000000000000000000000111111111111111111111111111111111111111111111111111110000000000000000000011111111                             11111111111110000000000000000000000000111111111000000000000000001111111111111111111111111111111111111111111                    
 -48                   111100000000000000000000000011111111111111111111111111111111111111111111111111110000000000000000001111111111                             111111111111110000000000000000000000001111111111000000000000000111111111111111111111111111111111111111111111                   
 -47                  1111000000000000000000000000001111111111111111111111111000000001111111111111111110000000000000000111111111111                             11111111111111000000000000000000000001111111111100000000000000011111111111111111111111111111111111111111111111                 
 -46                 11110000000000000000000000000001111111111111111111000000000000000000011111111111110000000000000001111111111111                             111111111111110100000000000000000000111111111111000000000000000111111111111111111111111111111111111111111111111                
 -45                100000000000000000000000000000001111111111111110000000000000000000000000011111110000000000000000011111111111111                             1111111111111111000000000000000000011111111111111000000000000011111111111111111111111111111111111111111111111111               
 -44                110000000000000000000000000000001111111111110000000000000000000000000000000011110000000000000000111111111111111                             1111111111111111111000000000000000111111111111100000000000000000011111111111111111111111111111111111110111111111               
 -43               1000000000000000000000000000000000111111110000000000000000000000000000000000000111000100000000011111111111111111                             11111111111111111110000000000000011111111110000000000000000000000000011111111111001111111111111111100000001111111              
 -42               1000000000000000000000000000000001111111000000000000000000000000000000000000000001101110000000111111111111111111                             11111111111111111100000000000001111111110000000000000000000000000000000011111111000111111111111110000000000011111              
 -41              11000000000000000000000000000000001111100000000000000000000000000000000000000000000011111100111111111111111111111                             111111111111111111000000000000111111110000000000000000000000000000000000000111100000111111111111000000000000011111             
 -40              11000000000000000000000000000000011110000000000000000000000000000000000000000000000000111111111111111111111111111                             111111111111111111100010000111111111000000000000000000000000000000000000000001110001111111111111000000000000011111             
 -39             111000000000000000000000000000000011100000000000000000000011111111111000000000000000000011111111111111111111111111                              11111111111111111111111111111111100000000000000000000000000000000000000000000111011111111111110000000000000001111             
 -38             111000000000000000000000000000001110000000000000000000111111111111111111000000000000000000111111111111111111111111                              11111111111111111111111111111110000000000000000000000000000000000000000000000001111111111111110000000000000001111             
 -37            1110000000000000000000000000000111100000000000000000111111111111111111111110000000000000000011111111111111111111111                              111111111111111111111111111110000000000000000000001111111111000000000000000000001111111111111100000000000000011111            
 -36            1111000000000000000000000000011111000000000000000011110000000000000011111111110000000000000000111111111111111111111                              111111111111111111111111111100000000000000000011111111111111111100000000000000000011111111111000000000000000000111            
 -35            1111100000000000000000000000111100000000000000001100000000000000000000111111111100000000000000000111111111111111111                              111111111111111111111111110000000000000000001111111111111111111111100000000000000001111111111100000000000000000000            
 -34           11111010000000000000000000001111000000000000000100000000000000000000000011111111110000000000000000001111111111111111                              1111111111111111111111100000000000000000001111111111111111111111111110000000000000001111111111000000000000000000000           
 -33           11000000000000000000000000000110000000000000011000000000000000000000000001111111111100000000000000000001111111111111                              1111000000000000000000000000000000000001111111111111111111111111111111100000000000000111111111000000000000000000000           
 -32           00000000000000000000000000111100000000000001110000000000000000000000000000111111111110000000000000000000000111111111                              1111000000000000000000000000000000000111111111111111111111111111111111111000000000000011111111100000000000000000000           
 -31           00000000000010000000000001111000000000000011000000000000000000000000000000011111111111100000000000000000000000001111                              1111000000000000000000000000000000001111111111111111111111111111111111111100000000000001111111100000000000000000000           
 -30           00000000000011100000111111110000000000000110000000000000000000000000000000011111111111111000000000000000000000000111                              11110000000000000000000000000000001110111111111111100000111111111111111111100000000000001111111100000000000000000000          
 -29           00000000000001111111111111100000000000001110000000000000000000000000000000001111111111111110000000000000000000000111                              11110000000000000000000000000000011101111111110000000000000000000000000000000000000000000111111111000000000000000000          
 -28           00000000000001111111111111000000000000011100000000000000000000000000000000001111111111111111100000000000000000000111                              11010000000000000000000000000011111111111100000000000000000000000000000000000000000000000011111111111000000000000000          
 -27           0000000000000111111111111100000000000011100000000000000000000000000000000000011111111111111111000000000000000000011                               11111000000000000000000000011111000111000000000000000000000000000000000000000000000000000011111111111110000000000000          
 -26          00000000000000011111111111000000000000111000000000000000000000000000000000000011111111111111111000110000000000000011                               111111000000010000001111111111111100000000000000000000000000000000000000000000000000000000011111111111100000000000000         
 -25          00000000000000111111111110000000000001110000000000000000000000000000000000000001111111111111111000111111000000000011                               111100000000000111111111111111000000000000000000000000000000000000000000000000000000000000001111111111100000000000000         
 -24          00000000000000111111111100000000000011100000000000000000000000000000000000000000111111111111111111111111111111111111                               111100000000000011111111111110100000000000000000000000000000000000000000000000000000000000000111111111110000000000000         
 -23         000000000000000111111111000000000000110000000000000000000000000000000000000000000111111111111111111111111111111111111                               1111000000000000000111111111110000000000000000000000000000000000000000000000000000000000000000111111111100000000000000        
 -22         000000000000001111111110000000000001100000000000000000000000000000000000000000000011111111111111111111111111111111111                               1100000000000000000001111111100000000000000000000000000000000000000000000000000000000000000000011111111110000000000000        
 -21        0000000000000001111111110000000000011000000000000000000000000000000000000000000000000111111111111111111111111111111111                               11000000000000000000001111111100000000000000000000000000000000000000000000000000000000000000000111111111111000000000000       
 -20        0000000000000011111111100000000000111000000000000000000000000000000000000000000000000011111110111111111111111111111111                               11000000000000000000000011111000000000000000000000000000000000000000000000000000000000000000000011111111111111000000000       
 -19       00000000000001111111111000000000001110000000000000000000000000000000000000000000000000000111111111111111111111111111111                               110000000000000000000000011100000000000000000000000000000000000000000000000000000000010000000000011111111111100000000000      
 -18       00000000000111111111110000000000011100000000000000000000000000000000000000000000000000000010110001111111111111111111111                               110000000000000000000000000100000000000000000000000000000000000000000000000000000000011000000000001111111111110000000000      
 -17      000000000001111111111100000000000111100000000000000000000000000000000000000000000000000000000000111111111111111111111111                               1100000000000000000000000000000000000000000000000000000000000000000000000000000000000011000000000001111111111100000000000     
 -16      000000000001111111111100000000000111100000000000000000000000000000000000000000000000000000000000000011111111111111111111                               11000000000000000000000000000000000000000000000000000000000000000000000000000000000000110000000000011111111111000000000000    
 -15     0000000000001111111111000000000001111100000000000000000000000000000000000000000000000000000000000000111111111111111111111                               11100000000000000000000000000000000000000000000000000000000000000000000000000000000000111000000000001111111111100000000000    
 -14    00000000000011111111110000000000011111100000000000000000000000000000000000000000000000000000000000000000011111011111111111                               111110000000000000000000000000000000000000000000000000000000000000000000000000000000001111000000000001111111111000000000000   
 -13    00000000000011111111100000000000111111100000000000000000000000000000000000000000000000000000000000000000001110001111111111                               111111100000000000000000000000000000000000000000000000000000000000000000000000000000001111100000000000111111111100000000000   
 -12   100000000000111111111100000000000111111100000000000000000000000000000000000000000000000000000000000000000011110000111111111                               1111111110000000000000000000000000000000000000000000000000000000000000000000000000000001111000000000001111111111110000000111  
 -11   111000000011111111111000000000001111111100000000000000000000000000000000000000000000000000000000000000000001110001111111111                               1111111111000000000000000000000000000000000000000000000000000000000000000000000000000001111100000000000111111111111110111111  
 -10   000000000000000000000000000000011111111100000000000000000000000000000000000000000000000000000000000000000011111111111111111                               1111111111110000000000000000000000000000000000000000000000000000000000000000000000000001111110000000000000000000000000000000  
  -9  0000000000000000000000000000000111111111100000000000000000000000000000000000000000000000000000000000000011000111111111111111                               11111111111111100000000000000000000000000000000000000000000000000000000000000000000000011111110000000000000000000000000000000 
  -8  0000000000000000000000000000001111111111100000000000000000000000000000000000000000000000000000000000000000000011111111111111                               11111111111111111000000000000000000000000000000000000000000000000000000000000000000000011111111000000000000000000000000000000 
  -7  0000000000000000000000000000000000001111100000000000000000000000000000000000000000000000000000000000000000000011111111111111                               11111111111111111100000000000000000000000000000000000000000000000000000000000000000000011100000000000000000000000000000000000 
  -6  0000000000000000000000000000000000001111100000000000000000000000000000000000000000000000000000000000000000000011111111111111                               11111111111111111110000000000000000000000000000000000000000000000000000000000000000000111100000000000000000000000000000000000 
  -5  0000000000000000000000000000000000001111100000000000000000000000000000000000000000000000000000000000000000000111111111111111                               11111111111111111110000000000000000000000000000000000000000000000000000000000000000000111100000000000000000000000000000000000 
  -4 00000000000000000000000000000000000000000000000000000000000000000000000000000000000000000000000000000000000001111111111111111                               111111111111111111000000000000000000000000000000000000000000000000000000000000000000000000000000000000000000000000000000000000
  -3 00000000000000000000000000000000000000000000000000000000000000000000000000000000000000000000000000000000000011111111111111111                               111111111111111111000000000000000000000000000000000000000000000000000000000000000000000000000000000000000000000000000000000000
  -2 00000000000000000000000000000000000000000000000000000000000000000000000000000000000000000000000000000000000011111111111111111                               111111111111111111000000000000000000000000000000000000000000000000000000000000000000000000000000000000000000000000000000000000
  -1 00000000000000000000000000000000000000000000000000000000000000000000000000000000000000000000000000000000000011111111111111111                               111111111111111111000000000000000000000000000000000000000000000000000000000000000000000000000000000000000000000000000000000000
   0 000000000000000000000000000000000000000000000000000000000000000000000000000000000000000000000000000000000000111111111111111111                               11111111111111111000000000000000000000000000000000000000000000000000000000000000000000000000000000000000000000000000000000000
   1 000000000000000000000000000000000000000000000000000000000000000000000000000000000000000000000000000000000000111111111111111111                               11111111111111111000000000000000000000000000000000000000000000000000000000000000000000000000000000000000000000000000000000000
   2 000000000000000000000000000000000000000000000000000000000000000000000000000000000000000000000000000000000000111111111111111111                               11111111111111111000000000000000000000000000000000000000000000000000000000000000000000000000000000000000000000000000000000000
   3 000000000000000000000000000000000000000000000000000000000000000000000000000000000000000000000000000000000000111111111111111111                               11111111111111110000000000000000000000000000000000000000000000000000000000000000000000000000000000000000000000000000000000000
   4  00000000000000000000000000000000000011100000000000000000000000000000000000000000000000000000000000000000001111111111111111111                               1111111111111110000000000000000000000000000000000000000000000000000000000000000000011111100000000000000000000000000000000000 
   5  00000000000000000000000000000000000011100000000000000000000000000000000000000000000000000000000000000000001111111111111111111                               1111111111111100000000000000000000000000000000000000000000000000000000000000000000011111100000000000000000000000000000000000 
   6  00000000000000000000000000000000000011000000000000000000000000000000000000000000000000000000000000000000000111111111111111111                               1111111111111100000000000000000000000000000000000000000000000000000000000000000000011111100000000000000000000000000000000000 
   7  00000000000000000000000000000000000011000000000000000000000000000000000000000000000000000000000000000000000011111111111111111                               1111111111111100000000000000000000000000000000000000000000000000000000000000000000011111100000000000000000000000000000000000 
   8  00000000000000000000000000000001111111000000000000000000000000000000000000000000000000000000000000000000000000111111111111111                               1111111111111110001100000000000000000000000000000000000000000000000000000000000000011111111110000000000000000000000000000000 
   9   0000000000000000000000000000000111111000000000000000000000000000000000000000000000000000000000000000000000000000111111111111                               111111111111111110000000000000000000000000000000000000000000000000000000000000000001111111110000000000000000000000000000000  
  10   0000000000000000000000000000000011111000000000000000000000000000000000000000000000000000000000000000000000000000001111111111                               111111111100011100000000000000000000000000000000000000000000000000000000000000000001111111100000000000000000000000000000000  
  11   1110000000111111111111000000000001111000000000000000000000000000000000000000000000000000000000000000000000000000000111111111                               111111111000011110000000000000000000000000000000000000000000000000000000000000000001111111000000000001111111111000000000001  
  12    000000000001111111111000000000001111100000000000000000000000000000000000000000000000000000000000000000000000000000001111111                               11111111110001110000000000000000000000000000000000000000000000000000000000000000000111111100000000000111111111000000000000   
  13    000000000000111111111100000000000111100000000000000000000000000000000000000000000000000000000000000000000000000000000011111                               11111111111011111000000000000000000000000000000000000000000000000000000000000000000111111000000000001111111111000000000000   
  14     00000000000111111111110000000000011100000000000000000000000000000000000000000000000000000000000000000000000000000000000111                               1111111111111111111110000000000000000000000000000000000000000000000000000000000000011111000000000001111111111000000000000    
  15     00000000000011111111111000000000001100000000000000000000000000000000000000000000000000000000000000000000000000000000000011                               111111111111111111110000000000000000000000000000000000000000000000000000000000000001111000000000001111111111100000000000     
  16      0000000000011111111111000000000001100000000000000000000000000000000000000000000000000000000000000000000000000000000000011                               111111111111111111111111000000000000000000000000000000000000000000000000000000000001111000000000001111111111100000000000     
  17       000000000011111111111100000000000110000000000000000000000000000000000000000000000000000000001000000000000000000000000011                               11111111111111111111110001101000000000000000000000000000000000000000000000000000000111000000000001111111111100000000000      
  18       000000000001111111111110000000000010000000000000000000000000000000000000000000000000000000001100000000000000000000000011                               11111111111111111111111111111100000000000000000000000000000000000000000000000000001110000000000011111111110000000000000      
  19        00000000011111111111111000000000000000000000000000000000000000000000000000000000000000000011111000000000000000000000011                               1111111111111111111111110111111100000000000000000000000000000000000000000000000001110000000000011111111100000000000000       
  20        00000000000011111111111100000000000000000000000000000000000000000000000000000000000000000111111100000000000000000000011                               1111111111111111111111111111111110000000000000000000000000000000000000000000000001100000000000111111111000000000000000       
  21         0000000000000111111111100000000000000000000000000000000000000000000000000000000000000000011111111000000000000000000011                               111111111111111111111111111111111110000000000000000000000000000000000000000000001100000000000011111111100000000000000        
  22         0000000000000011111111110000000000000000000000000000000000000000000000000000000000000000111111111110000000000000001111                               111111111111111111111111111111111111000000000000000000000000000000000000000000111000000000000111111111000000000000000        
  23          000000000000011111111111000000000000000000000000000000000000000000000000000000000000001011111111111100000000000001111                               11111111111111111111111111111111111100000000000000000000000000000000000000000111000000000000111111111100000000000000         
  24          000000000000001111111111100000000000000000000000000000000000000000000000000000000000000111111111111111000000000001111                               11000000000011111100011111111111111110000000000000000000000000000000000000001110000000000001111111111100000000000000         
  25          000000000000001111111111110000000000000000000000000000000000000000000000000000000001111111111111100000010000000111111                               11000000000000001100011111111111111110000000000000000000000000000000000000011100000000000011111111111000000000000000         
  26           00000000000001111111111111000000000000000000000000000000000000000000000000000011100011111000000000000000000000011111                               1100000000000000000001111111111111111100000000000000000000000000000000000011100000000000011111111111110000000000000          
  27           00000000000000011111111111000000000000000000000000000000000000000000000000111111111111000000000000000000000000001011                              11100000000000000000000111111111111111100000000000000000000000000000000000111000000000000011111111111110000000000000          
  28           00000000000000000011111111100000000000000000000000000000000000000000001111111110111000000000000000000000000000001111                              11100000000000000000000001111111111111110000000000000000000000000000000001110000000000000111111111111110000000000000          
  29           00000000000000000000111111110000000000000111111111111111111100000111111111111101110000000000000000000000000000001111                              11100000000000000000000000011111111111111000000000000000000000000000000001100000000000001111111100000111000000000000          
  30            0000000000000000000011111111000000000000011111111111111111111111111111111111111000000000000000000000000000000001111                              11110000000000000000000000000111111111111000000000000000000000000000000011000000000000011110000000000001000000000000          
  31            0000000000000000000011111111100000000000001111111111111111111111111111111111110000000000000000000000000000000001111                              11111111100000000000000000000001111111111100000000000000000000000000001110000000000000111100000000000000000000000000          
  32            0000000000000000000001111111110000000000000011111111111111111111111111111111000000000000000000000000000000000001111                              11111111111110000000000000000000111111111110000000000000000000000000011000000000000001100000000000000000000000000011          
  33            0000000000000000000001111111111000000000000000111111111111111111111111111000000000000000000011111111111111111111111                              11111111111111110000000000000000001111111111000000000000000000000000100000000000000011110000000000000000000001011111          
  34             000000000000000000001111111111100000000000000001111111111111111111111100000000000000000011111111111111111111111111                              1111111111111111110000000000000000011111111110000000000000000000011000000000000000011110000000000000000000000011111           
  35             111000000000000000000111111111110000000000000000001111111111111111110000000000000000001111111111111111111111111111                              1111111111111111111110000000000000000111111111100000000000000111100000000000000001111100000000000000000000000001111           
  36             111110000000000000001111111111111100000000000000000000111111111100000000000000000000011111111111111111111111111111                              1111111111111111111111100000000000000000111111111111111111111110000000000000000011110000000000000000000000000000111           
  37              11110000000000000001111111111111110000000000000000000000000000000000000000000000001111111111111111111111111111111                              111111111111111111111111000000000000000000111111111111111111000000000000000000011100000000000000000000000000000111            
  38              11110000000000000001111111111111011100000000000000000000000000000000000000000000111111111111111111111111111111111                              111111111111111111111111110000000000000000000111111111110000000000000000000001110000000000000000000000000000000111            
  39              111110000000000000111111111111100011100000000000000000000000000000000000000000111111111000010001111111111111111111                             11111111111111111111111111100000000000000000000000000000000000000000000000001111000000000000000000000000000000011             
  40              111110000000000000111111111111000001111000000000000000000000000000000000000011111111000000000000111111111111111111                             11111111111111111111100111111000000000000000000000000000000000000000000000111110000000000000000000000000000000011             
  41               11111000000000001111111111111100011111111000000000000000000000000000000001111111110000000000000111111111111111111                             1111111111111111110000000111011000000000000000000000000000000000000000001111111000000000000000000000000000000001              
  42               11111110000000111111111111111110011111111111000000000000000000000000001111111111000000000000001111111111111111111                             1111111111111111100000000010001110000000000000000000000000000000000000111111110000000000000000000000000000000001              
  43                1111111110111111111111111111111111111111111111100000000000000000011111111111110000000000000001111111111111111111                             111111111111111000000000000000011110000000000000000000000000000000011111111111100000000000000000000000000000011               
  44                1111111111111111111111111111111111111111111111111100000000000001111111111111100000000000000000001111111111111111                             111111111111110000000000000000011111110000000000000000000000000011111111111111100000000000000000000000000000001               
  45                 111111111111111111111111111111111111111111111111000000000000000111111111110000000000000000000001011111111111111                             11111111111110000000000000001111111111111000000000000000000011111111111111111110000000000000000000000000001111                
  46                  11111111111111111111111111111111111111111111111000000000000000111111111110000000000000000000000011111111111111                             1111111111110000000000000000111111111111111111000000001111111111111111111111111000000000000000000000000001111                 
  47                    111111111111111111111111111111111111111111111000000000000000111111111100000000000000000000000011111111111111                             111111111100000000000000000011111111111111111111111111111111111111111111111111110000000000000000000000001111                  
  48                     11111111111111111111111111111111111111111110000000000000000011111111100000000000000000000000001111111111111                             1111111100000000000000000000111111111111111111111111111111111111111111111111111110000000000000000000001111                    
  49                      1111111111111111111111111111111111111111111000000000000000111000111100000000000000000000000000111111111111                             111111100000000000000000000011111111111111111111111111111111111111111111111111111000000000000000000001111                     
  50                       111111111111111111111111111111111111111111000000000000000111000111000000000000000000000000000111111111111                             11111100000000000000000000000111111111111111111111111111111111111111111111111111100000000000000000001111                      
  51                         1111111111111111111111111111111111111111000000000000000111000111000000000000000000000000000111111111111                             1111110000000000000000000000011111111111111111111111111111111111111111111111111111000000000000000011111                       
  52                          111111111111111111111111111111111111111100000000000001111111111000000000000000000000000000011111111111                             11111100000000000000000000000111111111111111111111111111111111111111111111111111110000000000000001111                         
  53                           11111111111111111111111111111111111111100000000000001111111111000000000000000000000000000011111111111                             1111100000000000000000000000001111111111111111111111111111111111111111111111111111100000000000011111                          
  54                             11111111111111111111111111111111111111000000000001111111111100000000000000000000000000000111111111                              11111000000000000000000000000011111111111111111111111111111111111111111111111111111100000000001111                            
  55                              1111111111111111111111111111111111111110000000111111111111100000000000000000000000000000111111111                              1111110000000000000000000000000111111111111111111111111111111111111111111111111111110000000011111                             
  56                                11111111111111111111111111111111111111110111111111111111000000000000000000000000000000011111111                              11111100000000000000000000000001111111111111111111111111111111111111111111111111111110000000111                               
  57                                 1111111111111111111111111111111111111111111111111111111000000000000000000000000000000011111111                              1111111000000000000000000000000111111111111111111111111111111111111111111111111111111100000111                                
  58                                   11111111111111111111111111111111111111111111111111111000000000000000000000000000000011111111                              11111110000000000000000000000001111111111111111111111111111111111111111111111111111111110010                                  
  59                                    1111111111111111111111111111111111111111111111111110000000000000000000000000000000111111111                              1111111100000000000000000000000111111111111111111111111111111111111111111111111111111110111                                   
  60                                     111111111111111111111111111111111111111111111111110000000000000000000000000000000111111111                               11111111000000000000000000000111111111111111111111111111111111111111111111111111111111111                                    
  61                                      1111111111111111111111111111111111111111111111111000000000000000000000000000000111111111                                1111111110000000000000000000011111111111111111111111111111111111111111111111111111111111                                     
  62                                       111111111111111111111111111111111111111111111111000000000000000000000000000000111111111                                111111111000000000000000000011111111111111111111111111111111111111111111111111111111111                                      
  63                                        11111111111111111111111111111111111111111111111000000000000000000000000000001111111111                                11111111111100000000000000011111111111111111111111111111111111111111111111111111111111                                       
  64                                         111111111111111111111111111111111111111111111100000000000000000000000000001111111111                                  111111111111100000000000111111111111111111111111111111111111111111111111111111111111                                        
  65                                           111111111111111111111111111111111111111111110000000000000000000000000001111111111                                     111111111111110000011111111111111111111111111111111111111111111111111111111111111                                         
  66                                            1111111111111111111111111111111111111111111100000000000000000000000001111111111                                       1111111111111111111111111111111111111111111111111111111111111111111111111111111                                          
  67                                              111111111111111111111111111111111111111111100000000000000000000000111111111                                           111111111111111111111111111111111111111111111111111111111111111111111111111                                            
  68                                                111111111111111111111111111111111111111111000000000000000000001111111111                                              11111111111111111111111111111111111111111111111111111111111111111111111                                              
  69                                                  11111111111111111111111111111111111111111111111111111000001111111111                                                  1111111111111111111111111111111111111111111111111111111111111111111                                                
  70                                                     1111111111111111111111111111111111111111111111111111111111111111                                                     111111111111111111111111111111111111111111111111111111111111111                                                  
  71                                                       111111111111111111111111111111111111111111111111111111111111                                                          1111111111111111111111111111111111111111111111111111111111                                                    
  72                                                         11111111111111111111111111111111111111111111111111111111                                                               11111111111111111111111111111111111111111111111111111                                                      
  73                                                           1111111111111111111111111111111111111111111111111111                                                                   1111111111111111111111111111111111111111111111111                                                        
  74                                                             111111111111111111111111111111111111111111111111                                                                         1111111111111111111111111111111111111111111                                                          
  75                                                               11111111111111111111111111111111111111111111                                                                               111111111111111111111111111111111111                                                             
  76                                                                 1111111111111111111111111111111111111111                                                                                     111111111111111111111111111111                                                               
  77                                                                   11111111111111111111111111111111111                                                                                            11111111111111111111111                                                                  
  78                                                                      1111111111111111111111111111                                                                                                   1111111111111111                                                                      
  79                                                                        11111111111111111111111                                                                                                          1111111                                                                           
  80                                                                            111111111111111                                                                                                                                                                                                
  81                                                                               1111111                                                                                                                                                                                                     
seats 14092; refused 9233 DR-ROOT, 4022 DR-CLAIM, 2962 DR-ROAD, 1159 DR-KEEP, 870 OB19

## boulder
SEATS  boulder, footprint 1x1, 2 blocks off a route  1 char = 1 block  x -141..140 across, z -82..81 down
KEY  1 the footprint seats with its minimum corner here  0 refused  space void
     -4        -3        -2        -1        -0        -9        -8        -7        -6        -5        -4        -3        -2        -1         0         1         2         3         4         5         6         7         8         9         0         1         2         3         4
     109876543210987654321098765432109876543210987654321098765432109876543210987654321098765432109876543210987654321098765432109876543210987654321012345678901234567890123456789012345678901234567890123456789012345678901234567890123456789012345678901234567890123456789012345678901234567890
 -82                                                                                                                                                                                                      1111111                                                                              
 -81                                                                                                                                                                                                 111111111111111                                                                           
 -80                                                                            1111111                                                                                                          11111111111111111111111                                                                       
 -79                                                                       1111111111111111                                                                                                   1111111111111111111111111111                                                                     
 -78                                                                   11111111111111111111111                                                                                            11111111111111111111111111111111111                                                                  
 -77                                                                111111111111111111111111111111                                                                                     1111111111111111111111111111111111111111                                                                
 -76                                                              111111111111111111111111111111111111                                                                               11111111111111111111111111111111111111111111                                                              
 -75                                                           1111111111111111111111111111111111111111111                                                                         111111111111111111111111111111111111111111111111                                                            
 -74                                                         1111111111111111111111111111111111111111111111111                                                                   1111111111111111111111111111111111111111111111111111                                                          
 -73                                                       11111111111111111111111111111111111111111111111111111                                                               11111111111111111111111111111111111111111111111111111111                                                        
 -72                                                     1111111111111111111111111111111111111111111111111111111111                                                          111111111111111111111111111111111111111111111111111111111111                                                      
 -71                                                   111111111111111111111111111111111111111111111111111111111111111                                                     1111111111111111111111111111111111111111111111111111111111111111                                                    
 -70                                                 1111111111111111111111111111111111111111111111111111111111111111111                                                  11111111111111111111111111111111111111111111111111111111111111111111                                                 
 -69                                               11111111111111111111111111111111111111111111111111111111111111111111111                                              111111111111111111111111111111111111111111111111111111111111111111111111                                               
 -68                                             111111111111111111111111111111111111111111111111111111111111111111111111111                                           111111111111111111111111111111111111111111111111111111111111111111111111111                                             
 -67                                           1111111111111111111111111111111111111111111111111111111111111111111111111111111                                       1111111111111111111111111111111111111111111111111111111111111111111111111111111                                           
 -66                                          111111111111111111111111111111111111111111111111111111111111111111111111111111111                                     111111111111111111111111111111111111111111111111111111111111111111111111111111111                                          
 -65                                         111111111111111111111111111111111111111111111111111111111111111111111111111111111111                                  111111111111111111111111111111111111111111111111111111111111111111111111111111111111                                        
 -64                                        11111111111111111111111111111111111111111111111111111111111111111111111111111111111111                                11111111111111111111111111111111111111111111111111111111111111111111111111111111111111                                       
 -63                                       111111111111111111111111111111111111111111111111111111111111111111111111111111111111111                                111111111111111111111111111111111111111111111111111111111111111111111111111111111111111                                      
 -62                                      1111111111111111111111111111111111111111111111111111111111111111111111111111111111111111                                1111111111111111111111111111111111111111111111111111111111111111111111111111111111111111                                     
 -61                                     11111111111111111111111111111111111111111111111111111111111111111111111111111111111111111                               111111111111111111111111111111111111111111111111111111111111111111111111111111111111111111                                    
 -60                                    1111111111111111111111111111111111111111111111111111111111111111111111111111111111111111111                              1111111111111111111111111111111111111111111111111111111111111111111111111111111111111111111                                   
 -59                                   11111111111111111111111111111111111111111111111111111111111111111111111111111111111111111111                              11111111111111111111111111111111111111111111111111111111111111111111111111111111111111111111                                  
 -58                                 1111111111111111111111111111111111111111111111111111111111111111111111111111111111111111111111                              1111111111111111111111111111111111111111111111111111111111111111111111111111111111111111111111                                
 -57                                11111111111111111111111111111111111111111111111111111111111111111111111111111111111111111111111                              11111111111111111111111111111111111111111111111111111111111111111111111111111111111111111111111                               
 -56                              1111111111111111111111111111111111111111111111111111111111111111111111111111111111111111111111111                              1111111111111111111111111111111111111111111111111111111111111111111111111111111111111111111111111                             
 -55                             11111111111111111111111111111111111111111111111111111111111111111111111111111111111111111111111111                              11111111111111111111111111111111111111111111111111111111111111111111111111111111111111111111111111                            
 -54                           1111111111111111111111111111111111111111111111111111111111111111111111111111111111111111111111111111                             11111111111111111111111111111111111111111111111111111111111111111111111111111111111111111111111111111                          
 -53                          11111111111111111111111111111111111111111111111111111111111111111111111111111111111111111111111111111                             111111111111111111111111111111111111111111111111111111111111111111111111111111111111111111111111111111                         
 -52                        1111111111111111111111111111111111111111111111111111111111111111111111111111111111111111111111111111111                             1111111111111111111111111111111111111111110001111111111111111111111111111111111111111111111111111111111                        
 -51                       11111111111111111111111111111111111111111111111111111111111111111111111111111111111111111111111111111111                             111111111111111111111111111111111111111111000111111111111111111111111111111111111111111111111111111111111                      
 -50                      111111111111111111111111111111111111111111111111111111111111111111111111111111111111111111111111111111111                             1111111111111111111111111111111111111111110001111111111111111111111111111111111111111111111111111111111111                     
 -49                     1111111111111111111111111111111111111111111111111111111111111111111111111111111111111111111111111111111111                             11111111111111111111111111111111111111111111111111111111111111111111111111111111111111111111111111111111111                    
 -48                   111111111111111111111111111111111111111111111111111111111111111111111111111111111111111111111111111111111111                             111111111111111111111111111111111111111111111111111111111111111111111111111111111111111111111111111111111111                   
 -47                  1111111111111111111111111111111111111111111111111111111111111111111111111111111111111111111111111111111111111                             11111111111111111111111111111111111111111111111111111111111111111111111111111111111111111111111111111111111111                 
 -46                 11111111111111111111111111111111111111111111111111111111100000011111111111111111111111111111111111111111111111                             111111111111111111111111111111111111111111111111111111111111111111111111111111111111111111111111111111111111111                
 -45                111111111111111111111111111111111111111111111111111100000000000000000111111111110000111111111111111111111111111                             1111111111111111111111111111111111111111111111111111111111111111111111111111111111111111111111111111111111111111               
 -44                111111111111111111111111111111111111111111111111000000000000000000000000111111110000011111111111111111111111111                             1111111111111111111111111111111111111111111111111111111111111111111111111111111111111111111111111111111111111111               
 -43               1111111111111111111111111111111111111111111111000000000000000000000000000000111111000111111111111111111111111111                             11111111111111111111011111111111111111111111111100000000000000001111111111111111001111111111111111111111111111111              
 -42               1111111111111111111111111111111111111111111000000000000000000000000000000000001111101111111111111111111111111111                             11111111111111111100001111111111111111111111000000000000000000000000111111111111000111111111111111111111111111111              
 -41              11111111111111111111111111111111111111111100000000000000000000110000000000000000011111111111111111111111111111111                             111111111111111111000011111111111111111110000000000000000000000000000001111111100000111111111111111111111111111111             
 -40              11111111111111111111111111111111111111110000000000000000111111111111100000000000000111111111111111111111111111111                             111111111111111111100011111111111111111000000000000000000000000000000000001111110001111111111111111111111111111111             
 -39             111111111111111111111111111111111111111000000000000001111111111111111111100000000000001111111111111111111111111111                              11111111111111111111111111111111111100000000000000000000000000000000000000011111011111111111111111111111111111111             
 -38             111111111111111111111111111111111111110000000000001111111111111111111111111000000000000111111111111111111111111111                              11111111111111111111111111111111110000000000000001111111111110000000000000001111111111111111111111111111111111111             
 -37            1111111111111111111111111111111111111000000000000111111111111111111111111111111000000000001111111111111111111111111                              111111111111111111111111111111110000000000000111111111111111111110000000000000111111111111111111111111111111111111            
 -36            1111111111111111111111111111111111110000000000011111111111111111111111111111111110000000000111111111111111111111111                              111111111111111111111111111111000000000000011111111111111111111111110000000000011111111111111111111111111111111111            
 -35            1111111111111111111111111111111111100000000001111111111111111111111111111111111111000000000001111111111111111111111                              111111111111111111111111111110000000000001111111111111111111111111111100000000000111111111111111111111111111111111            
 -34           11111111111111111111111111111111110000000000111111111111111111111111111111111111111110000000000001111111111111111111                              1111111111111111111111111110000000000011111111111111111111111111111111110000000000111111111111111111111111111111111           
 -33           11111111111111111111111111111111100000000011111111111111111111111111111111111111111111000000000000011111111111111111                              1111111111111111111111110000000000001111111111111111111111111111111111111100000000011111111111111111111111111111111           
 -32           11111111111111111111111111111111000000000111111111111111111111111111111111111111111111110000000000000011111111111111                              1111100000000000000000000000000000011111111111111111111111111111111111111110000000001111111111111111111111111111111           
 -31           11111111111111111111111111111110000000001111111111111111111111111111111111111111111111111100000000000000001111111111                              1111100000000000000000000000000001111111111111111111111111111111111111111111000000000111111111111111111111111111111           
 -30           11111111111111111111111111111100000000011111111111111111111111111111111111111111111111111111000000000000000000011111                              11111000000000000000000000000000111111111111111111111111111111111111111111111000000000111111111111111111111111111111          
 -29           11111111111111111111111111111000000000111111111111111111111111111111111111111111111111111111110000000000000000001111                              11111000000000000000000000000111111111111111111111111111111111111111111111111110000000011111111111111111111111111111          
 -28           11111111111111111111111111110000000001111111111111111111111111111111111111111111111111111111111110000000000000001111                              11111100000000000000000000111111111111111111111111111111111111111111111111111111000000001111111111111111111111111111          
 -27           1111111111111111111111111110000000001111111111111111111111111111111111111111111111111111111111000111000000000000111                               11111111111111100001111111111111111111111111111111111111111111111111111111111111100000000111111111111111111111111111          
 -26          11111111111111111111111111110000000011111111111111111111111111111111111111111111111111111111111000111111100000000111                               111111111111111111111111111111111111111111111111111111111111111111111111111111111100000001111111111111111111111111111         
 -25          11111111111111111111111111100000000111111111111111111111111111111111111111111111111111111111111000111111111111111111                               111111111111111111111111111111111111111111111111111111111111111111111111111111111100000000111111111111111111111111111         
 -24          11111111111111111111111111000000001111111111111111111111111111111111111111111111111111111111111111111111111111111111                               111111111111111111111111111111111111111111111111111111111111111111111111111111111110000000011111111111111111111111111         
 -23         111111111111111111111111110000000011111111111111111111111111111111111111111111111111111111111111111111111111111111111                               1111111111111111111111111111111111111111111111111111111111111111111111111111111111110000000011111111111111111111111111        
 -22         111111111111111111111111100000000111111111111111111111111111111111111111111111111111111111111111111111111111111111111                               1111111111111111111111111111111111111111111111111111111111111111111111111111111111111000000001111111111111111111111111        
 -21        1111111111111111111111111000000001111111111111111111111111111111111111111111111111111111111111111111111111111111111111                               11100000011111111111111111111111111111111111111111111111111111111111111111111111111111000000001111111111111111111111111       
 -20        1111111111111111111111111000000011111111111111111111111111111111111111111111111111111111111111111111111111111111111111                               11100000000111111111111111111111111111111111111111111111111111111111111111111111111111100000001111111111111111111111111       
 -19       11111111111111111111111110000000111111111111111111111111111111111111111111111111111111111111111111111111111111111111111                               111000000000011111111111111111111111111111111111111111111111111111111111111111111111111100000001111111111111111111111111      
 -18       11111111111111111111111100000001111111111111111111111111111111111111111111111111111111111111111111111111111111111111111                               111000000000001111111111111111111111111111111111111111111111111111111111111111111111111110000000111111111111111111111111      
 -17      111111111111111111111111000000001111111111111111111111111111111111111111111111111111111111111111111111111111111111111111                               1110000000000000111111111111111111111111111111111111111111111111111111111111111111111111100000000111111111111111111111111     
 -16      111111111111111111111110000000011111111111111111111111111111111111111111111111111111111111111111111111111111111111111111                               11110000000000000011111111111111111111111111111111111111111111111111111111111111111111111100000000111111111111111111111111    
 -15     1111111111111111111111110000000111111111111111111111111111111111111111111111111111111111111111111111111111111111111111111                               11111100000000000000111111111111111111110000000000000000000001111111111111111111111111111110000000111111111111111111111111    
 -14    11111111111111111111111100000001111111111111111111111111111111111111111111111111111111111111111111111111111111011111111111                               111111110000000000000011111111111111111100000000000000000000011111111111111111111111111111110000000111111111111111111111111   
 -13    11111111111111111111111000000001111111111111111111111111111111111111111111111111111111111111111111111111111110001111111111                               111111111100000000000000111111111111111100000000000000000000011111111111111111111111111111110000000011111111111111111111111   
 -12   111111111111111111111110000000011111111111111111111111111111111111111111111111111111111111111111111111111111110000111111111                               1111111111100000000000000011111111111111000000000000000000000111111111111111111111111111111110000000011111111111111111111111  
 -11   111111111111111111111110000000111111111111111111111111111111111111111111111111111111111111111111111111111111110001111111111                               1111111111111000000000000000011111111111000000000000000000000111111111111111111111111111111111000000011111111111111111111111  
 -10   000000100000000000000000000001111111111111111111111111111111111111111111111111111111111111111111111111111111111111111111111                               1111111111111111000000000000000111111111000000000000000000000111111111111111111111111111111111100000001000000000000000000000  
  -9  0000000000000000000000000000011111111111111111111111111111111111111111111111111111111111111111111111111111111111111111111111                               11111111111111111100000000000000011111110000000000000000000001111111111111111111111111111111111100000000000000000000000000000 
  -8  0000000000000000000000000000011111111111111111111111111111111111111111111111111111111111111111111111111111111111111111111111                               11111111111111111110000000000000000000000000000000000000000001111111111111111111111111111111111100000000000000000000000000000 
  -7  0000000000000000000000000000000000001111111111111111111111111111111111111111111111111111111111111111111111111111111111111111                               11111111111111111111100000000000000000000000000000000000000001111111111111111111111111111100000000000000000000000000000000000 
  -6  0000000000000000000000000000000000001111111111111111111111111111000000000000000000000111111111111111111111111111111111111111                               11111111111111111111111000000000000000000000000000000000000001111111111111111111111111111100000000000000000000000000000000000 
  -5  0000000000000000000000000000000000001111111111111111111111111111000000000000000000000111111111111111111111111111111111111111                               11111111111111111111111111000000000000000000000000000000000001000000111111111111111111111100000000000000000000000000000000000 
  -4 00000000000000000000000000000000000001111111111111111111111111111000000000000000000000111111111111111111111111111111111111111                               111111111111111111111111111100000000000000000000000000000000000000000000000000001111111111000000000000000000000000000000000000
  -3 00000000000000000000000000000000000000000000000011111111111111111000000000000000000000111111111111111111111111111111111111111                               111111111111111111111111111111000000000000000000000000000000000000000000000000000000000000000000000000000000000000000000000000
  -2 00000000000000000000000000000000000000000000000000000000000011111000000000000000000000111111111111111111111111111111111111111                               111111111111111111111111111111111111110000000000000000000000000000000000000000000000000000000000000000000000000000000000000000
  -1 00000000000000000000000000000000000000000000000000000000000000001000000000000000000000111111111111111111111111111111111111111                               111111111111111111111111111111111111111100000000000000000000000000000000000000000000000000000000000000000000000000000000000000
   0 000000000000000000000000000000000000000000000000000000000000000000000000000000000000001111111111111111111111111111111111111111                               11111111111111111111111111111111111111100000000000000000000010000000000000000000000000000000000000000000000000000000000000000
   1 000000000000000000000000000000000000000000000000000000000000000000000000000000000000000011111111111111111111111111111111111111                               11111111111111111111111111111111111111100000000000000000000011111000000000000000000000000000000000000000000000000000000000000
   2 000000000000000000000000000000000000000000000000000000000000000000000000000000000000000000000000111111111111111111111111111111                               11111111111111111111111111111111111111100000000000000000000011111111111111111000000000000000000000000000000000000000000000000
   3 000000000000000000000000000000000000011111111100000000000000000000000000000000000000000000000000001111111111111111111111111111                               11111111111111111111111111111111111111100000000000000000000011111111111111111111111111111000000000000000000000000000000000000
   4  00000000000000000000000000000000000011111111111111111111100000010000000000000000000000000000000000011111111111111111111111111                               1111111111111111111111111111111111111110000000000000000000001111111111111111111111111111100000000000000000000000000000000000 
   5  00000000000000000000000000000000000011111111111111111111111111110000000000000000000000000000000000000011111111111111111111111                               1111111111111111111111111111111111111110000000000000000000001111111111111111111111111111100000000000000000000000000000000000 
   6  00000000000000000000000000000000000011111111111111111111111111110000000000000000000000000000000000000000111111111111111111111                               1111111111111111111111111111111111111111111111111111111111111111111111111111111111111111100000000000000000000000000000000000 
   7  00000000000000000000000000000000000011111111111111111111111111110000000000000000000000000000000000000000001111111111111111111                               1111111111111111111111111111111111111111111111111111111111111111111111111111111111111111100000000000000000000000000000000000 
   8  00000000000000000000000000000111111111111111111111111111111111110000000000000000000001111111000000000000000111111111111111111                               1111111111111111111111111111111111111111111111111111111111111111111111111111111111111111111111100000000000000000000000000000 
   9   0000000000000000000000000000011111111111111111111111111111111110000000000000000000001111111110000000000000001111111111111111                               111111111111111111111111111111111111111111111111111111111111111111111111111111111111111111111100000001000000000000001000000  
  10   0000001000000000000000100000001111111111111111111111111111111110000000000000000000001111111111100000000000000001111111111111                               111111111100011111111111111111111111111111111111111111111111111111111111111111111111111111111000000011000000000001111111000  
  11   1111111111111111111111100000000111111111111111111111111111111110000000000000000000001111111111111100000000000000011111111111                               111111111000011111111111111111111111111111111111111111111111111111111111111111111111111111110000000011111111111111111111111  
  12    111111111111111111111110000000011111111111111111111111111111110000000000000000000001111111111111111000000000000001111111111                               11111111110001111111111111111111111111111111111111111111111111111111111111111111111111111110000000011111111111111111111111   
  13    111111111111111111111111000000011111111111111111111111111111110000000000000000000001111111111111111110000000000000011111111                               11111111111011111111111111111111111111111111111111111111111111111111111111111111111111111110000000111111111111111111111111   
  14     11111111111111111111111100000001111111111111111111111111111110000000000000000000001111111111111111111100000000000000111111                               1111111111111111111111111111111111111111111111111111111111111111111111111111111111111111110000000111111111111111111111111    
  15     11111111111111111111111100000000111111111111111111111111111111111111111111111111111111111111111111111111000000000000001111                               111111111111111111111111111111111111111111111111111111111111111111111111111111111111111110000000011111111111111111111111     
  16      1111111111111111111111110000000011111111111111111111111111111111111111111111111111111111111111111111111110000000000000111                               111111111111111111111111111111111111111111111111111111111111111111111111111111111111111100000000111111111111111111111111     
  17       111111111111111111111111000000011111111111111111111111111111111111111111111111111111111111111111111111111100000000000111                               11111111111111111111111111111111111111111111111111111111111111111111111111111111111111110000000111111111111111111111111      
  18       111111111111111111111111100000001111111111111111111111111111111111111111111111111111111111111111111111111110000000000111                               11111111111111111111111111111111111111111111111111111111111111111111111111111111111111100000001111111111111111111111111      
  19        11111111111111111111111110000000111111111111111111111111111111111111111111111111111111111111111111111111111100000000111                               1111111111111111111111111111111111111111111111111111111111111111111111111111111111111100000001111111111111111111111111       
  20        11111111111111111111111110000000011111111111111111111111111111111111111111111111111111111111111111111111111111000000111                               1111111111111111111111111111111111111111111111111111111111111111111111111111111111111000000001111111111111111111111111       
  21         1111111111111111111111111000000001111111111111111111111111111111111111111111111111111111111111111111111111111111111111                               111111111111111111111111111111111111111111111111111111111111111111111111111111111111000000001111111111111111111111111        
  22         1111111111111111111111111100000000111111111111111111111111111111111111111111111111111111111111111111111111111111111111                               111111111111111111111111111111111111111111111111111111111111111111111111111111111110000000011111111111111111111111111        
  23          111111111111111111111111110000000011111111111111111111111111111111111111111111111111111111111111111111111111111111111                               11111111111111111111111111111111111111111111111111111111111111111111111111111111110000000011111111111111111111111111         
  24          111111111111111111111111111000000001111111111111111111111111111111111111111111111111111111111111111111111111111111111                               11111111111111111100011111111111111111111111111111111111111111111111111111111111100000000111111111111111111111111111         
  25          111111111111111111111111111100000001111111111111111111111111111111111111111111111111111111111111111111111111111111111                               11100000000111111100011111111111111111111111111111111111111111111111111111111111000000001111111111111111111111111111         
  26           11111111111111111111111111100000000111111111111111111111111111111111111111111111111111111111111110000111111111111111                               1110000000000001110001111111111111111111111111111111111111111111111111111111111000000000111111111111111111111111111          
  27           11111111111111111111111111110000000011111111111111111111111111111111111111111111111111111100000000000000000000111111                              11110000000000000001111111111111111111111111111111111111111111111111111111111110000000001111111111111111111111111111          
  28           11111111111111111111111111111000000001111111111111111111111111111111111111111111111111100000000000000000000000011111                              11110000000000000000001111111111111111111111111111111111111111111111111111111100000000011111111111111111111111111111          
  29           11111111111111111111111111111100000000011111111111111111111111111111111111111111111100000000000000000000000000011111                              11111000000000000000000011111111111111111111111111111111111111111111111111111000000000111111111111111111111111111111          
  30            1111111111111111111111111111110000000001111111111111111111111111111111111111111111000000000000000000000000000011111                              11111111110000000000000000111111111111111111111111111111111111111111111111110000000001111111111111111111111111111111          
  31            1111111111111111111111111111111000000000111111111111111111111111111111111111111100000000000000000000000000000011111                              11111111111111000000000000001111111111111111111111111111111111111111111111100000000011111111111111111111111111111111          
  32            1111111111111111111111111111111100000000011111111111111111111111111111111111111000000000000111111111111111111111111                              11111111111111111000000000000011111111111111111111111111111111111111111111000000000111111111111111111111111111111111          
  33            1111111111111111111111111111111110000000000111111111111111111111111111111111100000000000111111111111111111111111111                              11111111111111111110000000000001111111111111111111111111111111111111111100000000001111111111111111111111111111111111          
  34             111111111111111111111111111111111000000000001111111111111111111111111111100000000000011111111111111111111111111111                              1111111111111111111111000000000001111111111111111111111111111111111111000000000011111111111111111111111111111111111           
  35             111111111111111111111111111111111110000000000011111111111111111111111110000000000000111111111111111111111111111111                              1111111111111111111111110000000000111111111111111111111111111111111100000000000111111111111111111111111111111111111           
  36             111111111111111111111111111111111111000000000000011111111111111111111000000000000011111111111111111111111111111111                              1111111111111111111111111000000000001111111111111111111111111111110000000000001111111111111111111111111111111111111           
  37              11111111111111111111111111111111111110000000000000001111111111110000000000000001111111111111111111111111111111111                              111111111111111111111111111000000000000111111111111111111111111100000000000011111111111111111111111111111111111111            
  38              11111111111111111111111111111111011111000000000000000000000000000000000000000111111111111111111111111111111111111                              111111111111111111111111111100000000000001111111111111111111100000000000000111111111111111111111111111111111111111            
  39              111111111111111111111111111111100011111100000000000000000000000000000000000111111111111111110001111111111111111111                             11111111111111111111111111111100000000000000111111111111100000000000000001111111111111111111111111111111111111111             
  40              111111111111111111111111111111000001111111100000000000000000000000000000011111111111111111110000111111111111111111                             11111111111111111111111111111111000000000000000001100000000000000000000111111111111111111111111111111111111111111             
  41               11111111111111111111111111111100011111111111100000000000000000000000011111111111111111111110000111111111111111111                             1111111111111111111111111111011111000000000000000000000000000000000001111111111111111111111111111111111111111111              
  42               11111111111111111111111111111110011111111111111110000000000000000111111111111111111111111111011111111111111111111                             1111111111111111111111111110001111110000000000000000000000000000001111111111111111111111111111111111111111111111              
  43                1111111111111111111111111111111111111111111111111111111111111111111111111111111111111111111111111111111111111111                             111111111111111111111111110000011111111000000000000000000000000111111111111111111111111111111111111111111111111               
  44                1111111111111111111111111111111111111111111111111111111111111111111111111111111111111111111111111111111111111111                             111111111111111111111111111000011111111111000000000000000001111111111111111111111111111111111111111111111111111               
  45                 111111111111111111111111111111111111111111111111111111111111111111111111111111111111111111111111111111111111111                             11111111111111111111111111111111111111111111111000000111111111111111111111111111111111111111111111111111111111                
  46                  11111111111111111111111111111111111111111111111111111111111111111111111111111111111111111111111111111111111111                             1111111111111111111111111111111111111111111111111111111111111111111111111111111111111111111111111111111111111                 
  47                    111111111111111111111111111111111111111111111111111111111111111111111111111111111111111111111111111111111111                             111111111111111111111111111111111111111111111111111111111111111111111111111111111111111111111111111111111111                  
  48                     11111111111111111111111111111111111111111111111111111111111111111111111111111111111111111111111111111111111                             1111111111111111111111111111111111111111111111111111111111111111111111111111111111111111111111111111111111                    
  49                      1111111111111111111111111111111111111111111111111111111111111000111111111111111111111111111111111111111111                             111111111111111111111111111111111111111111111111111111111111111111111111111111111111111111111111111111111                     
  50                       111111111111111111111111111111111111111111111111111111111111000111111111111111111111111111111111111111111                             11111111111111111111111111111111111111111111111111111111111111111111111111111111111111111111111111111111                      
  51                         1111111111111111111111111111111111111111111111111111111111000111111111111111111111111111111111111111111                             1111111111111111111111111111111111111111111111111111111111111111111111111111111111111111111111111111111                       
  52                          111111111111111111111111111111111111111111111111111111111111111111111111111111111111111111111111111111                             11111111111111111111111111111111111111111111111111111111111111111111111111111111111111111111111111111                         
  53                           11111111111111111111111111111111111111111111111111111111111111111111111111111111111111111111111111111                             1111111111111111111111111111111111111111111111111111111111111111111111111111111111111111111111111111                          
  54                             11111111111111111111111111111111111111111111111111111111111111111111111111111111111111111111111111                              11111111111111111111111111111111111111111111111111111111111111111111111111111111111111111111111111                            
  55                              1111111111111111111111111111111111111111111111111111111111111111111111111111111111111111111111111                              1111111111111111111111111111111111111111111111111111111111111111111111111111111111111111111111111                             
  56                                11111111111111111111111111111111111111111111111111111111111111111111111111111111111111111111111                              11111111111111111111111111111111111111111111111111111111111111111111111111111111111111111111111                               
  57                                 1111111111111111111111111111111111111111111111111111111111111111111111111111111111111111111111                              1111111111111111111111111111111111111111111111111111111111111111111111111111111111111111111111                                
  58                                   11111111111111111111111111111111111111111111111111111111111111111111111111111111111111111111                              11111111111111111111111111111111111111111111111111111111111111111111111111111111111111111111                                  
  59                                    1111111111111111111111111111111111111111111111111111111111111111111111111111111111111111111                              1111111111111111111111111111111111111111111111111111111111111111111111111111111111111111111                                   
  60                                     111111111111111111111111111111111111111111111111111111111111111111111111111111111111111111                               11111111111111111111111111111111111111111111111111111111111111111111111111111111111111111                                    
  61                                      1111111111111111111111111111111111111111111111111111111111111111111111111111111111111111                                1111111111111111111111111111111111111111111111111111111111111111111111111111111111111111                                     
  62                                       111111111111111111111111111111111111111111111111111111111111111111111111111111111111111                                111111111111111111111111111111111111111111111111111111111111111111111111111111111111111                                      
  63                                        11111111111111111111111111111111111111111111111111111111111111111111111111111111111111                                11111111111111111111111111111111111111111111111111111111111111111111111111111111111111                                       
  64                                         111111111111111111111111111111111111111111111111111111111111111111111111111111111111                                  111111111111111111111111111111111111111111111111111111111111111111111111111111111111                                        
  65                                           111111111111111111111111111111111111111111111111111111111111111111111111111111111                                     111111111111111111111111111111111111111111111111111111111111111111111111111111111                                         
  66                                            1111111111111111111111111111111111111111111111111111111111111111111111111111111                                       1111111111111111111111111111111111111111111111111111111111111111111111111111111                                          
  67                                              111111111111111111111111111111111111111111111111111111111111111111111111111                                           111111111111111111111111111111111111111111111111111111111111111111111111111                                            
  68                                                111111111111111111111111111111111111111111111111111111111111111111111111                                              11111111111111111111111111111111111111111111111111111111111111111111111                                              
  69                                                  11111111111111111111111111111111111111111111111111111111111111111111                                                  1111111111111111111111111111111111111111111111111111111111111111111                                                
  70                                                     1111111111111111111111111111111111111111111111111111111111111111                                                     111111111111111111111111111111111111111111111111111111111111111                                                  
  71                                                       111111111111111111111111111111111111111111111111111111111111                                                          1111111111111111111111111111111111111111111111111111111111                                                    
  72                                                         11111111111111111111111111111111111111111111111111111111                                                               11111111111111111111111111111111111111111111111111111                                                      
  73                                                           1111111111111111111111111111111111111111111111111111                                                                   1111111111111111111111111111111111111111111111111                                                        
  74                                                             111111111111111111111111111111111111111111111111                                                                         1111111111111111111111111111111111111111111                                                          
  75                                                               11111111111111111111111111111111111111111111                                                                               111111111111111111111111111111111111                                                             
  76                                                                 1111111111111111111111111111111111111111                                                                                     111111111111111111111111111111                                                               
  77                                                                   11111111111111111111111111111111111                                                                                            11111111111111111111111                                                                  
  78                                                                      1111111111111111111111111111                                                                                                   1111111111111111                                                                      
  79                                                                        11111111111111111111111                                                                                                          1111111                                                                           
  80                                                                            111111111111111                                                                                                                                                                                                
  81                                                                               1111111                                                                                                                                                                                                     
seats 26630; refused 2174 DR-CLAIM, 1505 DR-ROAD, 1159 DR-KEEP, 870 OB19

## house
SEATS  house, footprint 9x7, no route standoff  1 char = 1 block  x -141..140 across, z -82..81 down
KEY  1 the footprint seats with its minimum corner here  0 refused  space void
     -4        -3        -2        -1        -0        -9        -8        -7        -6        -5        -4        -3        -2        -1         0         1         2         3         4         5         6         7         8         9         0         1         2         3         4
     109876543210987654321098765432109876543210987654321098765432109876543210987654321098765432109876543210987654321098765432109876543210987654321012345678901234567890123456789012345678901234567890123456789012345678901234567890123456789012345678901234567890123456789012345678901234567890
 -82                                                                                                                                                                                                      0000000                                                                              
 -81                                                                                                                                                                                                 000000000000000                                                                           
 -80                                                                            0000000                                                                                                          00000000000000000000000                                                                       
 -79                                                                       0000000000000000                                                                                                   0000000000000000000000000000                                                                     
 -78                                                                   00000000000000000000000                                                                                            00000000000000000000000000000000000                                                                  
 -77                                                                000000000000000000000000000000                                                                                     0000000000000000000000000000000000000000                                                                
 -76                                                              000000000000000000000000000000000000                                                                               00000000000000000000000000000000000000000000                                                              
 -75                                                           0000000000000000000000000000000000000000000                                                                         000000000000000000000000000000000000000000000000                                                            
 -74                                                         0000000000000000000000000000000000000000000000000                                                                   0000000000000000000000000000000000000000000000000000                                                          
 -73                                                       00000000000000000000000000000000000000000000000000000                                                               00000000000000000000000000000000000000000000000000000000                                                        
 -72                                                     0000000000000000000000000000000000000000000000000000000000                                                          000000000000000000000000111111100000000000000000000000000000                                                      
 -71                                                   000000000000000000000000000000000000000000000000000000000000000                                                     0000000000000000000000111111111111111000000000000000000000000000                                                    
 -70                                                 0000000000000000000000111111110000000000000000000000000000000000000                                                  00000000000000000000111111111111111111110000000000000000000000000000                                                 
 -69                                               00000000000000000000111111111111111000000000000000000000000000000000000                                              000000000000000000111111111111111111111111111000000000000000000000000000                                               
 -68                                             000000000000000000011111111111111111111110000000000000000000000000000000000                                           000000000000000000011100111111111111111111111111000000000000000000000000000                                             
 -67                                           0000000000000000000111111111111111111111111111100000000000000000000000000000000                                       0000000000000000000111111111111111111111111111111111000000000000000000000000000                                           
 -66                                          000000000000000001111111111111111111111111111111111100000000000000000000000000000                                     000000000000000000001111100111111111111111111111111111100000000000000000000000000                                          
 -65                                         000000000000000011111111111111111111111111111111111111111000000000000000000000000000                                  000000000000000000000010000000111111111111111111111111111100000000000000000000000000                                        
 -64                                        00000000000000011111111111111111111111111111111111111111111100000000000000000000000000                                00000000000000000000000000001000111111111111111111111111111110000000000000000000000000                                       
 -63                                       000000000000001111111111111111111111111111111111111111111111000000000000000000000000000                                000000000000000000000000000001000111111111111111111111111111111000000000000000000000000                                      
 -62                                      0000000000000111111111111111111111111111111111111111111111110000000000000000000000000000                                0000000000000000000000000000011111111111111111111111111111111111100000000000000000000000                                     
 -61                                     00000000000011111111111111111111111111111111111111111111111100010000000000000000000000000                               000000000000000000000000110011111111111111111111111111111111111111111000000000000000000000                                    
 -60                                    0000000000011111111111111111111111111111111111111111111111111101110000000000000000000000000                              0000000000000000000000111111111111111111111111111111111111111111111111100000000000000000000                                   
 -59                                   00000000001111111111111111111111111111111111111111111111111111111110000000000000000000000000                              00000000000000000000001111111111111111111111111111111111111111111111111110000000000000000000                                  
 -58                                 0000000000111111111111111111111111111111111111111111111111111111111111000000000000000000000000                              0000000000000000000000011111111111111111111111111111111111111111111111111110000000000000000000                                
 -57                                00000000001111111111111111111111111111111111111111111111111111111111111000000000000000000000000                              00000000000000000000000111111111111111111111111111111111111111111111111111110000000000000000000                               
 -56                              0000000000001111111111111111111111111111111111111111111111111111111111110000000000000000000000000                              0000000000000000000000001111111111111111111111111111111111111111111111111111110000000000000000000                             
 -55                             00000000000001111111111111111111111111111111111111111111111111111111111110000000000000001000000000                              00000000000000000000000001111111111111111111111111111111111111111111111111111110000000000000000000                            
 -54                           0000000000000000111111111111111111111111111111111111111111111111111111101100000000000000001000000000                             00000000000000000000000111111111111111111111111111111111111111111111111111111111100000000000000000000                          
 -53                          00000000000000000111111111111111111111111111111111111111111111111111111110000000000000000001000000000                             000000000000000000000001111111111111111111111111111111111111111111111111111111111100000000000000000000                         
 -52                        0000000000000000000111111111111111111111111111111111111111111111111111111111000000000000000001000000000                             0100000000000000000000011111111111111111111111111111111111111111111111111111111111100000000000000000000                        
 -51                       00000000000000000000111111111111111111111111000000000000111111111111111111111100000000000000001100000000                             010000000000000000000000111111111111111111111111111111111111111111111111111111111111000000000000000000000                      
 -50                      000000000000000000000111111111111111111000000000000000000000001111111111111111100000000000000001100000000                             0100000000000000000000001111111111111111111111111111111111111111111111111111111111111000000000000000000000                     
 -49                     0000000000000000000000111111111111110000000000000000000000000000001111111111111000000000000000001100000000                             01000000000000000000000000111111111111111111111111111111111111111111111111111111111111100000000000000000000                    
 -48                   000000000000000000000000111111111110000000000000000000000000000000000001111111111000000000000000001100000000                             010000000000000000000000011111111111111110000000000000000000000111111111111111111111111100000000000000000000                   
 -47                  0000000000000000000000000111111110000000000000000000000000000000000000000011111111100000000000000001100000000                             01000000000000000000000011111111111110000000000000000000000000000001111111111111111111111100000000000000000000                 
 -46                 00000000000000000000000001111111000000000000000000000000000000000000000000000111111100000000000000001100000000                             010000000000000000000001111111111100000000000000000000000000000000000011111111111111111111100000000000000000000                
 -45                000000000000000000000000001111100000000000000000000000000000000000000000000000001111111100000100000001100000000                             0100000000100000000000111111111100000000000000000000000000000000000000000111111111111111111110000000000000000000               
 -44                000000000000000000000000001110000000000000000000000000000000000000000000000000000011111111001100000001100000000                             0100000000111100000011111111110000000000000000000000000000000000000000000001111111111111111111000000000000000000               
 -43               0000000000000000000000000011100000000000000000000000000000000000000000000000000000001111111111100000001100000000                             01000000001111110111111111110000000000000000000000000000000000000000000000001111111111111111111000000000000000000              
 -42               0000000000000000000000000010000000000000000000000000000000000000000000000000000000000011111111100000001000000000                             01000000001111111111111111000000000000000000000000000000000000000000000000000011111111111111111100000000000000000              
 -41              00000000000000000000000000100000000000000000000000000001111111000000000000000000000000001111111100000001000000000                             010000000011111111111111000000000000000000000000000000000000000000000000000000011111111111111111100000000000000000             
 -40              00000000000000000000000000000000000000000000000000011111111111011000000000000000000000000011111100000001000000000                             010000000011111111111110000000000000000000000000000000000000000000000000000000000111111111111111100000000000000000             
 -39             000000000000000000000000000000000000000000000000011111111110010101010000000000000000000000000011100000001000000000                              11000000011111111111000000000000000000000000000011111100000000000000000000000000011111111111111100000000000000000             
 -38             000000000000000000000000000000000000000000000001111111111100001010101010000000000000000000000000100000001000000000                              11000000011111111000000000000000000000000000111111111111110000000000000000000000001111111111111100000000000000000             
 -37            0000000000000000000000000000000000000000000000111111111111110000000000010100000000000000000000000000000001000000000                              000000000000000000000000000000000000000000111111111111111111100000000000000000000001111111111111100000000000000000            
 -36            0000000000000000000000000000000000000000000011111111111111111010000000101110000000000000000000000000000001000000000                              000000000000000000000000000000000000000011111111111111111111111000000000000000000000111111111111100000000000000000            
 -35            0000000000000000000000000000000000000000001111111111111111111111010100001011100000000000000000000000000000000000000                              000000000000000000000000000000000000011111111111111111111111111110000000000000000000011111111111100000000000000000            
 -34           00000000000000000000010000000000000000000111111111111111111111111110100010111100000000000000000000000000000000000000                              0000000000000000000000000000000000001111111111111111111111111111111000000000000000000011111111111100000000000000000           
 -33           00000000000000000011100000000000000000001111111111111111111111111111110110101111000000000000000000000000000000000000                              0000000000000000000000000000000000011111111111111111111111111111111100000000000000000001111111111100000000000000000           
 -32           00000000000001111111000000000000000000011111111111111111111111111111110111111011110000000000000000000000000000000000                              0000000000000000000000000000000000111111111111111111111111111111111110000000000000000000111111111100000000000000000           
 -31           00000000011111111111000000000000000000111111111111111111111111111111111111111111101000000000000000000000000000000000                              0000000000000000000000000000000000111111111111111111111111111111111111000000000000000000111111111100000000000000000           
 -30           00000000011111111110000000000000000001111111111111111111111111111111111111111111111010000000000000000000000000000000                              00000000000000000000000000000000011111111111111111111111111111111111111100000000000000000111111111100000000000000000          
 -29           00000000011111111100000000000000000011111111111111111111111111111111111111111111010100000000000000000000000000000000                              00000000000000000000000000000000011111111111111111111111111111111110111110000000000000000011111111100000000000000000          
 -28           00000000011111111000000000000000000111111111111111111111111111111111111111111111110000000000000000000000000000000000                              11000000000000000011110000000000111111111111111111111111111111111110111111000000000000000001111111100000000000000000          
 -27           0000000001111111000000000000000000111111111111111111111111111111111111111111111110100000000000000000000000000000000                               11000000011111001001110000000000111111111111111100000011111111111111111111100000000000000000111111100000000000000000          
 -26          00000000011111110000000000000000001111111111111111111111111101111111111111111111111000000000000000000000001100000000                               000000000111111111110100000000011111111111111100000000000111111111111111111000000000000000000111111100000000000000000         
 -25          00000000011111110000000000000000011111111111111111111111111111111111111111111111110000000000000000000000001100000000                               000000000011111111111110000000111111111111000000000000000011111111111111111100000000000000000111111100000000000000000         
 -24          00000000011111100000000000000000111111111111111111111111111111111111111111111111110000000000000000000000001100000000                               000000000000111111111110000000111111000000000000000000000000111111111111111110000000000000000011111100000000000000000         
 -23         000000000111111000000000000000001111111111111111111111111111111111111111111111111100000000000000000000000001100000000                               0000000000000111111111100000000110000000000000000000000000000111111111111111110000000000000000011111100000000000000000        
 -22         000000000111110000000000000000011111111111111111111111111111111111111111111111111110000000000000000000000001100000000                               0000000000000001111111110000010000000000000000000000000000000001111111111111111000000000000000001111100000000000000000        
 -21        0000000001111100000000000000000111111111111111111111111111001111111111111111111111100000000000000000000000001100000000                               00000000000000000111111100010000000000000000000000000000000000001111111111111111000000000000000001111100000000000000000       
 -20        0000000001111100000000000000001111111111111111111110111111000011111111111111111111110000000000000000000000001100000000                               00000000000000000001111111100000000000000000000000000000000000000011111111111111100000000000000001111100000000000000000       
 -19       00000000011111000000000000000011111111111111111111000010001000001111111111111111111110000000000000000000000001100000000                               000000000000000000000111111000000000000000000000000000000000000000011111110011111100000000000000001111100000000000000000      
 -18       00000000011110000000000000000011111111111111111110000000000000000111111011101011111111000000000000000000000001100000000                               000000000000000000000001000000000000000000000000000000000000000000000111101011111100000000000000000111100000000000000000      
 -17      000000000111100000000000000000111111111111111111000000000000000000011000001000001111111000000000000000000000001100000000                               0000000000000000000000000000000000000000000000000000000000000000000000010101010111100000000000000000111100000000000000000     
 -16      000000000000000000000000000001111111111111111110000000000000000000000000000000000111111100000000000000000000001100000000                               00000000000000000000000000000000000000000000000000000000000000000000000000000000111100000000000000000000000000000000000000    
 -15     0000000000000000000000000000011111111111111111000000000000000000000000000000000000011111100000000000000000000001100000000                               00000000000000000000000000000000000000000000000000000000000000000000000000000000101110000000000000000000000000000000000000    
 -14    00000000000000000000000000000011111111111111111100000000000000000000000000000000000001111100000000000000000000001100000000                               010000000000000000000000000000000000000000000000000000000000000000000000000000000111100000000000000000000000000000000000000   
 -13    00000000000000000000000000000000001111111111111110000000000000000000000000000000000000111110000000000000000000001100000000                               010000000000000000000000000000000000000000000000000000000000000000000000000000000100000000000000000000000000000000000000000   
 -12   000000000000000000000000000000000001111111101111100000000000000000000000000000000000000011110000000000000000000001100000000                               0100000000000000000000000000000000000000000000000000000000000000000000000000000101000000000000000000000000000000000000000000  
 -11   000000000000000000000000000000000001110110011111100000000000000000000000000000000000000011111000000000000000000001100000000                               0100000000000000000000000000000000000000000000000000000000000000000000000000000011000000000000000000000000000000000000000000  
 -10   000000000000000000000000000000000001111100011111110000000000000000000000000000000000000011111000000000000000000001100000000                               0100000001000000000000000000000000000000000000000000000000000000000111100000000011000000000000000000000000000000000000000000  
  -9  0000000000000000000000000000000000001110000011111111000000000000000000000000000000000000001111000000000000000000001100000000                               01000000010100000000000000000000000000000000000000000000000000000000000000000000010000000000000000000000000000000000000000000 
  -8  0000000000000000000000000000000000000000000000011111100000000000000000000000000000000000000111000000000000000000001100000000                               01000000010000000000000000000000000000000000000000000000000000000000000000000000000000000000000000000000000000000000000000000 
  -7  0000000000000000000000000000000000000000000000000000000000000000000000000000000000000000000111000000000000000000001100000000                               01000000010000000000000000000000000000000000000000000000000000000000000000000000000000000000000000000000000000000000000000000 
  -6  0000000000000000000000000000000000000000000000000000000000000000000000000000000000000000000010000000000000000000000100000000                               01000000000000000000000000000000000000000000000000000000000000000000000000000000000000000000000000000000000000000000000000000 
  -5  0000000000000000000000000000000000000000000000000000000000000000000000000000000000000000000000000000000000000000000100000000                               01000000000000000000000000000000000000000000000000000000000000000000000000000000000000000000000000000000000000000000000000000 
  -4 00000000000000000000000000000000000000000000000000000000000000000000000000000000000000000000000000000000000000000000100000000                               010000000000000000000000000000000000000000000000000000000000000000000000000000000000000000000000000000000000000000000000000000
  -3 00000000000000000000000000000000000000000000000000000000000000000000000000000000000000000000000000000000000000000000100000000                               010000000000000000000000000000000000000000000000000000000000000000000000000000000000000000000000000000000000000000000000000000
  -2 00000000000000000000000000000000000000000000000000000000000000000000000000000000000000000000000000000000000000000000100000000                               010000000000000000000000000000000000000000000000000000000000000000000000000000000000000000000000000000000000000000000000000000
  -1 00000000000000000000000000000000000000000000000000000000000000000000000000000000000000000000000000000000000000000000100000000                               010000000000000000000000100000000000000000000000000000000000000000000000000000000000000000000000000000000000000000000000000000
   0 000000000000000000000000000000000000000000000000000000000000000000000000000000000000000000000000000000000000100000001000000000                               11000000000000000000001110000000000000000000000000000000000000000000000000000000000000000000000000000000000000000000000000000
   1 000000000000000000000000000000000000000000000000000000000000000000000000000000000000000000000000000000000000100000001000000000                               11000000000000000000001110000000000000000000000000000000000000011111100000000000000000000000000000000000000000000000000000000
   2 000000000000000000000000000000000000000000000000000000000000000000000000000000000000000000000000000000000010100000001000000000                               11000000000000000000001111000000000000000000000000000000000000001111111100000111100000000000000000000000000000000000000000000
   3 000000000000000000000000000000000000010000000001111000000000000000000000000000000000000000000000000000000000100000001000000000                               11000000000000000000001111100000000000000000000000000000000000000111111100011111100000000000000000000000000000000000000000000
   4  00000000000000000000000000000000000010000000000000000000000000000000000000000000000000000000000000000000000000000001000000000                               1100000000000000000000111110000000000000000000000000000000000000001111110011011110000000000000000000000000000000000000000000 
   5  00000000000000000000000000000000000001000000000000000000000000000000000000000000000000000000000000000000000000000001000000000                               1100000000000000000000011110000000000000000000000000000000000000001111101111111110000000000000000000000000000000000000000000 
   6  00000000000000000000000000000000000000000000000000000000000000000000000000000000000000000000000000000000000000000001000000000                               1100000000000000000000011111000000000000000000000000000000000000011111111111111110000000000000000000000000000000000000000000 
   7  00000000000000000000000000000000000000000000000000000000000000000000000000000000000000000000000000000000000000000001000000000                               1100000000000000000000001111100000000000000000000000000000000000001111111111111110000000000000000000000000000000000000000000 
   8  00000000000000000000000000000000111010000000000000000000000000000000000000000000000000000000000000000000000000000000000000000                               1100000000000000000000001111110000000000000000000000000000000000000111111111111111110000000000000000000000000000000000000000 
   9   0000000000000000000000000000000011110000000000000000000000000000000000000000000000000000000000000000000000000000000000000000                               110000000000000000000000111111100000000000000000000000000000000001111111111111111110000000000000000000000000000000000000000  
  10   0000000000000000000000000000000001111010101010000000000000000000000000000000000000000000000000000000000000000000000000000000                               110000000000000000000000011111110000010000011000000000000000000011111111111111111100000000000000000000000000000000000000000  
  11   0000000000000111100000000000000000111111010111100000000000000000000000000000000000000000000010000000000000000000000000000000                               110000000000000000000000011111111010111011111100000000000000001111111111111111111000000000000000001111000000000000000000000  
  12    000000000000111110000000000000000111111001111111000000000000000000000000000000000000000011111100000000000000000000000000000                               11000000000000000000000000111111111111111111111000001000100001111111111111111111100000000000000001111100000000000000000000   
  13    000000000000011111000000000000000011111111111111100000000000000000000000000000000000000011111111000000000000000000000000000                               11000000000000000000000000111111111111111111111100001111110111111111111111111111000000000000000011111000000000000000000000   
  14     00000000000011111000000000000000001111111111111111000000000000000000000000000000000000100011111110000000000000000000000000                               1100000000000000000000000001111111111111111111111100111111111111111111111111111000000000000000001111100000000000000000000    
  15     00000000000001111100000000000000000111111111111111100000000000000000000000000000000010000011111111100000000000000000000000                               110000000000000000000000001111111111111111111111111111111111111111111111111111000000000000000001111100000000000000000000     
  16      0000000000001111110000000000000000011111111111111111000000000000000000000000000011000000001111111111000000000000000000000                               110000000000000000000000000111111111111111111111111111111111111111111111111110000000000000000011111100000000000000000000     
  17       000000000000111111000000000000000001111111111111111100000000000000000000000011111100000001111111111100000000000000000000                               11000000000000000000000000111111111111111111111111111111111111111111111111110000000000000000011111100000000000000000000      
  18       000000000000111111100000000000000000111111111111111111000000000000000011111111111100000001111111111111000000000000000000                               11000000000000000000000000111111111111111111111111111111111111111111111111100000000000000000111111100000000000000000000      
  19        00000000000111111100000000000000000011111111111111111100000000000111111111111111000000000101111111111100000000000000000                               1100000000000000000000000111111111111111111111101111111111111111111111111100000000000000000011111110000000000000000000       
  20        00000000000011111110000000000000000011111111111111111111100000011111111111111110000000000111001001111100000001100000000                               0000000000000000000000001011111111111111111111111111111111111111111111111000000000000000000111111100000000000000000000       
  21         0000000000011111111000000000000000001111110111111111111111111111111111111111110000000000111100000000000000001100000000                               000000000000000000000000011111111111111111111111111111111111111111111111000000000000000000111111110000000000000000000        
  22         0000000000011111111100000000000000000111110111111111111111111111111111111111100000000000000000000000000000000000000000                               000000000000000000000001010111111111111111111111111111111111111111111110000000000000000001111111110000000000000000000        
  23          000000000011111111110000000000000000011111111111111111111111111111111111111100000000000000000000000000000000000000000                               00000000000000000000001011111111111111111111111111111111111111111111110000000000000000001111111111000000000000000000         
  24          000000000001111111111000000000000000000111111111111111111111111111111111111000000000000000000000000000000000000000000                               00000000000000000000000010111111111111111111111111111111111111111111100000000000000000011111111111000000000000000000         
  25          000000000001111111111000000000000000000011111111111111111111111111111111111000000000000000000000000000000000000000000                               00000000000000000000000001111011111101111111111111111111111111111111000000000000000000011111110000000000000000000000         
  26           00000000001111111111100000000000000000001111111111111111111111111111111110000000000000000000000000000000000000000000                               0000000000000000000000000001111010110111111111111111111111111111111000000000000000000011100000000000000000000000000          
  27           00000000001111111111110000000000000000000111111111111111111111111111111100000000000000000000000000000000000000000000                              00000000000000000000000000000011110100010111111111111111111111111110000000000000000000100000000000000000000000000000          
  28           00000000000111111111111000000000000000000001111111111111111111111111111000000000000000000000000000000000000000000000                              00000000000000000000000000000011101000010101111111111111111111111000000000000000000000000000000000000000000000000000          
  29           00000000000111111111111100000000000000000000011111111111111111111111000000000000000000000000000000000000000000000000                              01000000000000000000000000000000111010000000101111111111111111100000000000000000000000000000000000000000000000000000          
  30            0000000000111111111111110000000000000000000000111111111111111111100000000000000000000000000000000000000000000000000                              01000000000000000000000000000000010100000000000111111111111110000000000000000000000000000000000000000000000000000000          
  31            0000000000011111111111111000000000000000000000000111111111111110000000000000000000000000001111111100000001100000000                              01000000010000000000000000000000000101010101000011111111111000000000000000000000000000000000000000000000000000000000          
  32            0000000000011111111111111100000000000000000000000000011111100000000000000000000000000001111111111100000001100000000                              01000000011100000000000000000000000000101010100111111111100000000000000000000000000000000000000000000000000000000000          
  33            0000000000011111111111111110000000000000000000000000000000000000000000000000000000000111111111111100000000100000000                              01000000011111100000000000000000000000001101111111111100000000000000000000000000000000000000000000000000000000000000          
  34             000000000011111111111111111100000000000000000000000000000000000000000000000000000001111111111111100000000100000000                              0100000001111111100000000000000000000000000111111100000000000000000000000000001000000000000000000000000000000000000           
  35             000000000001111111111111111110000000000000000000000000000000000000000000000000000111111111111111100000000100000000                              0100000001111111110000000000000000000000000000000000000000000000000000000000010000000000000000000000000000000000000           
  36             000000000000111111111111111111100000000000000000000000000000000000000000000000011111111111011111100000000100000000                              1100000001111111111100000000000000000000000000000000000000000000000000000001110000000000000000000000000000000000000           
  37              00000000000011111111111111111110000000000000000000000000000000000000000000001111111111000000111100000000100000000                              110000000110011111111000000000000000000000000000000000000000000000000000001110000000000000000000000000000000000000            
  38              00000000000001111111111111111111100000000000000000000000000000000000000000111111111100000000000100000000100000000                              110000000100000111111110000000000000000000000000000000000000000000000000111110000000000000000000000000000000000000            
  39              000000000000000111111111111111111111000000000000000000000000000000000000111111111110000000000000000000001000000000                             11000000000000000011111110000000000000000000000000000000000000000000001111111000000000000000000000000000000000000             
  40              000000000000000011111111111111111111111000000000000000000000000000000111111111111100000000000000000000001000000000                             11000000000000000011111111100000000000000000000000000000000000000000111111110000000000000000000000000000000000000             
  41               00000000000000000111111111111111111111111100000000000000000000001111111111111111000000000000000000000001000000000                             1100000000000000000111111111100000000000000000000000000000000000011111111111000000000000000000000000000000000000              
  42               00000000000000000011111111111111111111111111111111111111111111111111111111111110000000000000000000000001000000000                             1100000000000000000111111111111100000000000000000000000000000011111111111111000000000000000000000000000000000000              
  43                0000000000000000000111111111111111111111111111111111111111111111111111111111111100000000000000000000001000000000                             110000000000000000111111111111111110000000000000000000000011111111111111111100000000000000000000000000000000000               
  44                0000000000000000000011111111111111111111111111111111111111111111111111111111111100000000000000000000001000000000                             110000000000000000111111111111111111111100000000000011111111111111111111111100000000000000000000000000000000000               
  45                 000000000000000000001111111111111111111111111111111111111111111111111111111111110000000000000000000001000000000                             01000000000000000001111111111111111111111111111111111111111111111111111111110000000000000000000000000000000000                
  46                  00000000000000000000111111111111111111111111111111111111111111111111111111111110000000000000000000000000000000                             0100000000000000000011111111111111111111111111111111111111111111111111111111000000000000000000000000000000000                 
  47                    000000000000000000011111111111111111111111111111111111111111111111111111111110000000000000000000000000000000                             010000000000000000110111111111111111111111111111111111111111111111111111111100000000000000000000000000000000                  
  48                     00000000000000000001111111111111111111111111111111111111111111111111111110000000000000000000000000000000000                             0100000000000000011111111111111111111111111111111111111111111111111111111111100000000000000000000000000000                    
  49                      0000000000000000000111111111111111111111111111111111111111111111111111111000000000000000000000000000000000                             000000000000000001111111111111111111111111111111111111111111111111111111111110000000000000000000000000000                     
  50                       000000000000000000001111111111111111111111111111111111111111111111111111100000000000000000000000000000000                             00000000000000001111111111111111111111111111111111111111111111111111111111111000000000000000000000000000                      
  51                         0000000000000000000111111111111111111111111111111111111111111111111111100000000000000000000000000000000                             0000000000000000111111111111111111111111111111111111111111111111111111111111000000000000000000000000000                       
  52                          000000000000000000001111111111111111111111111111111111111111111111111110000000000000000000000000000000                             00000000000000000111111111111111111111111111111111111111111111111111111111000000000000000000000000000                         
  53                           00000000000000000000011111111111111111111111111111111111111111111111110000000000000000000000000000000                             0000000000000000011101111111111111111111111111111111111111111111111111110000000000000000000000000000                          
  54                             00000000000000000000011111111111111111111111111111111111111111001100000000000000000000000000000000                              00000000000000000010001111111111111111111111111111111111111111111111110000000000000000000000000000                            
  55                              0000000000000000000000011111111111111111111111111111111111100000000000000000000000000000000000000                              0000000000000000000001111111111111111111111111111111111111111111111100000000000000000000000000000                             
  56                                00000000000000000000000111111111111111111111111111111000100000000000000000000000000000000000000                              00000000000000000000111111111111111111111111111111111111111111111100000000000000000000000000000                               
  57                                 0000000000000000000000001111111111111111111111111111100010000000000000000000000000000000000000                              0000000000000000000111111111111111111111111111111111111111111111000000000000000000000000000000                                
  58                                   00000000000000000000000011111111111111111111111111110000000100000000000000000000000000000000                              00000000000000000000011111111111111111111111111111111111111111000000000000000000000000000000                                  
  59                                    0000000000000000000000000111111111111111111111111111100111110000000000000000000000000000000                              0000000000000000000000000111111111111111111111111111111111110000000000000000000000000000000                                   
  60                                     000000000000000000000000001111111111111111111111111111111110000000000000000000000000000000                               00000000000000000000000000001111111111111111111111111111000000000000000000000000000000000                                    
  61                                      0000000000000000000000000001111111111111111111111110011100000000000000000000000000000000                                0000000000000000000000000000000011111111111111111111110000000000000000000000000000000000                                     
  62                                       000000000000000000000000000011111111111111111111111111100000000000000000000000000000000                                000000000000000000000000000000000000111111111111111000000000000000000000000000000000000                                      
  63                                        00000000000000000000000000000011111111111111111111000000000000000000000000000000000000                                00000000000000000000000000000000000000011111111000000000000000000000000000000000000000                                       
  64                                         000000000000000000000000000000011111111111111100000000000000000000000000000000000000                                  000000000000000000000000000000000000000000000000000000000000000000000000000000000000                                        
  65                                           000000000000000000000000000000000111111100000000000000000000000000000000000000000                                     000000000000000000000000000000000000000000000000000000000000000000000000000000000                                         
  66                                            0000000000000000000000000000000000000000000000000000000000000000000000000000000                                       0000000000000000000000000000000000000000000000000000000000000000000000000000000                                          
  67                                              000000000000000000000000000000000000000000000000000000000000000000000000000                                           000000000000000000000000000000000000000000000000000000000000000000000000000                                            
  68                                                000000000000000000000000000000000000000000000000000000000000000000000000                                              00000000000000000000000000000000000000000000000000000000000000000000000                                              
  69                                                  00000000000000000000000000000000000000000000000000000000000000000000                                                  0000000000000000000000000000000000000000000000000000000000000000000                                                
  70                                                     0000000000000000000000000000000000000000000000000000000000000000                                                     000000000000000000000000000000000000000000000000000000000000000                                                  
  71                                                       000000000000000000000000000000000000000000000000000000000000                                                          0000000000000000000000000000000000000000000000000000000000                                                    
  72                                                         00000000000000000000000000000000000000000000000000000000                                                               00000000000000000000000000000000000000000000000000000                                                      
  73                                                           0000000000000000000000000000000000000000000000000000                                                                   0000000000000000000000000000000000000000000000000                                                        
  74                                                             000000000000000000000000000000000000000000000000                                                                         0000000000000000000000000000000000000000000                                                          
  75                                                               00000000000000000000000000000000000000000000                                                                               000000000000000000000000000000000000                                                             
  76                                                                 0000000000000000000000000000000000000000                                                                                     000000000000000000000000000000                                                               
  77                                                                   00000000000000000000000000000000000                                                                                            00000000000000000000000                                                                  
  78                                                                      0000000000000000000000000000                                                                                                   0000000000000000                                                                      
  79                                                                        00000000000000000000000                                                                                                          0000000                                                                           
  80                                                                            000000000000000                                                                                                                                                                                                
  81                                                                               0000000                                                                                                                                                                                                     
seats 9177; refused 6721 DR-CLAIM, 5316 DR-SLOPE, 4326 DR-PASS, 3781 DR-SITE, 1530 DR-KEEP, 1487 OB19
DR-SLOPE asked: a site rising 7 or more is refused
NOT ASKED  DR-CROSS, DR-WAY — the pass may still decline a seat marked 1 under these
