## tree
SEATS  tree, footprint 1x1, 3 blocks off a route  1 char = 1 block  x -88..87 across, z -144..143 down
KEY  1 the footprint seats with its minimum corner here  0 refused  space void
            -8        -7        -6        -5        -4        -3        -2        -1         0         1         2         3         4         5         6         7         8       
     87654321098765432109876543210987654321098765432109876543210987654321098765432109876543210123456789012345678901234567890123456789012345678901234567890123456789012345678901234567
-144                                                                                         000000000001111111111111                                                                
-143                                                                                         000000000000000000111111                                                                
-142                                                                                         000000000000000000111111                                                                
-141                                                                                         000000000000000000111111                                                                
-140                                                                                         000000000000000000111111                                                                
-139                                                                                         000000000000000000111111                                                                
-138                                                                                         000000000000000000111111                                                                
-137                                                                                         000000000000000000111111                                                                
-136                                                                                         000000000000000000111111                                                                
-135                                                                                         000000000000000000111111                                                                
-134                                                                                         000000000000000000111111                                                                
-133                                                                                         000000000000000000111111                                                                
-132                                                                                         000000000000000000111111                                                                
-131                                                                                         000000000000000000111111                                                                
-130                                                                                         000000000000000000111111                                                                
-129                                                                                         000000000000000000111111                                                                
-128                                                                                                 0001111111111111                                                                
-127                                                                                                 0001111111111111                                                                
-126                                                                                                 0001111111111111                                                                
-125                                                                                                 1111111111111111                                                                
-124                                                                                                 1111111111111111                                                                
-123                                                                                                 1111111111111111                                                                
-122                                                                                                 1111111111111111                                                                
-121                                                                                                 1111111111111111                                                                
-120                                                                                                 1111111111111111                                                                
-119                                                                                                 1111111111111111                                                                
-118                                                                                                 1111111111111111                                                                
-117                                                                                                 1111111111111111                                                                
-116                                                                                                 1111111111111111                                                                
-115                                                                                                 1111111111111111                                                                
-114                                                                                                 1111111111111111                                                                
-113                                                                                                 1111111111111111                                                                
-112                                             0000000000011111111111111111111111111111111111111111111111111111111111111111111111111111111111111111                                
-111                                             0000000000000000000000000000111111111111111111111111111111111111111111111111111111111111111111111111                                
-110                                             0000000000000000000000000000111111111111111111111111111111111111111111111111111111111111111111111111                                
-109                                             0000000000000000000000000000111111111111111111111111111111111111111111111111111111111111111111111111                                
-108                                             0000000000000000000000000000111111111111111111111111111111111111111111111111111111111111111111111111                                
-107                                             0000000000000000000000000000111111111111111111111111111111111111111111111111111111111111111111111111                                
-106                                             0000000000000000000000000000111111111111111111111111111111111111111111111111111111111111111111111111                                
-105                                             0000000000000000000000000000111111111111111111111111111111111111111111111111111111111111111111111111                                
-104                                             000000000000000000000000000011111111111111111111111111111111111111111111111111111111111111111111111111111111111111111111110000000000
-103                                             000000000000000000000000000011111111111111111111111111111111111111111111111111111111111111111111111111111111111111100000000000000000
-102                                             000000000000000000000000000011111111111111111111111111111111111111111111111111111111111111111111111111111111111111100000000000000000
-101                                             000000000000000000000000000011111111111111111111111111111111111111111111111111111111111111111111111111111111111111100000000000000000
-100                                             000000000000000000000000000011111111111111111111111111111111111111111111111111111111111111111111111111111111111111100000000000000000
 -99                                             000000000000000000000000000011111111111111111111111111111111111111111111111111111111111111111111111111111111111111100000000000000000
 -98                                             000000000000000000000000000011111111111111111111111111111111111111111111111111111111111111111111111111111111111111100000000000000000
 -97                                             000000000000000000000000000011111111111111111111111111111111111111111111111111111111111111111111111111111111111111100000000000000000
 -96                                                         1111111111111111                                                        111111111111111111111111111111100000000000000000
 -95                                                         1111111111111111                                                        111111111111111111111111111111100000000000000000
 -94                                                         1111111111111111                                                        111111111111111111111111111111100000000000000000
 -93                                                         1111111111111111                                                        111111111111111111111111111111100000000000000000
 -92                                                         1111111111111111                                                        111111111111111111111111111111100000000000000000
 -91                                                         1111111111111111                                                        111111111111111111111111111111100000000000000000
 -90                                                         1111111111111111                                                        111111111111111111111111111111100000000000000000
 -89                                                         1111111111111111                                                        111111111111111111111111111111100000000000000000
 -88                                                         1111111111111111                                                        1111111111111111                                
 -87                                                         1111111111111111                                                        1111111111111111                                
 -86                                                         1111111111111111                                                        1111111111111111                                
 -85                                                         1111111111111111                                                        1111111111111111                                
 -84                                                         1111111111111111                                                        1111111111111111                                
 -83                                                         1111111111111111                                                        1111111111111111                                
 -82                                                         1111111111111111                                                        1111111111111111                                
 -81                                                         1111111111111111                                                        1111111111111111                                
 -80                                                         1111111111111111111111111111111111111111111111111111111111111111111111111111111111111111                                
 -79                                                         1111111111111111111111111111111111111111111111111111111111111111111111111111111111111111                                
 -78                                                         1111111111111111111111111111111111111111111111111111111111111111111111111111111111111111                                
 -77                                                         1111111111111111111111111111111111111111111111111111111111111111111111111111111111111111                                
 -76                                                         1111111111111111111111111111111111111111111111111111111111111111111111111111111111111111                                
 -75                                                         1111111111111111111111111111111111111111111111111111111111111111111111111111111111111111                                
 -74                                                         1111111111111111111111111111111111111111111111111111111111111111111111111111111111111111                                
 -73                                                         1111111111111111111111111111111111111111111111111111111111111111111111111111111111111111                                
 -72                                                         1111111111111111111111111111111111111111111111111111111111111111111111111111111111111111                                
 -71                                                         1111111111111111111111111111111111111111111111111111111111111111111111111111111111111111                                
 -70                                                         1111111111111111111111111111111111111111111111111111111111111111111111111111111111111111                                
 -69                                                         1111111111111111111111111111111111111111111111111111111111111111111111111111111111111111                                
 -68                                                         1111111111111111111111111111111111111111111111111111111111111111111111111111111111111111                                
 -67                                                         1111111111111111111111111111111111111111111111111111111111111111111111111111111111111111                                
 -66                                                         1111111111111111111111111111111111111111111111111111111111111111111111111111111111111111                                
 -65                                                         1111111111111111111111111111111111111111111111111111111111111111111111111111111111111111                                
 -64                                                                     1111111111111111111111111111111111111111111111111111111111111111                                            
 -63                                                                     1111111111111111111111111111111111111111111111111111111111111111                                            
 -62                                                                     1111111111111111111111111111111111111111111111111111111111111111                                            
 -61                                                                     1111111111111111111111111111111111111111111111111111111111111111                                            
 -60                                                                     1111111111111111111111111111111111111111111111111111111111111111                                            
 -59                                                                     1111111111111111111111111111111111111111111111111111111111111111                                            
 -58                                                                     1111111111111111111111111111111111111111111111111111111111111111                                            
 -57                                                                     1111111111111111111111111111111111111111111111111111111111111111                                            
 -56                                                                     1111111111111111111111111111111111111111111111111111111111111111                                            
 -55                                                                     1111111111111111111111111111111111111111111111111111111111111111                                            
 -54                                                                     1111111111111111111111111111111111111111111111111111111111111111                                            
 -53                                                                     1111111111111111111111111111111111111111111111111111111111111111                                            
 -52                                                                     1111111111111111111111111111111111111111111111111111111111111111                                            
 -51                                                                     1111111111111111111111111111111111111111111111111111111111111111                                            
 -50                                                                     1111111111111111111111111111111111111111111111111111111111111111                                            
 -49                                                                     1111111111111111111111111111111111111111111111111111111111111111                                            
 -48                                                                     1111111111111111            1111111111111111                                                                
 -47                                                                     1111111111111111            1111111111111111                                                                
 -46                                                                     1111111111111111            1111111111111111                                                                
 -45                                                                     1111111111111111            1111111111111111                                                                
 -44                                                                     1111111111111111            1111111111111111                                                                
 -43                                                                     1111111111111111            1111111111111111                                                                
 -42                                                                     1111111111111111            1111111111111111                                                                
 -41                                                                     1111111111111111            1111111111111111                                                                
 -40                                                                                                                                                                                 
 -39                                                                                                                                                                                 
 -38                                                                                                                                                                                 
 -37                                                                                                                                                                                 
 -36                                                                                                                                                                                 
 -35                                                                                                                                                                                 
 -34                                                                                                                                                                                 
 -33                                                                                                                                                                                 
 -32                                                                                                                                                                                 
 -31                                                                                                                                                                                 
 -30                                                                                                                                                                                 
 -29                                                                                                                                                                                 
 -28                                                                     1111111111111111            1111111111111111                                                                
 -27                                                                     1111111111111111            1111111111111111                                                                
 -26                                                                     1111111111111111            1111111111111111                                                                
 -25                                                                     1111111111111111            1111111111111111                                                                
 -24                                                                     1111111111111111            1111111111111111                                                                
 -23                                                                     1111111111111111            1111111111111111                                                                
 -22                                                                     1111111111111111            1111111111111111                                                                
 -21                                                                     1111111111111111            1111111111111111                                                                
 -20                                                                     1111111111111111            1111111111111111                                                                
 -19                                                                     1111111111111111            1111111111111111                                                                
 -18                                                                     1111111111111111            1111111111111111                                                                
 -17                                                                     1111111111111111            1111111111111111                                                                
 -16                                                                     1111111111111111            1111111111111111                                                                
 -15                                                                     1111111111111111            1111111111111111                                                                
 -14                                                                     1111111111111111            1111111111111111                                                                
 -13                                                                     1111111111111111            1111111111111111                                                                
 -12                                                                                                                                                                                 
 -11                                                                                                                                                                                 
 -10                                                                                                                                                                                 
  -9                                                                                                                                                                                 
  -8                                                                                                                                                                                 
  -7                                                                                                                                                                                 
  -6                                                                                                                                                                                 
  -5                                                                                                                                                                                 
  -4                                                                                                                                                                                 
  -3                                                                                                                                                                                 
  -2                                                                                                                                                                                 
  -1                                                                                                                                                                                 
   0                                                                                                                                                                                 
   1                                                                                                                                                                                 
   2                                                                                                                                                                                 
   3                                                                                                                                                                                 
   4                                                                                                                                                                                 
   5                                                                                                                                                                                 
   6                                                                                                                                                                                 
   7                                                                                                                                                                                 
   8                                                                                                                                                                                 
   9                                                                                                                                                                                 
  10                                                                                                                                                                                 
  11                                                                                                                                                                                 
  12                                                                 1111111111111111            1111111111111111                                                                    
  13                                                                 1111111111111111            1111111111111111                                                                    
  14                                                                 1111111111111111            1111111111111111                                                                    
  15                                                                 1111111111111111            1111111111111111                                                                    
  16                                                                 1111111111111111            1111111111111111                                                                    
  17                                                                 1111111111111111            1111111111111111                                                                    
  18                                                                 1111111111111111            1111111111111111                                                                    
  19                                                                 1111111111111111            1111111111111111                                                                    
  20                                                                 1111111111111111            1111111111111111                                                                    
  21                                                                 1111111111111111            1111111111111111                                                                    
  22                                                                 1111111111111111            1111111111111111                                                                    
  23                                                                 1111111111111111            1111111111111111                                                                    
  24                                                                 1111111111111111            1111111111111111                                                                    
  25                                                                 1111111111111111            1111111111111111                                                                    
  26                                                                 1111111111111111            1111111111111111                                                                    
  27                                                                 1111111111111111            1111111111111111                                                                    
  28                                                                                                                                                                                 
  29                                                                                                                                                                                 
  30                                                                                                                                                                                 
  31                                                                                                                                                                                 
  32                                                                                                                                                                                 
  33                                                                                                                                                                                 
  34                                                                                                                                                                                 
  35                                                                                                                                                                                 
  36                                                                                                                                                                                 
  37                                                                                                                                                                                 
  38                                                                                                                                                                                 
  39                                                                                                                                                                                 
  40                                                                 1111111111111111            1111111111111111                                                                    
  41                                                                 1111111111111111            1111111111111111                                                                    
  42                                                                 1111111111111111            1111111111111111                                                                    
  43                                                                 1111111111111111            1111111111111111                                                                    
  44                                                                 1111111111111111            1111111111111111                                                                    
  45                                                                 1111111111111111            1111111111111111                                                                    
  46                                                                 1111111111111111            1111111111111111                                                                    
  47                                                                 1111111111111111            1111111111111111                                                                    
  48                                             1111111111111111111111111111111111111111111111111111111111111111                                                                    
  49                                             1111111111111111111111111111111111111111111111111111111111111111                                                                    
  50                                             1111111111111111111111111111111111111111111111111111111111111111                                                                    
  51                                             1111111111111111111111111111111111111111111111111111111111111111                                                                    
  52                                             1111111111111111111111111111111111111111111111111111111111111111                                                                    
  53                                             1111111111111111111111111111111111111111111111111111111111111111                                                                    
  54                                             1111111111111111111111111111111111111111111111111111111111111111                                                                    
  55                                             1111111111111111111111111111111111111111111111111111111111111111                                                                    
  56                                             1111111111111111111111111111111111111111111111111111111111111111                                                                    
  57                                             1111111111111111111111111111111111111111111111111111111111111111                                                                    
  58                                             1111111111111111111111111111111111111111111111111111111111111111                                                                    
  59                                             1111111111111111111111111111111111111111111111111111111111111111                                                                    
  60                                             1111111111111111111111111111111111111111111111111111111111111111                                                                    
  61                                             1111111111111111111111111111111111111111111111111111111111111111                                                                    
  62                                             1111111111111111111111111111111111111111111111111111111111111111                                                                    
  63                                             1111111111111111111111111111111111111111111111111111111111111111                                                                    
  64                                 1111111111111111111111111111111111111111111111111111111111111111111111111111111111111111                                                        
  65                                 1111111111111111111111111111111111111111111111111111111111111111111111111111111111111111                                                        
  66                                 1111111111111111111111111111111111111111111111111111111111111111111111111111111111111111                                                        
  67                                 1111111111111111111111111111111111111111111111111111111111111111111111111111111111111111                                                        
  68                                 1111111111111111111111111111111111111111111111111111111111111111111111111111111111111111                                                        
  69                                 1111111111111111111111111111111111111111111111111111111111111111111111111111111111111111                                                        
  70                                 1111111111111111111111111111111111111111111111111111111111111111111111111111111111111111                                                        
  71                                 1111111111111111111111111111111111111111111111111111111111111111111111111111111111111111                                                        
  72                                 1111111111111111111111111111111111111111111111111111111111111111111111111111111111111111                                                        
  73                                 1111111111111111111111111111111111111111111111111111111111111111111111111111111111111111                                                        
  74                                 1111111111111111111111111111111111111111111111111111111111111111111111111111111111111111                                                        
  75                                 1111111111111111111111111111111111111111111111111111111111111111111111111111111111111111                                                        
  76                                 1111111111111111111111111111111111111111111111111111111111111111111111111111111111111111                                                        
  77                                 1111111111111111111111111111111111111111111111111111111111111111111111111111111111111111                                                        
  78                                 1111111111111111111111111111111111111111111111111111111111111111111111111111111111111111                                                        
  79                                 1111111111111111111111111111111111111111111111111111111111111111111111111111111111111111                                                        
  80                                 1111111111111111                                                        1111111111111111                                                        
  81                                 1111111111111111                                                        1111111111111111                                                        
  82                                 1111111111111111                                                        1111111111111111                                                        
  83                                 1111111111111111                                                        1111111111111111                                                        
  84                                 1111111111111111                                                        1111111111111111                                                        
  85                                 1111111111111111                                                        1111111111111111                                                        
  86                                 1111111111111111                                                        1111111111111111                                                        
  87                                 1111111111111111                                                        1111111111111111                                                        
  88 000000000001111111111111111111111111111111111111                                                        1111111111111111                                                        
  89 000000000000000000111111111111111111111111111111                                                        1111111111111111                                                        
  90 000000000000000000111111111111111111111111111111                                                        1111111111111111                                                        
  91 000000000000000000111111111111111111111111111111                                                        1111111111111111                                                        
  92 000000000000000000111111111111111111111111111111                                                        1111111111111111                                                        
  93 000000000000000000111111111111111111111111111111                                                        1111111111111111                                                        
  94 000000000000000000111111111111111111111111111111                                                        1111111111111111                                                        
  95 000000000000000000111111111111111111111111111111                                                        1111111111111111                                                        
  96 000000000000000000111111111111111111111111111111111111111111111111111111111111111111111111111111111111111111111111111111110000000000                                            
  97 000000000000000000111111111111111111111111111111111111111111111111111111111111111111111111111111111111111000000000000000000000000000                                            
  98 000000000000000000111111111111111111111111111111111111111111111111111111111111111111111111111111111111111000000000000000000000000000                                            
  99 000000000000000000111111111111111111111111111111111111111111111111111111111111111111111111111111111111111000000000000000000000000000                                            
 100 000000000000000000111111111111111111111111111111111111111111111111111111111111111111111111111111111111111000000000000000000000000000                                            
 101 000000000000000000111111111111111111111111111111111111111111111111111111111111111111111111111111111111111000000000000000000000000000                                            
 102 000000000000000000111111111111111111111111111111111111111111111111111111111111111111111111111111111111111000000000000000000000000000                                            
 103 000000000000000000111111111111111111111111111111111111111111111111111111111111111111111111111111111111111000000000000000000000000000                                            
 104                                 1111111111111111111111111111111111111111111111111111111111111111111111111000000000000000000000000000                                            
 105                                 1111111111111111111111111111111111111111111111111111111111111111111111111000000000000000000000000000                                            
 106                                 1111111111111111111111111111111111111111111111111111111111111111111111111000000000000000000000000000                                            
 107                                 1111111111111111111111111111111111111111111111111111111111111111111111111000000000000000000000000000                                            
 108                                 1111111111111111111111111111111111111111111111111111111111111111111111111000000000000000000000000000                                            
 109                                 1111111111111111111111111111111111111111111111111111111111111111111111111000000000000000000000000000                                            
 110                                 1111111111111111111111111111111111111111111111111111111111111111111111111000000000000000000000000000                                            
 111                                 1111111111111111111111111111111111111111111111111111111111111111111111111000000000000000000000000000                                            
 112                                                                 1111111111111111                                                                                                
 113                                                                 1111111111111111                                                                                                
 114                                                                 1111111111111111                                                                                                
 115                                                                 1111111111111111                                                                                                
 116                                                                 1111111111111111                                                                                                
 117                                                                 1111111111111111                                                                                                
 118                                                                 1111111111111111                                                                                                
 119                                                                 1111111111111111                                                                                                
 120                                                                 1111111111111111                                                                                                
 121                                                                 1111111111111111                                                                                                
 122                                                                 1111111111111111                                                                                                
 123                                                                 1111111111111111                                                                                                
 124                                                                 1111111111111111                                                                                                
 125                                                                 1111111111111111                                                                                                
 126                                                                 1111111111111100                                                                                                
 127                                                                 1111111111111100                                                                                                
 128                                                                 111111111111110000000000                                                                                        
 129                                                                 111111100000000000000000                                                                                        
 130                                                                 111111100000000000000000                                                                                        
 131                                                                 111111100000000000000000                                                                                        
 132                                                                 111111100000000000000000                                                                                        
 133                                                                 111111100000000000000000                                                                                        
 134                                                                 111111100000000000000000                                                                                        
 135                                                                 111111100000000000000000                                                                                        
 136                                                                 111111100000000000000000                                                                                        
 137                                                                 111111100000000000000000                                                                                        
 138                                                                 111111100000000000000000                                                                                        
 139                                                                 111111100000000000000000                                                                                        
 140                                                                 111111100000000000000000                                                                                        
 141                                                                 111111100000000000000000                                                                                        
 142                                                                 111111100000000000000000                                                                                        
 143                                                                 111111100000000000000000                                                                                        
seats 10977; refused 1951 DR-KEEP

## boulder
SEATS  boulder, footprint 1x1, 2 blocks off a route  1 char = 1 block  x -88..87 across, z -144..143 down
KEY  1 the footprint seats with its minimum corner here  0 refused  space void
            -8        -7        -6        -5        -4        -3        -2        -1         0         1         2         3         4         5         6         7         8       
     87654321098765432109876543210987654321098765432109876543210987654321098765432109876543210123456789012345678901234567890123456789012345678901234567890123456789012345678901234567
-144                                                                                         000000000001111111111111                                                                
-143                                                                                         000000000000000000111111                                                                
-142                                                                                         000000000000000000111111                                                                
-141                                                                                         000000000000000000111111                                                                
-140                                                                                         000000000000000000111111                                                                
-139                                                                                         000000000000000000111111                                                                
-138                                                                                         000000000000000000111111                                                                
-137                                                                                         000000000000000000111111                                                                
-136                                                                                         000000000000000000111111                                                                
-135                                                                                         000000000000000000111111                                                                
-134                                                                                         000000000000000000111111                                                                
-133                                                                                         000000000000000000111111                                                                
-132                                                                                         000000000000000000111111                                                                
-131                                                                                         000000000000000000111111                                                                
-130                                                                                         000000000000000000111111                                                                
-129                                                                                         000000000000000000111111                                                                
-128                                                                                                 0001111111111111                                                                
-127                                                                                                 0001111111111111                                                                
-126                                                                                                 0001111111111111                                                                
-125                                                                                                 1111111111111111                                                                
-124                                                                                                 1111111111111111                                                                
-123                                                                                                 1111111111111111                                                                
-122                                                                                                 1111111111111111                                                                
-121                                                                                                 1111111111111111                                                                
-120                                                                                                 1111111111111111                                                                
-119                                                                                                 1111111111111111                                                                
-118                                                                                                 1111111111111111                                                                
-117                                                                                                 1111111111111111                                                                
-116                                                                                                 1111111111111111                                                                
-115                                                                                                 1111111111111111                                                                
-114                                                                                                 1111111111111111                                                                
-113                                                                                                 1111111111111111                                                                
-112                                             0000000000011111111111111111111111111111111111111111111111111111111111111111111111111111111111111111                                
-111                                             0000000000000000000000000000111111111111111111111111111111111111111111111111111111111111111111111111                                
-110                                             0000000000000000000000000000111111111111111111111111111111111111111111111111111111111111111111111111                                
-109                                             0000000000000000000000000000111111111111111111111111111111111111111111111111111111111111111111111111                                
-108                                             0000000000000000000000000000111111111111111111111111111111111111111111111111111111111111111111111111                                
-107                                             0000000000000000000000000000111111111111111111111111111111111111111111111111111111111111111111111111                                
-106                                             0000000000000000000000000000111111111111111111111111111111111111111111111111111111111111111111111111                                
-105                                             0000000000000000000000000000111111111111111111111111111111111111111111111111111111111111111111111111                                
-104                                             000000000000000000000000000011111111111111111111111111111111111111111111111111111111111111111111111111111111111111111111110000000000
-103                                             000000000000000000000000000011111111111111111111111111111111111111111111111111111111111111111111111111111111111111100000000000000000
-102                                             000000000000000000000000000011111111111111111111111111111111111111111111111111111111111111111111111111111111111111100000000000000000
-101                                             000000000000000000000000000011111111111111111111111111111111111111111111111111111111111111111111111111111111111111100000000000000000
-100                                             000000000000000000000000000011111111111111111111111111111111111111111111111111111111111111111111111111111111111111100000000000000000
 -99                                             000000000000000000000000000011111111111111111111111111111111111111111111111111111111111111111111111111111111111111100000000000000000
 -98                                             000000000000000000000000000011111111111111111111111111111111111111111111111111111111111111111111111111111111111111100000000000000000
 -97                                             000000000000000000000000000011111111111111111111111111111111111111111111111111111111111111111111111111111111111111100000000000000000
 -96                                                         1111111111111111                                                        111111111111111111111111111111100000000000000000
 -95                                                         1111111111111111                                                        111111111111111111111111111111100000000000000000
 -94                                                         1111111111111111                                                        111111111111111111111111111111100000000000000000
 -93                                                         1111111111111111                                                        111111111111111111111111111111100000000000000000
 -92                                                         1111111111111111                                                        111111111111111111111111111111100000000000000000
 -91                                                         1111111111111111                                                        111111111111111111111111111111100000000000000000
 -90                                                         1111111111111111                                                        111111111111111111111111111111100000000000000000
 -89                                                         1111111111111111                                                        111111111111111111111111111111100000000000000000
 -88                                                         1111111111111111                                                        1111111111111111                                
 -87                                                         1111111111111111                                                        1111111111111111                                
 -86                                                         1111111111111111                                                        1111111111111111                                
 -85                                                         1111111111111111                                                        1111111111111111                                
 -84                                                         1111111111111111                                                        1111111111111111                                
 -83                                                         1111111111111111                                                        1111111111111111                                
 -82                                                         1111111111111111                                                        1111111111111111                                
 -81                                                         1111111111111111                                                        1111111111111111                                
 -80                                                         1111111111111111111111111111111111111111111111111111111111111111111111111111111111111111                                
 -79                                                         1111111111111111111111111111111111111111111111111111111111111111111111111111111111111111                                
 -78                                                         1111111111111111111111111111111111111111111111111111111111111111111111111111111111111111                                
 -77                                                         1111111111111111111111111111111111111111111111111111111111111111111111111111111111111111                                
 -76                                                         1111111111111111111111111111111111111111111111111111111111111111111111111111111111111111                                
 -75                                                         1111111111111111111111111111111111111111111111111111111111111111111111111111111111111111                                
 -74                                                         1111111111111111111111111111111111111111111111111111111111111111111111111111111111111111                                
 -73                                                         1111111111111111111111111111111111111111111111111111111111111111111111111111111111111111                                
 -72                                                         1111111111111111111111111111111111111111111111111111111111111111111111111111111111111111                                
 -71                                                         1111111111111111111111111111111111111111111111111111111111111111111111111111111111111111                                
 -70                                                         1111111111111111111111111111111111111111111111111111111111111111111111111111111111111111                                
 -69                                                         1111111111111111111111111111111111111111111111111111111111111111111111111111111111111111                                
 -68                                                         1111111111111111111111111111111111111111111111111111111111111111111111111111111111111111                                
 -67                                                         1111111111111111111111111111111111111111111111111111111111111111111111111111111111111111                                
 -66                                                         1111111111111111111111111111111111111111111111111111111111111111111111111111111111111111                                
 -65                                                         1111111111111111111111111111111111111111111111111111111111111111111111111111111111111111                                
 -64                                                                     1111111111111111111111111111111111111111111111111111111111111111                                            
 -63                                                                     1111111111111111111111111111111111111111111111111111111111111111                                            
 -62                                                                     1111111111111111111111111111111111111111111111111111111111111111                                            
 -61                                                                     1111111111111111111111111111111111111111111111111111111111111111                                            
 -60                                                                     1111111111111111111111111111111111111111111111111111111111111111                                            
 -59                                                                     1111111111111111111111111111111111111111111111111111111111111111                                            
 -58                                                                     1111111111111111111111111111111111111111111111111111111111111111                                            
 -57                                                                     1111111111111111111111111111111111111111111111111111111111111111                                            
 -56                                                                     1111111111111111111111111111111111111111111111111111111111111111                                            
 -55                                                                     1111111111111111111111111111111111111111111111111111111111111111                                            
 -54                                                                     1111111111111111111111111111111111111111111111111111111111111111                                            
 -53                                                                     1111111111111111111111111111111111111111111111111111111111111111                                            
 -52                                                                     1111111111111111111111111111111111111111111111111111111111111111                                            
 -51                                                                     1111111111111111111111111111111111111111111111111111111111111111                                            
 -50                                                                     1111111111111111111111111111111111111111111111111111111111111111                                            
 -49                                                                     1111111111111111111111111111111111111111111111111111111111111111                                            
 -48                                                                     1111111111111111            1111111111111111                                                                
 -47                                                                     1111111111111111            1111111111111111                                                                
 -46                                                                     1111111111111111            1111111111111111                                                                
 -45                                                                     1111111111111111            1111111111111111                                                                
 -44                                                                     1111111111111111            1111111111111111                                                                
 -43                                                                     1111111111111111            1111111111111111                                                                
 -42                                                                     1111111111111111            1111111111111111                                                                
 -41                                                                     1111111111111111            1111111111111111                                                                
 -40                                                                                                                                                                                 
 -39                                                                                                                                                                                 
 -38                                                                                                                                                                                 
 -37                                                                                                                                                                                 
 -36                                                                                                                                                                                 
 -35                                                                                                                                                                                 
 -34                                                                                                                                                                                 
 -33                                                                                                                                                                                 
 -32                                                                                                                                                                                 
 -31                                                                                                                                                                                 
 -30                                                                                                                                                                                 
 -29                                                                                                                                                                                 
 -28                                                                     1111111111111111            1111111111111111                                                                
 -27                                                                     1111111111111111            1111111111111111                                                                
 -26                                                                     1111111111111111            1111111111111111                                                                
 -25                                                                     1111111111111111            1111111111111111                                                                
 -24                                                                     1111111111111111            1111111111111111                                                                
 -23                                                                     1111111111111111            1111111111111111                                                                
 -22                                                                     1111111111111111            1111111111111111                                                                
 -21                                                                     1111111111111111            1111111111111111                                                                
 -20                                                                     1111111111111111            1111111111111111                                                                
 -19                                                                     1111111111111111            1111111111111111                                                                
 -18                                                                     1111111111111111            1111111111111111                                                                
 -17                                                                     1111111111111111            1111111111111111                                                                
 -16                                                                     1111111111111111            1111111111111111                                                                
 -15                                                                     1111111111111111            1111111111111111                                                                
 -14                                                                     1111111111111111            1111111111111111                                                                
 -13                                                                     1111111111111111            1111111111111111                                                                
 -12                                                                                                                                                                                 
 -11                                                                                                                                                                                 
 -10                                                                                                                                                                                 
  -9                                                                                                                                                                                 
  -8                                                                                                                                                                                 
  -7                                                                                                                                                                                 
  -6                                                                                                                                                                                 
  -5                                                                                                                                                                                 
  -4                                                                                                                                                                                 
  -3                                                                                                                                                                                 
  -2                                                                                                                                                                                 
  -1                                                                                                                                                                                 
   0                                                                                                                                                                                 
   1                                                                                                                                                                                 
   2                                                                                                                                                                                 
   3                                                                                                                                                                                 
   4                                                                                                                                                                                 
   5                                                                                                                                                                                 
   6                                                                                                                                                                                 
   7                                                                                                                                                                                 
   8                                                                                                                                                                                 
   9                                                                                                                                                                                 
  10                                                                                                                                                                                 
  11                                                                                                                                                                                 
  12                                                                 1111111111111111            1111111111111111                                                                    
  13                                                                 1111111111111111            1111111111111111                                                                    
  14                                                                 1111111111111111            1111111111111111                                                                    
  15                                                                 1111111111111111            1111111111111111                                                                    
  16                                                                 1111111111111111            1111111111111111                                                                    
  17                                                                 1111111111111111            1111111111111111                                                                    
  18                                                                 1111111111111111            1111111111111111                                                                    
  19                                                                 1111111111111111            1111111111111111                                                                    
  20                                                                 1111111111111111            1111111111111111                                                                    
  21                                                                 1111111111111111            1111111111111111                                                                    
  22                                                                 1111111111111111            1111111111111111                                                                    
  23                                                                 1111111111111111            1111111111111111                                                                    
  24                                                                 1111111111111111            1111111111111111                                                                    
  25                                                                 1111111111111111            1111111111111111                                                                    
  26                                                                 1111111111111111            1111111111111111                                                                    
  27                                                                 1111111111111111            1111111111111111                                                                    
  28                                                                                                                                                                                 
  29                                                                                                                                                                                 
  30                                                                                                                                                                                 
  31                                                                                                                                                                                 
  32                                                                                                                                                                                 
  33                                                                                                                                                                                 
  34                                                                                                                                                                                 
  35                                                                                                                                                                                 
  36                                                                                                                                                                                 
  37                                                                                                                                                                                 
  38                                                                                                                                                                                 
  39                                                                                                                                                                                 
  40                                                                 1111111111111111            1111111111111111                                                                    
  41                                                                 1111111111111111            1111111111111111                                                                    
  42                                                                 1111111111111111            1111111111111111                                                                    
  43                                                                 1111111111111111            1111111111111111                                                                    
  44                                                                 1111111111111111            1111111111111111                                                                    
  45                                                                 1111111111111111            1111111111111111                                                                    
  46                                                                 1111111111111111            1111111111111111                                                                    
  47                                                                 1111111111111111            1111111111111111                                                                    
  48                                             1111111111111111111111111111111111111111111111111111111111111111                                                                    
  49                                             1111111111111111111111111111111111111111111111111111111111111111                                                                    
  50                                             1111111111111111111111111111111111111111111111111111111111111111                                                                    
  51                                             1111111111111111111111111111111111111111111111111111111111111111                                                                    
  52                                             1111111111111111111111111111111111111111111111111111111111111111                                                                    
  53                                             1111111111111111111111111111111111111111111111111111111111111111                                                                    
  54                                             1111111111111111111111111111111111111111111111111111111111111111                                                                    
  55                                             1111111111111111111111111111111111111111111111111111111111111111                                                                    
  56                                             1111111111111111111111111111111111111111111111111111111111111111                                                                    
  57                                             1111111111111111111111111111111111111111111111111111111111111111                                                                    
  58                                             1111111111111111111111111111111111111111111111111111111111111111                                                                    
  59                                             1111111111111111111111111111111111111111111111111111111111111111                                                                    
  60                                             1111111111111111111111111111111111111111111111111111111111111111                                                                    
  61                                             1111111111111111111111111111111111111111111111111111111111111111                                                                    
  62                                             1111111111111111111111111111111111111111111111111111111111111111                                                                    
  63                                             1111111111111111111111111111111111111111111111111111111111111111                                                                    
  64                                 1111111111111111111111111111111111111111111111111111111111111111111111111111111111111111                                                        
  65                                 1111111111111111111111111111111111111111111111111111111111111111111111111111111111111111                                                        
  66                                 1111111111111111111111111111111111111111111111111111111111111111111111111111111111111111                                                        
  67                                 1111111111111111111111111111111111111111111111111111111111111111111111111111111111111111                                                        
  68                                 1111111111111111111111111111111111111111111111111111111111111111111111111111111111111111                                                        
  69                                 1111111111111111111111111111111111111111111111111111111111111111111111111111111111111111                                                        
  70                                 1111111111111111111111111111111111111111111111111111111111111111111111111111111111111111                                                        
  71                                 1111111111111111111111111111111111111111111111111111111111111111111111111111111111111111                                                        
  72                                 1111111111111111111111111111111111111111111111111111111111111111111111111111111111111111                                                        
  73                                 1111111111111111111111111111111111111111111111111111111111111111111111111111111111111111                                                        
  74                                 1111111111111111111111111111111111111111111111111111111111111111111111111111111111111111                                                        
  75                                 1111111111111111111111111111111111111111111111111111111111111111111111111111111111111111                                                        
  76                                 1111111111111111111111111111111111111111111111111111111111111111111111111111111111111111                                                        
  77                                 1111111111111111111111111111111111111111111111111111111111111111111111111111111111111111                                                        
  78                                 1111111111111111111111111111111111111111111111111111111111111111111111111111111111111111                                                        
  79                                 1111111111111111111111111111111111111111111111111111111111111111111111111111111111111111                                                        
  80                                 1111111111111111                                                        1111111111111111                                                        
  81                                 1111111111111111                                                        1111111111111111                                                        
  82                                 1111111111111111                                                        1111111111111111                                                        
  83                                 1111111111111111                                                        1111111111111111                                                        
  84                                 1111111111111111                                                        1111111111111111                                                        
  85                                 1111111111111111                                                        1111111111111111                                                        
  86                                 1111111111111111                                                        1111111111111111                                                        
  87                                 1111111111111111                                                        1111111111111111                                                        
  88 000000000001111111111111111111111111111111111111                                                        1111111111111111                                                        
  89 000000000000000000111111111111111111111111111111                                                        1111111111111111                                                        
  90 000000000000000000111111111111111111111111111111                                                        1111111111111111                                                        
  91 000000000000000000111111111111111111111111111111                                                        1111111111111111                                                        
  92 000000000000000000111111111111111111111111111111                                                        1111111111111111                                                        
  93 000000000000000000111111111111111111111111111111                                                        1111111111111111                                                        
  94 000000000000000000111111111111111111111111111111                                                        1111111111111111                                                        
  95 000000000000000000111111111111111111111111111111                                                        1111111111111111                                                        
  96 000000000000000000111111111111111111111111111111111111111111111111111111111111111111111111111111111111111111111111111111110000000000                                            
  97 000000000000000000111111111111111111111111111111111111111111111111111111111111111111111111111111111111111000000000000000000000000000                                            
  98 000000000000000000111111111111111111111111111111111111111111111111111111111111111111111111111111111111111000000000000000000000000000                                            
  99 000000000000000000111111111111111111111111111111111111111111111111111111111111111111111111111111111111111000000000000000000000000000                                            
 100 000000000000000000111111111111111111111111111111111111111111111111111111111111111111111111111111111111111000000000000000000000000000                                            
 101 000000000000000000111111111111111111111111111111111111111111111111111111111111111111111111111111111111111000000000000000000000000000                                            
 102 000000000000000000111111111111111111111111111111111111111111111111111111111111111111111111111111111111111000000000000000000000000000                                            
 103 000000000000000000111111111111111111111111111111111111111111111111111111111111111111111111111111111111111000000000000000000000000000                                            
 104                                 1111111111111111111111111111111111111111111111111111111111111111111111111000000000000000000000000000                                            
 105                                 1111111111111111111111111111111111111111111111111111111111111111111111111000000000000000000000000000                                            
 106                                 1111111111111111111111111111111111111111111111111111111111111111111111111000000000000000000000000000                                            
 107                                 1111111111111111111111111111111111111111111111111111111111111111111111111000000000000000000000000000                                            
 108                                 1111111111111111111111111111111111111111111111111111111111111111111111111000000000000000000000000000                                            
 109                                 1111111111111111111111111111111111111111111111111111111111111111111111111000000000000000000000000000                                            
 110                                 1111111111111111111111111111111111111111111111111111111111111111111111111000000000000000000000000000                                            
 111                                 1111111111111111111111111111111111111111111111111111111111111111111111111000000000000000000000000000                                            
 112                                                                 1111111111111111                                                                                                
 113                                                                 1111111111111111                                                                                                
 114                                                                 1111111111111111                                                                                                
 115                                                                 1111111111111111                                                                                                
 116                                                                 1111111111111111                                                                                                
 117                                                                 1111111111111111                                                                                                
 118                                                                 1111111111111111                                                                                                
 119                                                                 1111111111111111                                                                                                
 120                                                                 1111111111111111                                                                                                
 121                                                                 1111111111111111                                                                                                
 122                                                                 1111111111111111                                                                                                
 123                                                                 1111111111111111                                                                                                
 124                                                                 1111111111111111                                                                                                
 125                                                                 1111111111111111                                                                                                
 126                                                                 1111111111111100                                                                                                
 127                                                                 1111111111111100                                                                                                
 128                                                                 111111111111110000000000                                                                                        
 129                                                                 111111100000000000000000                                                                                        
 130                                                                 111111100000000000000000                                                                                        
 131                                                                 111111100000000000000000                                                                                        
 132                                                                 111111100000000000000000                                                                                        
 133                                                                 111111100000000000000000                                                                                        
 134                                                                 111111100000000000000000                                                                                        
 135                                                                 111111100000000000000000                                                                                        
 136                                                                 111111100000000000000000                                                                                        
 137                                                                 111111100000000000000000                                                                                        
 138                                                                 111111100000000000000000                                                                                        
 139                                                                 111111100000000000000000                                                                                        
 140                                                                 111111100000000000000000                                                                                        
 141                                                                 111111100000000000000000                                                                                        
 142                                                                 111111100000000000000000                                                                                        
 143                                                                 111111100000000000000000                                                                                        
seats 10977; refused 1951 DR-KEEP

## house
SEATS  house, footprint 9x7, no route standoff  1 char = 1 block  x -88..87 across, z -144..143 down
KEY  1 the footprint seats with its minimum corner here  0 refused  space void
            -8        -7        -6        -5        -4        -3        -2        -1         0         1         2         3         4         5         6         7         8       
     87654321098765432109876543210987654321098765432109876543210987654321098765432109876543210123456789012345678901234567890123456789012345678901234567890123456789012345678901234567
-144                                                                                         000000000000000000000000                                                                
-143                                                                                         000000000000000000000000                                                                
-142                                                                                         000000000000000000000000                                                                
-141                                                                                         000000000000000000000000                                                                
-140                                                                                         000000000000000000000000                                                                
-139                                                                                         000000000000000000000000                                                                
-138                                                                                         000000000000000000000000                                                                
-137                                                                                         000000000000000000000000                                                                
-136                                                                                         000000000000000000000000                                                                
-135                                                                                         000000000000000000000000                                                                
-134                                                                                         000000000000000000000000                                                                
-133                                                                                         000000000000000000000000                                                                
-132                                                                                         000000000000000000000000                                                                
-131                                                                                         000000000000000000000000                                                                
-130                                                                                         000000000000000000000000                                                                
-129                                                                                         000000000000000000000000                                                                
-128                                                                                                 0000000000000000                                                                
-127                                                                                                 0000000000000000                                                                
-126                                                                                                 0000000000000000                                                                
-125                                                                                                 0000000000000000                                                                
-124                                                                                                 0000000000000000                                                                
-123                                                                                                 0000000000000000                                                                
-122                                                                                                 0000000000000000                                                                
-121                                                                                                 0000000000000000                                                                
-120                                                                                                 0000000000000000                                                                
-119                                                                                                 0000000000000000                                                                
-118                                                                                                 0000000000000000                                                                
-117                                                                                                 0000000000000000                                                                
-116                                                                                                 0000000000000000                                                                
-115                                                                                                 0000000000000000                                                                
-114                                                                                                 0000000000000000                                                                
-113                                                                                                 0000000000000000                                                                
-112                                             0000000000000000000000000000111111111111111100000000111111110000000011111111111111100000001100000000                                
-111                                             0000000000000000000000000000000000000000000000000000000000000000000000000000000000000000001100000000                                
-110                                             0000000000000000000000000000000000000000000000000000000000000000000000000000000000000000000000000000                                
-109                                             0000000000000000000000000000000000000000000000000000000000000000000000000000000000000000000000000000                                
-108                                             0000000000000000000000000000000000000000000000000000000000000000000000000000000000000000000000000000                                
-107                                             0000000000000000000000000000000000000000000000000000000000000000000000000000000000000000000000000000                                
-106                                             0000000000000000000000000000000000000000000000000000000000000000000000000000000000000000000000000000                                
-105                                             0000000000000000000000000000000000000000000000000000000000000000000000000000000000000000000000000000                                
-104                                             000000000000000000000000000000000000000000000000000011111111000000000000000000000000000000000000000011111110000000000000000000000000
-103                                             000000000000000000000000000011111111111111111111111111111111111111111111111100000000111111110000000000000000000000000000000000000000
-102                                             000000000000000000000000000000000000000000000000000000000000000000000000000000000000000000000000000000000000000000000000000000000000
-101                                             000000000000000000000000000000000000000000000000000000000000000000000000000000000000000000000000000000000000000000000000000000000000
-100                                             000000000000000000000000000000000000000000000000000000000000000000000000000000000000000000000000000000000000000000000000000000000000
 -99                                             000000000000000000000000000000000000000000000000000000000000000000000000000000000000000000000000000000000000000000000000000000000000
 -98                                             000000000000000000000000000000000000000000000000000000000000000000000000000000000000000000000000000000000000000000000000000000000000
 -97                                             000000000000000000000000000000000000000000000000000000000000000000000000000000000000000000000000000000000000000000000000000000000000
 -96                                                         0000000000000000                                                        110000000000000000000000000000000000000000000000
 -95                                                         0000000000000000                                                        110000000000000011111110000000000000000000000000
 -94                                                         0000000000000000                                                        000000000000000000000000000000000000000000000000
 -93                                                         0000000000000000                                                        000000000000000000000000000000000000000000000000
 -92                                                         0000000000000000                                                        000000000000000000000000000000000000000000000000
 -91                                                         0000000000000000                                                        000000000000000000000000000000000000000000000000
 -90                                                         0000000000000000                                                        000000000000000000000000000000000000000000000000
 -89                                                         0000000000000000                                                        000000000000000000000000000000000000000000000000
 -88                                                         0000000000000000                                                        0000000000000000                                
 -87                                                         0000000000000000                                                        0000000000000000                                
 -86                                                         0000000000000000                                                        0000000000000000                                
 -85                                                         0000000000000000                                                        0000000000000000                                
 -84                                                         0000000000000000                                                        0000000000000000                                
 -83                                                         0000000000000000                                                        0000000000000000                                
 -82                                                         0000000000000000                                                        0000000000000000                                
 -81                                                         0000000000000000                                                        0000000000000000                                
 -80                                                         1100000000000000111111111111111111111111111111111111111111111111000000000000001100000000                                
 -79                                                         0000000000000000111111111111111111111111111111111111111111111111000000000000000000000000                                
 -78                                                         0000000000000000000000000000000000000000000000000000000000000000000000000000000000000000                                
 -77                                                         0000000000000000000000000000000000000000000000000000000000000000000000000000000000000000                                
 -76                                                         0000000000000000000000000000000000000000000000000000000000000000000000000000000000000000                                
 -75                                                         0000000000000000000000000000000000000000000000000000000000000000000000000000000000000000                                
 -74                                                         0000000000000000000000000000000000000000000000000000000000000000000000000000000000000000                                
 -73                                                         0000000000000000000000000000000000000000000000000000000000000000000000000000000000000000                                
 -72                                                         1100000000000000000000000000000000000000000000000000000000000000000000000000001100000000                                
 -71                                                         1100000000001111111111111111111111111111111111111111111111111111111100000000001100000000                                
 -70                                                         0000000000000000000001111111111111111111111111111111111111100000000000000000000000000000                                
 -69                                                         0000000000000000000001111111111111111111111111111111111111100000000000000000000000000000                                
 -68                                                         0000000000000000000001111111111111111111111111111111111111100000000000000000000000000000                                
 -67                                                         0000000000000000000001111111111111111111111111111111111111100000000000000000000000000000                                
 -66                                                         0000000000000000000001111111111111111111111111111111111111100000000000000000000000000000                                
 -65                                                         0000000000000000000001111111111111111111111111111111111111100000000000000000000000000000                                
 -64                                                                     1100000001111111111111111111111111111111111111100000001100000000                                            
 -63                                                                     1100000000000000000000000000111111110000000000000000000000000000                                            
 -62                                                                     1100000000000000000000000000111111110000000000000000000000000000                                            
 -61                                                                     1100000000000000000000000000111111110000000000000000000000000000                                            
 -60                                                                     1100000000000000000000000000111111110000000000000000000000000000                                            
 -59                                                                     1100000000000000000000000000111111110000000000000000000000000000                                            
 -58                                                                     1100000000000000000000000000111111110000000000000000000000000000                                            
 -57                                                                     1100000000000000000000000000111111110000000000000000000000000000                                            
 -56                                                                     1100000000000000111100000000111111110000000011100000001100000000                                            
 -55                                                                     0000000000000000111100000000000000000000000011100000001100000000                                            
 -54                                                                     0000000000000000000000000000000000000000000000000000000000000000                                            
 -53                                                                     0000000000000000000000000000000000000000000000000000000000000000                                            
 -52                                                                     0000000000000000000000000000000000000000000000000000000000000000                                            
 -51                                                                     0000000000000000000000000000000000000000000000000000000000000000                                            
 -50                                                                     0000000000000000000000000000000000000000000000000000000000000000                                            
 -49                                                                     0000000000000000000000000000000000000000000000000000000000000000                                            
 -48                                                                     0000000000000000            0000000000000000                                                                
 -47                                                                     0000000000000000            0000000000000000                                                                
 -46                                                                     0000000000000000            0000000000000000                                                                
 -45                                                                     0000000000000000            0000000000000000                                                                
 -44                                                                     0000000000000000            0000000000000000                                                                
 -43                                                                     0000000000000000            0000000000000000                                                                
 -42                                                                     0000000000000000            0000000000000000                                                                
 -41                                                                     0000000000000000            0000000000000000                                                                
 -40                                                                                                                                                                                 
 -39                                                                                                                                                                                 
 -38                                                                                                                                                                                 
 -37                                                                                                                                                                                 
 -36                                                                                                                                                                                 
 -35                                                                                                                                                                                 
 -34                                                                                                                                                                                 
 -33                                                                                                                                                                                 
 -32                                                                                                                                                                                 
 -31                                                                                                                                                                                 
 -30                                                                                                                                                                                 
 -29                                                                                                                                                                                 
 -28                                                                     0000000000000000            0000000000000000                                                                
 -27                                                                     0000000000000000            0000000000000000                                                                
 -26                                                                     0000000000000000            0000000000000000                                                                
 -25                                                                     0000000000000000            0000000000000000                                                                
 -24                                                                     0000000000000000            0000000000000000                                                                
 -23                                                                     0000000000000000            0000000000000000                                                                
 -22                                                                     0000000000000000            0000000000000000                                                                
 -21                                                                     0000000000000000            0000000000000000                                                                
 -20                                                                     0000000000000000            0000000000000000                                                                
 -19                                                                     0000000000000000            0000000000000000                                                                
 -18                                                                     0000000000000000            0000000000000000                                                                
 -17                                                                     0000000000000000            0000000000000000                                                                
 -16                                                                     0000000000000000            0000000000000000                                                                
 -15                                                                     0000000000000000            0000000000000000                                                                
 -14                                                                     0000000000000000            0000000000000000                                                                
 -13                                                                     0000000000000000            0000000000000000                                                                
 -12                                                                                                                                                                                 
 -11                                                                                                                                                                                 
 -10                                                                                                                                                                                 
  -9                                                                                                                                                                                 
  -8                                                                                                                                                                                 
  -7                                                                                                                                                                                 
  -6                                                                                                                                                                                 
  -5                                                                                                                                                                                 
  -4                                                                                                                                                                                 
  -3                                                                                                                                                                                 
  -2                                                                                                                                                                                 
  -1                                                                                                                                                                                 
   0                                                                                                                                                                                 
   1                                                                                                                                                                                 
   2                                                                                                                                                                                 
   3                                                                                                                                                                                 
   4                                                                                                                                                                                 
   5                                                                                                                                                                                 
   6                                                                                                                                                                                 
   7                                                                                                                                                                                 
   8                                                                                                                                                                                 
   9                                                                                                                                                                                 
  10                                                                                                                                                                                 
  11                                                                                                                                                                                 
  12                                                                 0000000000000000            0000000000000000                                                                    
  13                                                                 0000000000000000            0000000000000000                                                                    
  14                                                                 0000000000000000            0000000000000000                                                                    
  15                                                                 0000000000000000            0000000000000000                                                                    
  16                                                                 0000000000000000            0000000000000000                                                                    
  17                                                                 0000000000000000            0000000000000000                                                                    
  18                                                                 0000000000000000            0000000000000000                                                                    
  19                                                                 0000000000000000            0000000000000000                                                                    
  20                                                                 0000000000000000            0000000000000000                                                                    
  21                                                                 0000000000000000            0000000000000000                                                                    
  22                                                                 0000000000000000            0000000000000000                                                                    
  23                                                                 0000000000000000            0000000000000000                                                                    
  24                                                                 0000000000000000            0000000000000000                                                                    
  25                                                                 0000000000000000            0000000000000000                                                                    
  26                                                                 0000000000000000            0000000000000000                                                                    
  27                                                                 0000000000000000            0000000000000000                                                                    
  28                                                                                                                                                                                 
  29                                                                                                                                                                                 
  30                                                                                                                                                                                 
  31                                                                                                                                                                                 
  32                                                                                                                                                                                 
  33                                                                                                                                                                                 
  34                                                                                                                                                                                 
  35                                                                                                                                                                                 
  36                                                                                                                                                                                 
  37                                                                                                                                                                                 
  38                                                                                                                                                                                 
  39                                                                                                                                                                                 
  40                                                                 0000000000000000            0000000000000000                                                                    
  41                                                                 0000000000000000            0000000000000000                                                                    
  42                                                                 0000000000000000            0000000000000000                                                                    
  43                                                                 0000000000000000            0000000000000000                                                                    
  44                                                                 0000000000000000            0000000000000000                                                                    
  45                                                                 0000000000000000            0000000000000000                                                                    
  46                                                                 0000000000000000            0000000000000000                                                                    
  47                                                                 0000000000000000            0000000000000000                                                                    
  48                                             1100000001110000000000000000000000001111000000000000000000000000                                                                    
  49                                             1100000001110000000011111111000000001111000000000000001100000000                                                                    
  50                                             0000000000000000000011111111000000000000000000000000001100000000                                                                    
  51                                             0000000000000000000011111111000000000000000000000000001100000000                                                                    
  52                                             0000000000000000000011111111000000000000000000000000001100000000                                                                    
  53                                             0000000000000000000011111111000000000000000000000000001100000000                                                                    
  54                                             0000000000000000000011111111000000000000000000000000001100000000                                                                    
  55                                             0000000000000000000011111111000000000000000000000000001100000000                                                                    
  56                                             0000000000000000000011111111000000000000000000000000001100000000                                                                    
  57                                             1100000001111111111111111111111111111111111111100000001100000000                                                                    
  58                                             0000000001111111111111111111111111111111111111100000000000000000                                                                    
  59                                             0000000001111111111111111111111111111111111111100000000000000000                                                                    
  60                                             0000000001111111111111111111111111111111111111100000000000000000                                                                    
  61                                             0000000001111111111111111111111111111111111111100000000000000000                                                                    
  62                                             0000000001111111111111111111111111111111111111100000000000000000                                                                    
  63                                             0000000001111111111111111111111111111111111111100000000000000000                                                                    
  64                                 1100000000001111111111111111111111111111111111111111111111111111111100000000001100000000                                                        
  65                                 1100000000000000000000000000000000000000000000000000000000000000000000000000001100000000                                                        
  66                                 0000000000000000000000000000000000000000000000000000000000000000000000000000000000000000                                                        
  67                                 0000000000000000000000000000000000000000000000000000000000000000000000000000000000000000                                                        
  68                                 0000000000000000000000000000000000000000000000000000000000000000000000000000000000000000                                                        
  69                                 0000000000000000000000000000000000000000000000000000000000000000000000000000000000000000                                                        
  70                                 0000000000000000000000000000000000000000000000000000000000000000000000000000000000000000                                                        
  71                                 0000000000000000000000000000000000000000000000000000000000000000000000000000000000000000                                                        
  72                                 0000000000000000111111111111111111111111111111111111111111111111000000000000000000000000                                                        
  73                                 1100000000000000111111111111111111111111111111111111111111111111000000000000001100000000                                                        
  74                                 0000000000000000000000000000000000000000000000000000000000000000000000000000000000000000                                                        
  75                                 0000000000000000000000000000000000000000000000000000000000000000000000000000000000000000                                                        
  76                                 0000000000000000000000000000000000000000000000000000000000000000000000000000000000000000                                                        
  77                                 0000000000000000000000000000000000000000000000000000000000000000000000000000000000000000                                                        
  78                                 0000000000000000000000000000000000000000000000000000000000000000000000000000000000000000                                                        
  79                                 0000000000000000000000000000000000000000000000000000000000000000000000000000000000000000                                                        
  80                                 0000000000000000                                                        0000000000000000                                                        
  81                                 0000000000000000                                                        0000000000000000                                                        
  82                                 0000000000000000                                                        0000000000000000                                                        
  83                                 0000000000000000                                                        0000000000000000                                                        
  84                                 0000000000000000                                                        0000000000000000                                                        
  85                                 0000000000000000                                                        0000000000000000                                                        
  86                                 0000000000000000                                                        0000000000000000                                                        
  87                                 0000000000000000                                                        0000000000000000                                                        
  88 000000000000000000111111000000000000001100000000                                                        0000000000000000                                                        
  89 000000000000000000000000000000000000001100000000                                                        0000000000000000                                                        
  90 000000000000000000000000000000000000000000000000                                                        0000000000000000                                                        
  91 000000000000000000000000000000000000000000000000                                                        0000000000000000                                                        
  92 000000000000000000000000000000000000000000000000                                                        0000000000000000                                                        
  93 000000000000000000000000000000000000000000000000                                                        0000000000000000                                                        
  94 000000000000000000000000000000000000000000000000                                                        0000000000000000                                                        
  95 000000000000000000000000000000000000000000000000                                                        0000000000000000                                                        
  96 000000000000000000000000000000001111111100000000111111111111111111111111111111111111111111111111000000000000000000000000000000000000                                            
  97 000000000000000000111111000000000000000000000000000000000000000011111111000000000000000000000000000000000000000000000000000000000000                                            
  98 000000000000000000000000000000000000000000000000000000000000000000000000000000000000000000000000000000000000000000000000000000000000                                            
  99 000000000000000000000000000000000000000000000000000000000000000000000000000000000000000000000000000000000000000000000000000000000000                                            
 100 000000000000000000000000000000000000000000000000000000000000000000000000000000000000000000000000000000000000000000000000000000000000                                            
 101 000000000000000000000000000000000000000000000000000000000000000000000000000000000000000000000000000000000000000000000000000000000000                                            
 102 000000000000000000000000000000000000000000000000000000000000000000000000000000000000000000000000000000000000000000000000000000000000                                            
 103 000000000000000000000000000000000000000000000000000000000000000000000000000000000000000000000000000000000000000000000000000000000000                                            
 104                                 1100000000000000000000000000000000000000000000000000000000000000000000000000000000000000000000000000                                            
 105                                 1100000001111111111111110000000011111111000000001111111111111111100000000000000000000000000000000000                                            
 106                                 0000000000000000000000000000000000000000000000000000000000000000000000000000000000000000000000000000                                            
 107                                 0000000000000000000000000000000000000000000000000000000000000000000000000000000000000000000000000000                                            
 108                                 0000000000000000000000000000000000000000000000000000000000000000000000000000000000000000000000000000                                            
 109                                 0000000000000000000000000000000000000000000000000000000000000000000000000000000000000000000000000000                                            
 110                                 0000000000000000000000000000000000000000000000000000000000000000000000000000000000000000000000000000                                            
 111                                 0000000000000000000000000000000000000000000000000000000000000000000000000000000000000000000000000000                                            
 112                                                                 0000000000000000                                                                                                
 113                                                                 0000000000000000                                                                                                
 114                                                                 0000000000000000                                                                                                
 115                                                                 0000000000000000                                                                                                
 116                                                                 0000000000000000                                                                                                
 117                                                                 0000000000000000                                                                                                
 118                                                                 0000000000000000                                                                                                
 119                                                                 0000000000000000                                                                                                
 120                                                                 0000000000000000                                                                                                
 121                                                                 0000000000000000                                                                                                
 122                                                                 0000000000000000                                                                                                
 123                                                                 0000000000000000                                                                                                
 124                                                                 0000000000000000                                                                                                
 125                                                                 0000000000000000                                                                                                
 126                                                                 0000000000000000                                                                                                
 127                                                                 0000000000000000                                                                                                
 128                                                                 000000000000000000000000                                                                                        
 129                                                                 000000000000000000000000                                                                                        
 130                                                                 000000000000000000000000                                                                                        
 131                                                                 000000000000000000000000                                                                                        
 132                                                                 000000000000000000000000                                                                                        
 133                                                                 000000000000000000000000                                                                                        
 134                                                                 000000000000000000000000                                                                                        
 135                                                                 000000000000000000000000                                                                                        
 136                                                                 000000000000000000000000                                                                                        
 137                                                                 000000000000000000000000                                                                                        
 138                                                                 000000000000000000000000                                                                                        
 139                                                                 000000000000000000000000                                                                                        
 140                                                                 000000000000000000000000                                                                                        
 141                                                                 000000000000000000000000                                                                                        
 142                                                                 000000000000000000000000                                                                                        
 143                                                                 000000000000000000000000                                                                                        
seats 1313; refused 5100 DR-PASS, 4038 DR-SITE, 2477 DR-KEEP
