## tree
SEATS  tree, footprint 1x1, 3 blocks off a route  1 char = 1 block  x -134..133 across, z -78..77 down
KEY  1 the footprint seats with its minimum corner here  0 refused  space void
        -3        -2        -1        -0        -9        -8        -7        -6        -5        -4        -3        -2        -1         0         1         2         3         4         5         6         7         8         9         0         1         2         3   
     4321098765432109876543210987654321098765432109876543210987654321098765432109876543210987654321098765432109876543210987654321098765432101234567890123456789012345678901234567890123456789012345678901234567890123456789012345678901234567890123456789012345678901234567890123
 -78                                     00000000000                                                                                                                                                                                                                             
 -77                                  0000000000000000000                                                                                                                                                                                                                        
 -76                                000000000000000000000000                                                                                                                                                                                                                     
 -75                             000000000000000000000000000000                                                                                                                                                                                                                  
 -74                           0000000000000000000000000000000000                                                                                                                                                                                                                
 -73                         000000000000000000000000000000000000000                                                                                                                                                                                                             
 -72                       00000000000000000000000000000000000000000000                                                                                                                                                                                                          
 -71                     0000000000000000000000000000000000000000000000000                                                                                                                                                                                                       
 -70                    000000000000000000000000000000000000000000000000000000                                                                                                                                                                  00                               
 -69                  000000000000000000000000000000000000000000000000000000000000                                                                                                                                                            0000000                            
 -68                 0000000000000000000000000000000000000000000000000000000000000000                                                                                                                                                       000000000000                         
 -67               000000000000000000000000000000000000000000000000000000000000000000000                                                                                                                                                  0000000000000000                       
 -66               000000000000000000000000000000000000000000000000000000000000000000000000                                                                                                                                             000000000000000000000                    
 -65              0000000000000000000000000000000000000000000000000000000000000000000000000000                                                                                                                                        000000000000000000000000                   
 -64             0000000000000000000000000000000000000000000000000000000000000000000000000000000                                                                       000                                                          000000000000000000000000000                  
 -63             0000000000000000000000000000000000000000000000000000000000000000000000000000000000                                                                 0000000                                                       000000000000000000000000000000                 
 -62            0000000000000000000000000000000000000000000000000000000000000000000000000000000000000                                                           0000000000000                                                   000000000000000000000000000000000                
 -61            000000000000000000000000000000000000000000000000000000000000000000000000000000000000000                                                      000000000000000000                                               000000000000000000000000000000000000               
 -60           0000000000000000000000000000000000000000000000000000000000000000000000000000000000000000000               00                                000000000000000000000                                            000000000000000000000000000000000000000              
 -59           0000000000000000000000000000000000000000000000000000000000000000000000000000000000000000000000       0000000                                00000000000000000000000                                         0000000000000000000000000000000000000000              
 -58          0000000000000000000000000000000000000000000000000000000000000000000000000000000000000000000000000000000000000                                000000000000000000000000                                      0000000000000000000000000000000000000000000             
 -57          0000000000000000000000000000000000000000000000000000000000000000000000000000000000000000000000000000000000000                               000000000000000000000000000                                  000000000000000000000000000000000000000000000             
 -56         000000000000000000000000000000000000000000000000000000000000000000000000000000000000000000000000000000000000000                              0000000000000000000000000000                                00000000000000000000000000000000000000000000000            
 -55         000000000000000000000000000000000000000000000000000000000000000000000000000000000000000000000000000000000000000                              000000000000000000000000000000                             0000000000000000000000000000000000000000000000000           
 -54         000000000000000000000000000000000000000000000000000000000000000000000000000000000000000000000000000000000000000                              0000000000000000000000000000000                           00000000000000000000000000000000000000000000000000           
 -53        0000000000000000000000000000000000000000000000000000000000000000000000000000000000000000000000000000000000000000                              000000000000000000000000000000000                        0000000000000000000000000000000000000000000000000000          
 -52        0000000000000000000000000000000000000000000000000000000000000000000000000000000000000000000000000000000000000000                              0000000000000000000000000000000000                      00000000000000000000000000000000000000000000000000000          
 -51       00000000000000000000000000000000000000000000000000000000000000000000000000000000000000000000000000000000000000000                             0000000000000000000000000000000000000                   0000000000000000000000000000000000000000000000000000000         
 -50       00000000000000000000000000000000000000000000000000000000000000000000000000000000000000000000000000000000000000000                             0000000000000000000000000000000000000000               00000000000000000000000000000000000000000000000000000000         
 -49      000000000000000000000000000000000000000000000000000000000000000000000000000000000000000000000000000000000000000000                             000000000000000000000000000000000000000000000000      0000000000000000000000000000000000000000000000000000000000        
 -48      000000000000000000000000000000000000000000000000000000000000000000000000000000000000000000000000000000000000000000                             0000000000000000000000000000000000000000000000000000000000000000000000000000000000000000000000000000000000000000        
 -47      000000000000000000000000000000000000000000000000000000000000000000000000000000000000000000000000000000000000000000                             00000000000000000000000000000000000000000000000000000000000000000000000000000000000000000000000000000000000000000       
 -46     0000000000000000000000000000000000000000000000000000000000000000000000000000000000000000000000000000000000000000000                             00000000000000000000000000000000000000000000000000000000000000000000000000000000000000000000000000000000000000000       
 -45     0000000000000000000000000000000000000000000000000000000000000000000000000000000000000000000000000000000000000000000                             00000000000000000000000000000000000000000000000000000000000000000000000000000000000000000000000000000000000000000       
 -44     0000000000000000000000000000000000000000000000000000000000000000000000000000000000000000000000000000000000000000000                             000000000000000000000000000000000000000000000000000000000000000000000000000000000000000000000000000000000000000000      
 -43    00000000000000000000000000000000000000000000000000000000000000000000000000000000000000000000000000000000000000000000                             000000000000000000000000000000000000000000000000000000000000000000000000000000000000000000000000000000000000000000      
 -42    00000000000000000000000000000000000000000000000000000000000000000000000000000000000000000000000000000000000000000000                             000000000000000000000000000000000000000000000000000000000000000000000000000000000000000000000000000000000000000000      
 -41    00000000000000000000000000000000000000000000000000000000000000000000000000000000000000000000000000000000000000000000                             000000000000000000000000000000000000000000000000000000000000000000000000000000000000000000000000000000000000000000      
 -40    00000000000000000000000000000000000000000000000000000000000000000000000000000000000000000000000000000000000000000000                              000000000000000000000000000000000000000000000000000000000000000000000000000000000000000000000000000000000000000000     
 -39   000000000000000000000000000000000000000000000000000000000000000000000000000000000000000000000000000000000000000000000                              000000000000000000000000000000000000000000000000000000000000000000000000000000000000000000000000000000000000000000     
 -38   000000000000000000000000000000000000000000000000000000000000000000000000000000000000000000000000000000000000000000000                              000000000000000000000000000000000000000000000000000000000000000000000000000000000000000000000000000000000000000000     
 -37   000000000000000000000000000000000000000000000000000000000000000000000000000000000000000000000000000000000000000000000                              000000000000000000000000000000000000000000000000000000000000000000000000000000000000000000000000000000000000000000     
 -36   000000000000000000000000000000000000000000000000000000000000000000000000000000000000000000000000000000000000000000000                              0000000000000000000000000000000000000000000000000000000000000000000000000000000000000000000000000000000000000000000    
 -35   000000000000000000000000000000000000000000000000000000000000000000000000000000000000000000000000000000000000000000000                              0000000000000000000000000000000000000000000000000000000000000000000000000000000000000000000000000000000000000000000    
 -34   000000000000000000000000000000000000000000000000000000000000000000000000000000000000000000000000000000000000000000000                              0000000000000000000000000000000000000000000000000000000000000000000000000000000000000000000000000000000000000000000    
 -33   000000000000000000000000000000000000000000000000000000000000000000000000000000000000000000000000000000000000000000000                              0000000000000000000000000000000000000000000000000000000000000000000000000000000000000000000000000000000000000000000    
 -32   000000000000000000000000000000000000000000000000000000000000000000000000000000000000000000000000000000000000000000000                              0000000000000000000000000000000000000000000000000000000000000000000000000000000000000000000000000000000000000000000    
 -31   000000000000000000000000000000000000000000000000000000000000000000000000000000000000000000000000000000000000000000000                              00000000000000000000000000000000000000000000000000000000000000000000000000000000000000000000000000000000000000000000   
 -30   00000000000000000000000000000000000000000000000000000000000000000000000000000000000000000000000000000000000000000000                               00000000000000000000000000000000000000000000000000000000000000000000000000000000000000000000000000000000000000000000   
 -29   00000000000000000000000000000000000000000000000000000000000000000000000000000000000000000000000000000000000000000000                               00000000000000000000000000000000000000000000000000000000000000000000000000000000000000000000000000000000000000000000   
 -28   00000000000000000000000000000000000000000000000000000000000000000000000000000000000000000000000000000000000000000000                               00000000000000000000000000000000000000000000000000000000000000000000000000000000000000000000000000000000000000000000   
 -27  000000000000000000000000000000000000000000000000000000000000000000000000000000000000000000000000000000000000000000000                               00000000000000000000000000000000000000000000000000000000000000000000000000000000000000000000000000000000000000000000   
 -26  000000000000000000000000000000000000000000000000000000000000000000000000000000000000000000000000000000000000000000000                               00000000000000000000000000000000000000000000000000000000000000000000000000000000000000000000000000000000000000000000   
 -25  000000000000000000000000000000000000000000000000000000000000000000000000000000000000000000000000000000000000000000000                               000000000000000000000000000000000000000000000000000000000000000000000000000000000000000000000000000000000000000000000  
 -24  000000000000000000000000000000000000000000000000000000000000000000000000000000000000000000000000000000000000000000000                               000000000000000000000000000000000000000000000000000000000000000000000000000000000000000000000000000000000000000000000  
 -23 0000000000000000000000000000000000000000000000000000000000000000000000000000000000000000000000000000000000000000000000                               000000000000000000000000000000000000000000000000000000000000000000000000000000000000000000000000000000000000000000000  
 -22 0000000000000000000000000000000000000000000000000000000000000000000000000000000000000000000000000000000000000000000000                               000000000000000000000000000000000000000000000000000000000000000000000000000000000000000000000000000000000000000000000  
 -21 0000000000000000000000000000000000000000000000000000000000000000000000000000000000000000000000000000000000000000000000                               000000000000000000000000000000000000000000000000000000000000000000000000000000000000000000000000000000000000000000000  
 -20 0000000000000000000000000000000000000000000000000000000000000000000000000000000000000000000000000000000000000000000000                               000000000000000000000000000000000000000000000000000000000000000000000000000000000000000000000000000000000000000000000  
 -19 0000000000000000000000000000000000000000000000000000000000000000000000000000000000000000000000000000000000000000000000                               000000000000000000000000000000000000000000000000000000000000000000000000000000000000000000000000000000000000000000000  
 -18 0000000000000000000000000000000000000000000000000000000000000000000000000000000000000000000000000000000000000000000000                               000000000000000000000000000000000000000000000000000000000000000000000000000000000000000000000000000000000000000000000  
 -17 0000000000000000000000000000000000000000000000000000000000000000000000000000000000000000000000000000000000000000000000                               000000000000000000000000000000000000000000000000000000000000000000000000000000000000000000000000000000000000000000000  
 -16 0000000000000000000000000000000000000000000000000000000000000000000000000000000000000000000000000000000000000000000000                               000000000000000000000000000000000000000000000000000000000000000000000000000000000000000000000000000000000000000000000  
 -15  000000000000000000000000000000000000000000000000000000000000000000000000000000000000000000000000000000000000000000000                               000000000000000000000000000000000000000000000000000000000000000000000000000000000000000000000000000000000000000000000  
 -14  000000000000000000000000000000000000000000000000000000000000000000000000000000000000000000000000000000000000000000000                               000000000000000000000000000000000000000000000000000000000000000000000000000000000000000000000000000000000000000000000  
 -13  000000000000000000000000000000000000000000000000000000000000000000000000000000000000000000000000000000000000000000000                               000000000000000000000000000000000000000000000000000000000000000000000000000000000000000000000000000000000000000000000  
 -12  000000000000000000000000000000000000000000000000000000000000000000000000000000000000000000000000000000000000000000000                               000000000000000000000000000000000000000000000000000000000000000000000000000000000000000000000000000000000000000000000  
 -11   00000000000000000000000000000000000000000000000000000000000000000000000000000000000000000000000000000000000000000000                               000000000000000000000000000000000000000000000000000000000000000000000000000000000000000000000000000000000000000000000  
 -10   00000000000000000000000000000000000000000000000000000000000000000000000000000000000000000000000000000000000000000000                               000000000000000000000000000000000000000000000000000000000000000000000000000000000000000000000000000000000000000000000  
  -9   00000000000000000000000000000000000000000000000000000000000000000000000000000000000000000000000000000000000000000000                               000000000000000000000000000000000000000000000000000000000000000000000000000000000000000000000000000000000000000000000  
  -8   00000000000000000000000000000000000000000000000000000000000000000000000000000000000000000000000000000000000000000000                               000000000000000000000000000000000000000000000000000000000000000000000000000000000000000000000000000000000000000000000  
  -7   00000000000000000000000000000000000000000000000000000000000000000000000000000000000000000000000000000000000000000000                               000000000000000000000000000000000000000000000000000000000000000000000000000000000000000000000000000000000000000000000  
  -6   00000000000000000000000000000000000000000000000000000000000000000000000000000000000000000000000000000000000000000000                               000000000000000000000000000000000000000000000000000000000000000000000000000000000000000000000000000000000000000000000  
  -5   00000000000000000000000000000000000000000000000000000000000000000000000000000000000000000000000000000000000000000000                               000000000000000000000000000000000000000000000000000000000000000000000000000000000000000000000000000000000000000000000  
  -4   00000000000000000000000000000000000000000000000000000000000000000000000000000000000000000000000000000000000000000000                               000000000000000000000000000000000000000000000000000000000000000000000000000000000000000000000000000000000000000000000  
  -3   00000000000000000000000000000000000000000000000000000000000000000000000000000000000000000000000000000000000000000000                               000000000000000000000000000000000000000000000000000000000000000000000000000000000000000000000000000000000000000000000  
  -2   00000000000000000000000000000000000000000000000000000000000000000000000000000000000000000000000000000000000000000000                               000000000000000000000000000000000000000000000000000000000000000000000000000000000000000000000000000000000000000000000  
  -1   00000000000000000000000000000000000000000000000000000000000000000000000000000000000000000000000000000000000000000000                               000000000000000000000000000000000000000000000000000000000000000000000000000000000000000000000000000000000000000000000  
   0   000000000000000000000000000000000000000000000000000000000000000000000000000000000000000000000000000000000000000000000                               00000000000000000000000000000000000000000000000000000000000000000000000000000000000000000000000000000000000000000000  
   1   000000000000000000000000000000000000000000000000000000000000000000000000000000000000000000000000000000000000000000000                               00000000000000000000000000000000000000000000000000000000000000000000000000000000000000000000000000000000000000000000  
   2   000000000000000000000000000000000000000000000000000000000000000000000000000000000000000000000000000000000000000000000                               00000000000000000000000000000000000000000000000000000000000000000000000000000000000000000000000000000000000000000000  
   3   000000000000000000000000000000000000000000000000000000000000000000000000000000000000000000000000000000000000000000000                               00000000000000000000000000000000000000000000000000000000000000000000000000000000000000000000000000000000000000000000  
   4   000000000000000000000000000000000000000000000000000000000000000000000000000000000000000000000000000000000000000000000                               00000000000000000000000000000000000000000000000000000000000000000000000000000000000000000000000000000000000000000000  
   5   000000000000000000000000000000000000000000000000000000000000000000000000000000000000000000000000000000000000000000000                               00000000000000000000000000000000000000000000000000000000000000000000000000000000000000000000000000000000000000000000  
   6   000000000000000000000000000000000000000000000000000000000000000000000000000000000000000000000000000000000000000000000                               00000000000000000000000000000000000000000000000000000000000000000000000000000000000000000000000000000000000000000000  
   7   000000000000000000000000000000000000000000000000000000000000000000000000000000000000000000000000000000000000000000000                               00000000000000000000000000000000000000000000000000000000000000000000000000000000000000000000000000000000000000000000  
   8   000000000000000000000000000000000000000000000000000000000000000000000000000000000000000000000000000000000000000000000                               00000000000000000000000000000000000000000000000000000000000000000000000000000000000000000000000000000000000000000000  
   9   000000000000000000000000000000000000000000000000000000000000000000000000000000000000000000000000000000000000000000000                               00000000000000000000000000000000000000000000000000000000000000000000000000000000000000000000000000000000000000000000  
  10   000000000000000000000000000000000000000000000000000000000000000000000000000000000000000000000000000000000000000000000                               00000000000000000000000000000000000000000000000000000000000000000000000000000000000000000000000000000000000000000000  
  11   000000000000000000000000000000000000000000000000000000000000000000000000000000000000000000000000000000000000000000000                               000000000000000000000000000000000000000000000000000000000000000000000000000000000000000000000000000000000000000000000 
  12   000000000000000000000000000000000000000000000000000000000000000000000000000000000000000000000000000000000000000000000                               000000000000000000000000000000000000000000000000000000000000000000000000000000000000000000000000000000000000000000000 
  13   000000000000000000000000000000000000000000000000000000000000000000000000000000000000000000000000000000000000000000000                               000000000000000000000000000000000000000000000000000000000000000000000000000000000000000000000000000000000000000000000 
  14   000000000000000000000000000000000000000000000000000000000000000000000000000000000000000000000000000000000000000000000                               000000000000000000000000000000000000000000000000000000000000000000000000000000000000000000000000000000000000000000000 
  15   000000000000000000000000000000000000000000000000000000000000000000000000000000000000000000000000000000000000000000000                               0000000000000000000000000000000000000000000000000000000000000000000000000000000000000000000000000000000000000000000000
  16   000000000000000000000000000000000000000000000000000000000000000000000000000000000000000000000000000000000000000000000                               0000000000000000000000000000000000000000000000000000000000000000000000000000000000000000000000000000000000000000000000
  17   000000000000000000000000000000000000000000000000000000000000000000000000000000000000000000000000000000000000000000000                               0000000000000000000000000000000000000000000000000000000000000000000000000000000000000000000000000000000000000000000000
  18   000000000000000000000000000000000000000000000000000000000000000000000000000000000000000000000000000000000000000000000                               0000000000000000000000000000000000000000000000000000000000000000000000000000000000000000000000000000000000000000000000
  19   000000000000000000000000000000000000000000000000000000000000000000000000000000000000000000000000000000000000000000000                               0000000000000000000000000000000000000000000000000000000000000000000000000000000000000000000000000000000000000000000000
  20   000000000000000000000000000000000000000000000000000000000000000000000000000000000000000000000000000000000000000000000                               0000000000000000000000000000000000000000000000000000000000000000000000000000000000000000000000000000000000000000000000
  21   000000000000000000000000000000000000000000000000000000000000000000000000000000000000000000000000000000000000000000000                               0000000000000000000000000000000000000000000000000000000000000000000000000000000000000000000000000000000000000000000000
  22   000000000000000000000000000000000000000000000000000000000000000000000000000000000000000000000000000000000000000000000                               0000000000000000000000000000000000000000000000000000000000000000000000000000000000000000000000000000000000000000000000
  23   000000000000000000000000000000000000000000000000000000000000000000000000000000000000000000000000000000000000000000000                               000000000000000000000000000000000000000000000000000000000000000000000000000000000000000000000000000000000000000000000 
  24   000000000000000000000000000000000000000000000000000000000000000000000000000000000000000000000000000000000000000000000                               000000000000000000000000000000000000000000000000000000000000000000000000000000000000000000000000000000000000000000000 
  25    00000000000000000000000000000000000000000000000000000000000000000000000000000000000000000000000000000000000000000000                               000000000000000000000000000000000000000000000000000000000000000000000000000000000000000000000000000000000000000000000 
  26    00000000000000000000000000000000000000000000000000000000000000000000000000000000000000000000000000000000000000000000                               000000000000000000000000000000000000000000000000000000000000000000000000000000000000000000000000000000000000000000000 
  27    00000000000000000000000000000000000000000000000000000000000000000000000000000000000000000000000000000000000000000000                               00000000000000000000000000000000000000000000000000000000000000000000000000000000000000000000000000000000000000000000  
  28    00000000000000000000000000000000000000000000000000000000000000000000000000000000000000000000000000000000000000000000                               00000000000000000000000000000000000000000000000000000000000000000000000000000000000000000000000000000000000000000000  
  29    00000000000000000000000000000000000000000000000000000000000000000000000000000000000000000000000000000000000000000000                               00000000000000000000000000000000000000000000000000000000000000000000000000000000000000000000000000000000000000000000  
  30    00000000000000000000000000000000000000000000000000000000000000000000000000000000000000000000000000000000000000000000                              000000000000000000000000000000000000000000000000000000000000000000000000000000000000000000000000000000000000000000000  
  31     0000000000000000000000000000000000000000000000000000000000000000000000000000000000000000000000000000000000000000000                              000000000000000000000000000000000000000000000000000000000000000000000000000000000000000000000000000000000000000000000  
  32     0000000000000000000000000000000000000000000000000000000000000000000000000000000000000000000000000000000000000000000                              000000000000000000000000000000000000000000000000000000000000000000000000000000000000000000000000000000000000000000000  
  33     0000000000000000000000000000000000000000000000000000000000000000000000000000000000000000000000000000000000000000000                              000000000000000000000000000000000000000000000000000000000000000000000000000000000000000000000000000000000000000000000  
  34     0000000000000000000000000000000000000000000000000000000000000000000000000000000000000000000000000000000000000000000                              000000000000000000000000000000000000000000000000000000000000000000000000000000000000000000000000000000000000000000000  
  35     0000000000000000000000000000000000000000000000000000000000000000000000000000000000000000000000000000000000000000000                              000000000000000000000000000000000000000000000000000000000000000000000000000000000000000000000000000000000000000000000  
  36      000000000000000000000000000000000000000000000000000000000000000000000000000000000000000000000000000000000000000000                              000000000000000000000000000000000000000000000000000000000000000000000000000000000000000000000000000000000000000000000  
  37      000000000000000000000000000000000000000000000000000000000000000000000000000000000000000000000000000000000000000000                              000000000000000000000000000000000000000000000000000000000000000000000000000000000000000000000000000000000000000000000  
  38      000000000000000000000000000000000000000000000000000000000000000000000000000000000000000000000000000000000000000000                              000000000000000000000000000000000000000000000000000000000000000000000000000000000000000000000000000000000000000000000  
  39      000000000000000000000000000000000000000000000000000000000000000000000000000000000000000000000000000000000000000000                              00000000000000000000000000000000000000000000000000000000000000000000000000000000000000000000000000000000000000000000   
  40       000000000000000000000000000000000000000000000000000000000000000000000000000000000000000000000000000000000000000000                             00000000000000000000000000000000000000000000000000000000000000000000000000000000000000000000000000000000000000000000   
  41       000000000000000000000000000000000000000000000000000000000000000000000000000000000000000000000000000000000000000000                             00000000000000000000000000000000000000000000000000000000000000000000000000000000000000000000000000000000000000000000   
  42       000000000000000000000000000000000000000000000000000000000000000000000000000000000000000000000000000000000000000000                             00000000000000000000000000000000000000000000000000000000000000000000000000000000000000000000000000000000000000000000   
  43       000000000000000000000000000000000000000000000000000000000000000000000000000000000000000000000000000000000000000000                             0000000000000000000000000000000000000000000000000000000000000000000000000000000000000000000000000000000000000000000    
  44        00000000000000000000000000000000000000000000000000000000000000000000000000000000000000000000000000000000000000000                             0000000000000000000000000000000000000000000000000000000000000000000000000000000000000000000000000000000000000000000    
  45        00000000000000000000000000000000000000000000000000000000000000000000000000000000000000000000000000000000000000000                             0000000000000000000000000000000000000000000000000000000000000000000000000000000000000000000000000000000000000000000    
  46        00000000000000000000000000000000000000000000000000000000000000000000000000000000000000000000000000000000000000000                             000000000000000000000000000000000000000000000000000000000000000000000000000000000000000000000000000000000000000000     
  47         0000000000000000000000000000000000000000000000000000000000000000000000000000000000000000000000000000000000000000                             000000000000000000000000000000000000000000000000000000000000000000000000000000000000000000000000000000000000000000     
  48         0000000000000000000000000000000000000000000000000000000000      000000000000000000000000000000000000000000000000                             000000000000000000000000000000000000000000000000000000000000000000000000000000000000000000000000000000000000000000     
  49          00000000000000000000000000000000000000000000000000000000               0000000000000000000000000000000000000000                             00000000000000000000000000000000000000000000000000000000000000000000000000000000000000000000000000000000000000000      
  50          0000000000000000000000000000000000000000000000000000000                   0000000000000000000000000000000000000                             00000000000000000000000000000000000000000000000000000000000000000000000000000000000000000000000000000000000000000      
  51           00000000000000000000000000000000000000000000000000000                      0000000000000000000000000000000000                              0000000000000000000000000000000000000000000000000000000000000000000000000000000000000000000000000000000000000000       
  52           0000000000000000000000000000000000000000000000000000                        000000000000000000000000000000000                              0000000000000000000000000000000000000000000000000000000000000000000000000000000000000000000000000000000000000000       
  53            00000000000000000000000000000000000000000000000000                           0000000000000000000000000000000                              000000000000000000000000000000000000000000000000000000000000000000000000000000000000000000000000000000000000000        
  54            0000000000000000000000000000000000000000000000000                             000000000000000000000000000000                              000000000000000000000000000000000000000000000000000000000000000000000000000000000000000000000000000000000000000        
  55             00000000000000000000000000000000000000000000000                                0000000000000000000000000000                              000000000000000000000000000000000000000000000000000000000000000000000000000000000000000000000000000000000000000        
  56              000000000000000000000000000000000000000000000                                  000000000000000000000000000                               0000000000000000000000000000000000000000000000000000000000000000000000000000000000000000000000000000000000000         
  57              0000000000000000000000000000000000000000000                                      000000000000000000000000                                0000000000000000000000000000000000000000000000000000000000000000000000000000000000000000000000000000000000000         
  58               0000000000000000000000000000000000000000                                         00000000000000000000000                                0000000       0000000000000000000000000000000000000000000000000000000000000000000000000000000000000000000000          
  59               000000000000000000000000000000000000000                                            000000000000000000000                                00               0000000000000000000000000000000000000000000000000000000000000000000000000000000000000000000          
  60                000000000000000000000000000000000000                                               000000000000000000                                                      000000000000000000000000000000000000000000000000000000000000000000000000000000000000000           
  61                 000000000000000000000000000000000                                                   0000000000000                                                           0000000000000000000000000000000000000000000000000000000000000000000000000000000000000           
  62                  000000000000000000000000000000                                                       0000000                                                                 0000000000000000000000000000000000000000000000000000000000000000000000000000000000            
  63                   000000000000000000000000000                                                          000                                                                       0000000000000000000000000000000000000000000000000000000000000000000000000000000            
  64                    000000000000000000000000                                                                                                                                        0000000000000000000000000000000000000000000000000000000000000000000000000000             
  65                     000000000000000000000                                                                                                                                             000000000000000000000000000000000000000000000000000000000000000000000000              
  66                        0000000000000000                                                                                                                                                  000000000000000000000000000000000000000000000000000000000000000000000              
  67                          000000000000                                                                                                                                                       0000000000000000000000000000000000000000000000000000000000000000                
  68                             0000000                                                                                                                                                            000000000000000000000000000000000000000000000000000000000000                 
  69                                00                                                                                                                                                                  000000000000000000000000000000000000000000000000000000                   
  70                                                                                                                                                                                                        0000000000000000000000000000000000000000000000000                    
  71                                                                                                                                                                                                           00000000000000000000000000000000000000000000                      
  72                                                                                                                                                                                                              000000000000000000000000000000000000000                        
  73                                                                                                                                                                                                                 0000000000000000000000000000000000                          
  74                                                                                                                                                                                                                   000000000000000000000000000000                            
  75                                                                                                                                                                                                                      000000000000000000000000                               
  76                                                                                                                                                                                                                         0000000000000000000                                 
  77                                                                                                                                                                                                                              00000000000                                    
seats 0; refused 27087 DR-ROOT, 1335 DR-KEEP, 882 OB19

## boulder
SEATS  boulder, footprint 1x1, 2 blocks off a route  1 char = 1 block  x -134..133 across, z -78..77 down
KEY  1 the footprint seats with its minimum corner here  0 refused  space void
        -3        -2        -1        -0        -9        -8        -7        -6        -5        -4        -3        -2        -1         0         1         2         3         4         5         6         7         8         9         0         1         2         3   
     4321098765432109876543210987654321098765432109876543210987654321098765432109876543210987654321098765432109876543210987654321098765432101234567890123456789012345678901234567890123456789012345678901234567890123456789012345678901234567890123456789012345678901234567890123
 -78                                     11111111111                                                                                                                                                                                                                             
 -77                                  1111111111111111111                                                                                                                                                                                                                        
 -76                                111111111111111111111111                                                                                                                                                                                                                     
 -75                             111111111111111111111111111111                                                                                                                                                                                                                  
 -74                           1111111111111111111111111111111111                                                                                                                                                                                                                
 -73                         111111111111111111111111111111111111111                                                                                                                                                                                                             
 -72                       11111111111111111111111111111111111111111111                                                                                                                                                                                                          
 -71                     1111111111111111111111111111111111111111111111111                                                                                                                                                                                                       
 -70                    111111111111111111111111111111111111111111111111111111                                                                                                                                                                  11                               
 -69                  111111111111111111111111111111111111111111111111111111111111                                                                                                                                                            1111111                            
 -68                 1111111111111111111111111111111111111111111111111111111111111111                                                                                                                                                       111111111111                         
 -67               111111111111111111111111111111111111111111111111111111111111111111111                                                                                                                                                  1111111111111111                       
 -66               111111111111111111111111111111111111111111111111111111111111111111111111                                                                                                                                             111111111111111111111                    
 -65              1111111111111111111111111111111111111111111111111111111111111111111111111111                                                                                                                                        111111111111111111111111                   
 -64             1111111111111111111111111111111111111111111111111111111111111111111111111111111                                                                       111                                                          111111111111111111111111111                  
 -63             1111111111111111111111111111111111111111111111111111111111111111111111111111111111                                                                 1111111                                                       111111111111111111111111111111                 
 -62            1111111111111111111111111111111111111111111111111111111111111111111111111111111111111                                                           1111111111111                                                   111111111111111111111111111111111                
 -61            111111111111111111111111111111111111111111111111111111111111111111111111111111111111111                                                      111111111111111111                                               111111111111111111111111111111111111               
 -60           1111111111111111111111111111111111111111111111111111111111111111111111111111111111111111111               11                                111111111111111111111                                            111111111111111111111111111111111111111              
 -59           1111111111111111111111111111111111111111111111111111111111111111111111111111111111111111111111       1111111                                11111111111111111111111                                         1111111111111111111111111111111111111111              
 -58          1111111111111111111111111111111111111111111111111111111111111111111111111111111111111111111111111111111111111                                111111111111111111111111                                      1111111111111111111111111111111111111111111             
 -57          1111111111111111111111111111111111111111111111111111111111111111111111111111111111111111111111111111111111111                               111111111111111111111111111                                  111111111111111111111111111111111111111111111             
 -56         111111111111111111111111111111111111111111111111111111111111111111111111111111111111111111111111111111111111111                              1111111111111111111111111111                                11111111111111111111111111111111111111111111111            
 -55         111111111111111111111111111111111111111111111111111111111111111111111111111111111111111111111111111111111111111                              111111111111111111111111111111                             1111111111111111111111111111111111111111111111111           
 -54         111111111111111111111111111111111111111111111111111111111111111111111111111111111111111111111111111111111111111                              1111111111111111111111111111111                           11111111111111111111111111111111111111111111111111           
 -53        1111111111111111111111111111111111111111111111111111111111111111111111111111111111111111111111111111111111111111                              111111111111111111111111111111111                        1111111111111111111111111111111111111111111111111111          
 -52        1111111111111111111111111111111111111111111111111111111111111111111111111111111111111111111111111111111111111111                              1111111111111111111111111111111111                      11111111111111111111111111111111111111111111111111111          
 -51       11111111111111111111111111111111111111111111111111111111111111111111111111111111111111111111111111111111111111111                             1111111111111111111111111111111111111                   1111111111111111111111111111111111111111111111111111111         
 -50       11111111111111111111111111111111111111111111111111111111111111111111111111111111111111111111111111111111111111111                             1111111111111111111111111111111111111111               11111111111111111111111111111111111111111111111111111111         
 -49      111111111111111111111111111111111111111111111111111111111111111111111111111111111111111111111111111111111111111111                             111111111111111111111111111111111111111111111111      1111111111111111111111111111111111111111111111111111111111        
 -48      111111111111111111111111111111111111111111111111111111111111111111111111111111111111111111111111111111111111111111                             1111111111111111111111111111111111111111111111111111111111111111111111111111111111111111111111111111111111111111        
 -47      111111111111111111111111111111111111111111111111111111111111111111111111111111111111111111111111111111111111111111                             11111111111111111111111111111111111111111111111111111111111111111111111111111111111111111111111111111111111111111       
 -46     1111111111111111111111111111111111111111111111111111111111111111111111111111111111111111111111111111111111111111111                             11111111111111111111111111111111111111111111111111111111111111111111111111111111111111111111111111111111111111111       
 -45     1111111111111111111111111111111111111111111111111111111111111111111111111111111111111111111111111111111111111111111                             11111111111111111111111111111111111111111111111111111111111111111111111111111111111111111111111111111111111111111       
 -44     1111111111111111111111111111111111111111111111111111111111111111111111111111111111111111111111111111111111111111111                             111111111111111111111111111111111111111111111111111111111111111111111111111111111111111111111111111111111111111111      
 -43    11111111111111111111111111111111111111111111111111111111111111111111111111111111111111111111111111111111111111111111                             111111111111111111111111111111111111111111111111111111111111111111111111111111111111111111111111111111111111111111      
 -42    11111111111111111111111111111111111111111111111111111111111111111111111111111111111111111111111111111111111111111111                             111111111111111111111111111111111111111111111111111111111111111111111111111111111111111111111111111111111111111111      
 -41    11111111111111111111111111111111111111111111111111111111111111111111111111111111111111111111111111111111111111111111                             111111111111111111111111111111111111111111111111111111111111111111111111111111111111111111111111111111111111111111      
 -40    11111111111111111111111111111111111111111111111111111111111111111111111111111111111111111111111111111111111111111111                              111111111111111111111111111111111111111111111111111111111111111111111111111111111111111111111111111111111111111111     
 -39   111111111111111111111111111111111111111111111111111111111111111111111111111111111111111111111111111111111111111111111                              111111111111111111111111111111111111111111111111111111111111111111111111111111111111111111111111111111111111111111     
 -38   111111111111111111111111111111111111111111111111111111111111111111111111111111111111111111111111111111111111111111111                              111111111111111111111111111111111111111111111111111111111111111111111111111111111111111111111111111111111111111111     
 -37   111111111111111111111111111111111111111111111111111111111111111111111111111111111111111111111111111111111111111111111                              111111111111111111111111111111111111111111111111111111111111111111111111111111111111111111111111111111111111111111     
 -36   111111111111111111111111111111111111111111111111111111111111111111111111111111111111111111111111111111111111111111111                              1111111111111111111111111111111111111111111111111111111111111111111111111111111111111111111111111111111111111111111    
 -35   111111111111111111111111111111111111111111111111111111111111111111111111111111111111111111111111111111111111111111111                              1111111111111111111111111111111111111111111111111111111111111111111111111111111111111111111111111111111111111111111    
 -34   111111111111111111111111111111111111111111111111111111111111111111111111111111111111111111111111111111111111111111111                              1111111111111111111111111111111111111111111111111111111111111111111111111111111111111111111111111111111111111111111    
 -33   111111111111111111111111111111111111111111111111111111111111111111111111111111111111111111111111111111111111111111111                              1111111111111111111111111111111111111111111111111111111111111111111111111111111111111111111111111111111111111111111    
 -32   111111111111111111111111111111111111111111111111111111111111111111111111111111111111111111111111111111111111111111111                              1111111111111111111111111111111111111111111111111111111111111111111111111111111111111111111111111111111111111111111    
 -31   111111111111111111111111111111111111111111111111111111111111111111111111111111111111111111111111111111111111111111111                              11111111111111111111111111111111111111111111111111111111111111111111111111111111111111111111111111111111111111111111   
 -30   11111111111111111111111111111111111111111111111111111111111111111111111111111111111111111111111111111111111111111111                               11111111111111111111111111111111111111111111111111111111111111111111111111111111111111111111111111111111111111111111   
 -29   11111111111111111111111111111111111111111111111111111111111111111111111111111111111111111111111111111111111111111111                               11111111111111111111111111111111111111111111111111111111111111111111111111111111111111111111111111111111111111111111   
 -28   11111111111111111111111111111111111111111111111111111100000000000000000000011111111111111111111111111111111111111111                               11111111111111111111111111111111111111111111111111111111111111111111111111111111111111111111111111111111111111111111   
 -27  111111111111111111111111111111111111111111111111111111100000000000000000000011111111111111111111111111111111111111111                               11111111111111111111111111111111111111111111111111111111111111111111111111111111111111111111111111111111111111111111   
 -26  111111111111111111111111111111111111111111111111111111100000000000000000000011111111111111111111111111111111111111111                               11111111111111111111111111111111111111111111111111111111111111111111111111111111111111111111111111111111111111111111   
 -25  111111111111111111111111111111111111111111111111111111100000000000000000000011111111111111111111111111111111111111111                               111111111111111111111111111111111111111111111111111111111111111111111111111111111111111111111111111111111111111111111  
 -24  111111111111111111111111111111111111111111111111111111100000000000000000000011111111111111111111111111111111111111111                               111111111111111111111111111111111111111111111111111111111111111111111111111111111111111111111111111111111111111111111  
 -23 1111111111111111111111111111111111111111111111111111111100000000000000000000011111111111111111111111111111111111111111                               111111111111111111111111111111111111111111111111111111111111111111111111111111111111111111111111111111111111111111111  
 -22 1111111111111111111111111111111111111111111111111111111100000000000000000000011111111111111111111111111111111111111111                               111111111111111111111111111111111111111111111111111111111111111111111111111111111111111111111111111111111111111111111  
 -21 1111111111111111111111111111111111111111111111111111111100000000000000000000011111111111111111111111111111111111111111                               111111111111111111111111111111111111111111111111111111111111111111111111111111111111111111111111111111111111111111111  
 -20 1111111111111111111111111111111111111111111111111111111100000000000000000000011111111111111111111111111111111111111111                               111111111111111111111111111111111111111111111111111111111111111111111111111111111111111111111111111111111111111111111  
 -19 1111111111111111111111111111111111111111111111111111111100000000000000000000011111111111111111111111111111111111111111                               111111111111111111111111111111111111111111111111111111111111111111111111111111111111111111111111111111111111111111111  
 -18 1111111111111111111111111111111111111111111111111111111100000000000000000000011111111111111111111111111111111111111111                               111111111111111111111111111111111111111111111111111111111111111111111111111111111111111111111111111111111111111111111  
 -17 1111111111111111111111111111111111111111111111111111111100000000000000000000011111111111111111111111111111111111111111                               111111111111111111111111111111111111111111111111111111111111111111111111111111111111111111111111111111111111111111111  
 -16 1111111111111111111111111111111111111111111111111111111100000000000000000000011111111111111111111111111111111111111111                               111111111111111111111111111111111111111111111111111111111111111111111111111111111111111111111111111111111111111111111  
 -15  111111111111111111111111111111111111111111111111111111100000000000000000000011111111111111111111111111111111111111111                               111111111111111111111111111111111111111111111111111111111111111111111111111111111111111111111111111111111111111111111  
 -14  111111111111111111111111111111111111111111111111111111100000000000000000000011111111111111111111111111111111111111111                               111111111111111111111111111111111111111111111111111111111111111111111111111111111111111111111111111111111111111111111  
 -13  111111111111111111111111111111111111111111111111111111100000000000000000000011111111111111111111111111111111111111111                               111111111111111111111111111111111111111111111111111111111111111111111111111111111111111111111111111111111111111111111  
 -12  111111111111111111111111111111111111111111111111111111100000000000000000000011111111111111111111111111111111111111111                               111111111111111111111111111111111111111111111111111111111111111111111111111111111111111111111111111111111111111111111  
 -11   11111111111111111111111111111111111111111111111111111100000000000000000000011111111111111111111111111111111111111111                               111111111111111111111111111111111111111111111111111111111111111111111111111111111111111111111111111111111111111111111  
 -10   00000000000000000000000111111111111111111111111111111100000000000000000000011111111111111111111111111111111111111111                               111111111111111111111111111111111111111111111111111111111111111111111111111111111111111111111110000000000000000000000  
  -9   00000000000000000000000111111111111111111111111111111100000000000000000000011111111111111111111111111111111111111111                               111111111111111111111111111111111111111111111111111111111111111111111111111111111111111111111110000000000000000000000  
  -8   00000000000000000000000111111111111111111111111111111100000000000000000000011111111111111111111111111111111111111111                               111111111111111111111111111111111111111111111111111111111111111111111111111111111111111111111110000000000000000000000  
  -7   00000000000000000000000000000000000011111111111111111111111111111111111111111111111111111111111111111111111111111111                               111111111111111111111111111111111111111111111111111111111111111111111111111111111100000000000000000000000000000000000  
  -6   00000000000000000000000000000000000011111111111111111111111111111111111111111111111111111111111111111111111111111111                               111111111111111111111111111111111111111111111111111111111111111111111111111111111100000000000000000000000000000000000  
  -5   00000000000000000000000000000000000011111111111111111111111111111111111111111111111111111111111111111111111111111111                               111111111111111111111111111111111111111111111111111111111111111111111111111111111100000000000000000000000000000000000  
  -4   00000000000000000000000000000000000011111111111111111111111111111111111111111111111111111111111111111111111111111111                               111111111111111111111111111111111111111111111111111111111111111111111111111111111100000000000000000000000000000000000  
  -3   00000000000000000000000000000000000011111111111111111111111111111111111111111111111111111111111111111111111111111111                               111111111111111111111111111111111111111111111111111111111111111111111111111111111100000000000000000000000000000000000  
  -2   00000000000000000000000000000000000011111111111111111111111111111111111111111111111111111111111111111111111111111111                               111111111111111111111111111111111111111111111111111111111111111111111111111111111100000000000000000000000000000000000  
  -1   00000000000000000000000000000000000011111111111111111111111111111111111111111111111111111111111111111111111111111111                               111111111111111111111111111111111111111111111111111111111111111111111111111111111100000000000000000000000000000000000  
   0   000000000000000000000000000000000000111111111111111111111111111111111111111111111111111111111111111111111111111111111                               11111111111111111111111111111111111111111111111111111111111111111111111111111111100000000000000000000000000000000000  
   1   000000000000000000000000000000000000111111111111111111111111111111111111111111111111111111111111111111111111111111111                               11111111111111111111111111111111111111111111111111111111111111111111111111111111100000000000000000000000000000000000  
   2   000000000000000000000000000000000000111111111111111111111111111111111111111111111111111111111111111111111111111111111                               11111111111111111111111111111111111111111111111111111111111111111111111111111111100000000000000000000000000000000000  
   3   000000000000000000000000000000000000111111111111111111111111111111111111111111111111111111111111111111111111111111111                               11111111111111111111111111111111111111111111111111111111111111111111111111111111100000000000000000000000000000000000  
   4   000000000000000000000000000000000000111111111111111111111111111111111111111111111111111111111111111111111111111111111                               11111111111111111111111111111111111111111111111111111111111111111111111111111111100000000000000000000000000000000000  
   5   000000000000000000000000000000000000111111111111111111111111111111111111111111111111111111111111111111111111111111111                               11111111111111111111111111111111111111111111111111111111111111111111111111111111100000000000000000000000000000000000  
   6   000000000000000000000000000000000000111111111111111111111111111111111111111111111111111111111111111111111111111111111                               11111111111111111111111111111111111111111111111111111111111111111111111111111111100000000000000000000000000000000000  
   7   000000000000000000000000000000000000111111111111111111111111111111111111111111111111111111111111111111111111111111111                               11111111111111111111111111111111111111111000000000000000000000111111111111111111100000000000000000000000000000000000  
   8   000000000000000000000001111111111111111111111111111111111111111111111111111111111111111111111111111111111111111111111                               11111111111111111111111111111111111111111000000000000000000000111111111111111111111111111111110000000000000000000000  
   9   000000000000000000000001111111111111111111111111111111111111111111111111111111111111111111111111111111111111111111111                               11111111111111111111111111111111111111111000000000000000000000111111111111111111111111111111110000000000000000000000  
  10   000000000000000000000001111111111111111111111111111111111111111111111111111111111111111111111111111111111111111111111                               11111111111111111111111111111111111111111000000000000000000000111111111111111111111111111111110000000000000000000000  
  11   111111111111111111111111111111111111111111111111111111111111111111111111111111111111111111111111111111111111111111111                               111111111111111111111111111111111111111110000000000000000000001111111111111111111111111111111111111111111111111111111 
  12   111111111111111111111111111111111111111111111111111111111111111111111111111111111111111111111111111111111111111111111                               111111111111111111111111111111111111111110000000000000000000001111111111111111111111111111111111111111111111111111111 
  13   111111111111111111111111111111111111111111111111111111111111111111111111111111111111111111111111111111111111111111111                               111111111111111111111111111111111111111110000000000000000000001111111111111111111111111111111111111111111111111111111 
  14   111111111111111111111111111111111111111111111111111111111111111111111111111111111111111111111111111111111111111111111                               111111111111111111111111111111111111111110000000000000000000001111111111111111111111111111111111111111111111111111111 
  15   111111111111111111111111111111111111111111111111111111111111111111111111111111111111111111111111111111111111111111111                               1111111111111111111111111111111111111111100000000000000000000011111111111111111111111111111111111111111111111111111111
  16   111111111111111111111111111111111111111111111111111111111111111111111111111111111111111111111111111111111111111111111                               1111111111111111111111111111111111111111100000000000000000000011111111111111111111111111111111111111111111111111111111
  17   111111111111111111111111111111111111111111111111111111111111111111111111111111111111111111111111111111111111111111111                               1111111111111111111111111111111111111111100000000000000000000011111111111111111111111111111111111111111111111111111111
  18   111111111111111111111111111111111111111111111111111111111111111111111111111111111111111111111111111111111111111111111                               1111111111111111111111111111111111111111100000000000000000000011111111111111111111111111111111111111111111111111111111
  19   111111111111111111111111111111111111111111111111111111111111111111111111111111111111111111111111111111111111111111111                               1111111111111111111111111111111111111111100000000000000000000011111111111111111111111111111111111111111111111111111111
  20   111111111111111111111111111111111111111111111111111111111111111111111111111111111111111111111111111111111111111111111                               1111111111111111111111111111111111111111100000000000000000000011111111111111111111111111111111111111111111111111111111
  21   111111111111111111111111111111111111111111111111111111111111111111111111111111111111111111111111111111111111111111111                               1111111111111111111111111111111111111111100000000000000000000011111111111111111111111111111111111111111111111111111111
  22   111111111111111111111111111111111111111111111111111111111111111111111111111111111111111111111111111111111111111111111                               1111111111111111111111111111111111111111100000000000000000000011111111111111111111111111111111111111111111111111111111
  23   111111111111111111111111111111111111111111111111111111111111111111111111111111111111111111111111111111111111111111111                               111111111111111111111111111111111111111110000000000000000000001111111111111111111111111111111111111111111111111111111 
  24   111111111111111111111111111111111111111111111111111111111111111111111111111111111111111111111111111111111111111111111                               111111111111111111111111111111111111111110000000000000000000001111111111111111111111111111111111111111111111111111111 
  25    11111111111111111111111111111111111111111111111111111111111111111111111111111111111111111111111111111111111111111111                               111111111111111111111111111111111111111110000000000000000000001111111111111111111111111111111111111111111111111111111 
  26    11111111111111111111111111111111111111111111111111111111111111111111111111111111111111111111111111111111111111111111                               111111111111111111111111111111111111111110000000000000000000001111111111111111111111111111111111111111111111111111111 
  27    11111111111111111111111111111111111111111111111111111111111111111111111111111111111111111111111111111111111111111111                               11111111111111111111111111111111111111111000000000000000000000111111111111111111111111111111111111111111111111111111  
  28    11111111111111111111111111111111111111111111111111111111111111111111111111111111111111111111111111111111111111111111                               11111111111111111111111111111111111111111111111111111111111111111111111111111111111111111111111111111111111111111111  
  29    11111111111111111111111111111111111111111111111111111111111111111111111111111111111111111111111111111111111111111111                               11111111111111111111111111111111111111111111111111111111111111111111111111111111111111111111111111111111111111111111  
  30    11111111111111111111111111111111111111111111111111111111111111111111111111111111111111111111111111111111111111111111                              111111111111111111111111111111111111111111111111111111111111111111111111111111111111111111111111111111111111111111111  
  31     1111111111111111111111111111111111111111111111111111111111111111111111111111111111111111111111111111111111111111111                              111111111111111111111111111111111111111111111111111111111111111111111111111111111111111111111111111111111111111111111  
  32     1111111111111111111111111111111111111111111111111111111111111111111111111111111111111111111111111111111111111111111                              111111111111111111111111111111111111111111111111111111111111111111111111111111111111111111111111111111111111111111111  
  33     1111111111111111111111111111111111111111111111111111111111111111111111111111111111111111111111111111111111111111111                              111111111111111111111111111111111111111111111111111111111111111111111111111111111111111111111111111111111111111111111  
  34     1111111111111111111111111111111111111111111111111111111111111111111111111111111111111111111111111111111111111111111                              111111111111111111111111111111111111111111111111111111111111111111111111111111111111111111111111111111111111111111111  
  35     1111111111111111111111111111111111111111111111111111111111111111111111111111111111111111111111111111111111111111111                              111111111111111111111111111111111111111111111111111111111111111111111111111111111111111111111111111111111111111111111  
  36      111111111111111111111111111111111111111111111111111111111111111111111111111111111111111111111111111111111111111111                              111111111111111111111111111111111111111111111111111111111111111111111111111111111111111111111111111111111111111111111  
  37      111111111111111111111111111111111111111111111111111111111111111111111111111111111111111111111111111111111111111111                              111111111111111111111111111111111111111111111111111111111111111111111111111111111111111111111111111111111111111111111  
  38      111111111111111111111111111111111111111111111111111111111111111111111111111111111111111111111111111111111111111111                              111111111111111111111111111111111111111111111111111111111111111111111111111111111111111111111111111111111111111111111  
  39      111111111111111111111111111111111111111111111111111111111111111111111111111111111111111111111111111111111111111111                              11111111111111111111111111111111111111111111111111111111111111111111111111111111111111111111111111111111111111111111   
  40       111111111111111111111111111111111111111111111111111111111111111111111111111111111111111111111111111111111111111111                             11111111111111111111111111111111111111111111111111111111111111111111111111111111111111111111111111111111111111111111   
  41       111111111111111111111111111111111111111111111111111111111111111111111111111111111111111111111111111111111111111111                             11111111111111111111111111111111111111111111111111111111111111111111111111111111111111111111111111111111111111111111   
  42       111111111111111111111111111111111111111111111111111111111111111111111111111111111111111111111111111111111111111111                             11111111111111111111111111111111111111111111111111111111111111111111111111111111111111111111111111111111111111111111   
  43       111111111111111111111111111111111111111111111111111111111111111111111111111111111111111111111111111111111111111111                             1111111111111111111111111111111111111111111111111111111111111111111111111111111111111111111111111111111111111111111    
  44        11111111111111111111111111111111111111111111111111111111111111111111111111111111111111111111111111111111111111111                             1111111111111111111111111111111111111111111111111111111111111111111111111111111111111111111111111111111111111111111    
  45        11111111111111111111111111111111111111111111111111111111111111111111111111111111111111111111111111111111111111111                             1111111111111111111111111111111111111111111111111111111111111111111111111111111111111111111111111111111111111111111    
  46        11111111111111111111111111111111111111111111111111111111111111111111111111111111111111111111111111111111111111111                             111111111111111111111111111111111111111111111111111111111111111111111111111111111111111111111111111111111111111111     
  47         1111111111111111111111111111111111111111111111111111111111111111111111111111111111111111111111111111111111111111                             111111111111111111111111111111111111111111111111111111111111111111111111111111111111111111111111111111111111111111     
  48         1111111111111111111111111111111111111111111111111111111111      111111111111111111111111111111111111111111111111                             111111111111111111111111111111111111111111111111111111111111111111111111111111111111111111111111111111111111111111     
  49          11111111111111111111111111111111111111111111111111111111               1111111111111111111111111111111111111111                             11111111111111111111111111111111111111111111111111111111111111111111111111111111111111111111111111111111111111111      
  50          1111111111111111111111111111111111111111111111111111111                   1111111111111111111111111111111111111                             11111111111111111111111111111111111111111111111111111111111111111111111111111111111111111111111111111111111111111      
  51           11111111111111111111111111111111111111111111111111111                      1111111111111111111111111111111111                              1111111111111111111111111111111111111111111111111111111111111111111111111111111111111111111111111111111111111111       
  52           1111111111111111111111111111111111111111111111111111                        111111111111111111111111111111111                              1111111111111111111111111111111111111111111111111111111111111111111111111111111111111111111111111111111111111111       
  53            11111111111111111111111111111111111111111111111111                           1111111111111111111111111111111                              111111111111111111111111111111111111111111111111111111111111111111111111111111111111111111111111111111111111111        
  54            1111111111111111111111111111111111111111111111111                             111111111111111111111111111111                              111111111111111111111111111111111111111111111111111111111111111111111111111111111111111111111111111111111111111        
  55             11111111111111111111111111111111111111111111111                                1111111111111111111111111111                              111111111111111111111111111111111111111111111111111111111111111111111111111111111111111111111111111111111111111        
  56              111111111111111111111111111111111111111111111                                  111111111111111111111111111                               1111111111111111111111111111111111111111111111111111111111111111111111111111111111111111111111111111111111111         
  57              1111111111111111111111111111111111111111111                                      111111111111111111111111                                1111111111111111111111111111111111111111111111111111111111111111111111111111111111111111111111111111111111111         
  58               1111111111111111111111111111111111111111                                         11111111111111111111111                                1111111       1111111111111111111111111111111111111111111111111111111111111111111111111111111111111111111111          
  59               111111111111111111111111111111111111111                                            111111111111111111111                                11               1111111111111111111111111111111111111111111111111111111111111111111111111111111111111111111          
  60                111111111111111111111111111111111111                                               111111111111111111                                                      111111111111111111111111111111111111111111111111111111111111111111111111111111111111111           
  61                 111111111111111111111111111111111                                                   1111111111111                                                           1111111111111111111111111111111111111111111111111111111111111111111111111111111111111           
  62                  111111111111111111111111111111                                                       1111111                                                                 1111111111111111111111111111111111111111111111111111111111111111111111111111111111            
  63                   111111111111111111111111111                                                          111                                                                       1111111111111111111111111111111111111111111111111111111111111111111111111111111            
  64                    111111111111111111111111                                                                                                                                        1111111111111111111111111111111111111111111111111111111111111111111111111111             
  65                     111111111111111111111                                                                                                                                             111111111111111111111111111111111111111111111111111111111111111111111111              
  66                        1111111111111111                                                                                                                                                  111111111111111111111111111111111111111111111111111111111111111111111              
  67                          111111111111                                                                                                                                                       1111111111111111111111111111111111111111111111111111111111111111                
  68                             1111111                                                                                                                                                            111111111111111111111111111111111111111111111111111111111111                 
  69                                11                                                                                                                                                                  111111111111111111111111111111111111111111111111111111                   
  70                                                                                                                                                                                                        1111111111111111111111111111111111111111111111111                    
  71                                                                                                                                                                                                           11111111111111111111111111111111111111111111                      
  72                                                                                                                                                                                                              111111111111111111111111111111111111111                        
  73                                                                                                                                                                                                                 1111111111111111111111111111111111                          
  74                                                                                                                                                                                                                   111111111111111111111111111111                            
  75                                                                                                                                                                                                                      111111111111111111111111                               
  76                                                                                                                                                                                                                         1111111111111111111                                 
  77                                                                                                                                                                                                                              11111111111                                    
seats 27087; refused 1335 DR-KEEP, 882 OB19

## house
SEATS  house, footprint 9x7, no route standoff  1 char = 1 block  x -134..133 across, z -78..77 down
KEY  1 the footprint seats with its minimum corner here  0 refused  space void
        -3        -2        -1        -0        -9        -8        -7        -6        -5        -4        -3        -2        -1         0         1         2         3         4         5         6         7         8         9         0         1         2         3   
     4321098765432109876543210987654321098765432109876543210987654321098765432109876543210987654321098765432109876543210987654321098765432101234567890123456789012345678901234567890123456789012345678901234567890123456789012345678901234567890123456789012345678901234567890123
 -78                                     00000000000                                                                                                                                                                                                                             
 -77                                  0000000000000000000                                                                                                                                                                                                                        
 -76                                000000000000000000000000                                                                                                                                                                                                                     
 -75                             000000000000000000000000000000                                                                                                                                                                                                                  
 -74                           0000000000000000000000000000000000                                                                                                                                                                                                                
 -73                         000000000000000000000000000000000000000                                                                                                                                                                                                             
 -72                       00000000000000000000000000000000000000000000                                                                                                                                                                                                          
 -71                     0000000000000000000000000000000000000000000000000                                                                                                                                                                                                       
 -70                    000000000000000000000000000000000000000000000000000000                                                                                                                                                                  00                               
 -69                  000000000000000000011100000000000000000000000000000000000000                                                                                                                                                            0000000                            
 -68                 0000000000000000011111111111000000000000000000000000000000000000                                                                                                                                                       000000000000                         
 -67               000000000000000001111111111111111000000000000000000000000000000000000                                                                                                                                                  0000000000000000                       
 -66               000000000000001111111111111111111111000000000000000000000000000000000000                                                                                                                                             000000000000000000000                    
 -65              0000000000000111111111111111111111111110000000000000000000000000000000000000                                                                                                                                        000000000000000000000000                   
 -64             0000000000001111111111111111111111111111111000000000000000000000000000000000000                                                                       000                                                          000000000000000000000000000                  
 -63             0000000000111111111111111111111111111111111111000000000000000000000000000000000000                                                                 0000000                                                       000000000000000000000000000000                 
 -62            0000000001111111111111111111111111111111111111111100000000000000000000000000000000000                                                           0000000000000                                                   000000000000000000000000000000000                
 -61            000000000111111111111111111111111111111111111111111111000000000000000000000000000000000                                                      000000000000000000                                               000000000000000000000000000000000000               
 -60           0000000001111111111111111111111111111111111111111111111111100000000000000000000000000000000               00                                000000000000000000000                                            000000000000000000000000000000000000000              
 -59           0000000001111111111111111111111111111111111111111111111111111100000000000000000000000000000000       0000000                                00000000000000000000000                                         0000000000000000011110000000000000000000              
 -58          0000000001111111111111111111111111111111111111111111111111111111110000000000000000000000000000000000000000000                                000000000000000000000000                                      0000000000000000011111111000000000000000000             
 -57          0000000001111111111111111111111111111111111111111111111111111111111110000000000000000000000000000000000000000                               000000000000000000000000000                                  000000000000000001111111111100000000000000000             
 -56         000000000111111111111111111111111111111111111111111111111111111111111111100000000000000000000000000000000000000                              0000000000000000000000000000                                00000000000000001111111111111100000000000000000            
 -55         000000000111111111111111111111111111111111111111111111111111111111111111111000000000000000000000000000000000000                              000000000000000000000000000000                             0000000000000001111111111111111100000000000000000           
 -54         000000000111111111111111111111111111111111111111111111111111111111111111111111000000000000000000000000000000000                              0000000000000000000000000000000                           00000000000000111111111111111111100000000000000000           
 -53        0000000001111111111111111111111111111111111111111111111111111111111111111111111110000000000000000000000000000000                              000000000110000000000000000000000                        0000000000000111111111111111111111100000000000000000          
 -52        0000000001111111111111111111111111111111111111111111111111111111111111111111111111100000000000000000000000000000                              0000000001111000000000000000000000                      00000000000011111111111111111111111100000000000000000          
 -51       00000000011111111111111111111111111111111111111111111111111111111111111111111111111111100000000000000000000000000                             0000000001111110000000000000000000000                   0000000000011111111111111111111111111100000000000000000         
 -50       00000000011111111111111111111111111111111111111111111111111111111111111111111111111111111100000000000000000000000                             0000000001111111100000000000000000000000               00000000000111111111111111111111111111100000000000000000         
 -49      000000000111111111111111111111111111111111111111111111111111111111111111111111111111111111111111100000001000000000                             000000000111111111000000000000000000000000000000      0000000000111111111111111111111111111111100000000000000000        
 -48      000000000111111111111111111111111111111111111111111111111111111111111111111111111111111111111111100000001000000000                             0100000001111111111100000000000000000000111111100000000000000011111111111111111111111111111111100000000000000000        
 -47      000000000111111111111111111111111111111111111111111111111111111111111111111111111111111111111111100000001100000000                             01000000011111111111100000000000000000000000000000000000000001111111111111111111111111111111111100000000000000000       
 -46     0000000001111111111111111111111111111111111111111111111111111111111111111111111111111111111111111100000001100000000                             01000000001111111111111000000000000000000000000000000000000011111111111111111111111111111111111100000000000000000       
 -45     0000000001111111111111111111111111111111111111111111111111111111111111111111111111111111111111111100000001000000000                             01000000001111111111111100000000000000000000000000000000000111111111111111111111111111111111111100000000000000000       
 -44     0000000001111111111111111111111111111111111111111111111111111111111111111111111111111111111111111100000001000000000                             010000000011111111111111110000000000000000000000000000000011111111111111111111111111111111111111100000000000000000      
 -43    00000000011111111111111111111111111111111111111111111111111111111111111111111111111111111111111111100000001000000000                             010000000011111111111111111000000000000000000000000000000111111111111111111111111111111111111111100000000000000000      
 -42    00000000011111111111111111111111111111111111111111111111111111111111111111111111111111111111111111100000001000000000                             010000000011111111111111111110000000000000000000000000001111111111111111111111111111111111111111100000000000000000      
 -41    00000000011111111111111111111111111111111111111111111111111111111111111111111111111111111111111111100000001000000000                             010000000011111111111111111111110000000000000000000000011111111111111111111111111111111111111111100000000000000000      
 -40    00000000011111111111111111111111111111111111111111111111111111111111111111111111111111111111111111100000001000000000                              110000000111111111111111111111111111111000000000000001111111111111111111111111111111111111111111100000000000000000     
 -39   000000000111111111111111111111111111111111111111111111111111111111111111111111111111111111111111111100000001000000000                              110000000111111111111111111111111111111111111111111111111111111111111111111111111111111111111111100000000000000000     
 -38   000000000111111111111111111111111111111111111111111111111111111111111111111111111111111111111111111100000001000000000                              110000000111111111111111111111111111111111111111111111111111111111111111111111111111111111111111100000000000000000     
 -37   000000000111111111111111111111111111111111111111111111111111111111111111111111111111111111111111111100000001000000000                              110000000111111111111111111111111111111111111111111111111111111111111111111111111111111111111111100000000000000000     
 -36   000000000111111111111111111111111111111111111111111111111111111111111111111111111111111111111111111000000001000000000                              1100000001111111111111111111111111111111111111111111111111111111111111111111111111111111111111111100000000000000000    
 -35   000000000111111111111111111111111111111111111111111111111111111111111111111111111111111111111111111000000001000000000                              1100000001111111111111111111111111111111111111111111111111111111111111111111111111111111111111111100000000000000000    
 -34   010000000111111111111111111111111111111111111100000000000000000000000000000111111111111111111111111000000001000000000                              1100000001111111111111111111111111111111111111111111111111111111111111111111111111111111111111111100000000000000000    
 -33   000000000111111111111111111111111111111111111100000000000000000000000000000111111111111111111111111000000001000000000                              1100000001111111111111111111111111111111111111111111111111111111111111111111111111111111111111111100000000000000000    
 -32   000000000111111111111111111111111111111111111100000000000000000000000000000111111111111111111111111000000001000000000                              1100000001111111111111111111111111111111111111111111111111111111111111111111111111111111111111111100000000000000000    
 -31   000000000111111111111111111111111111111111111100000000000000000000000000000111111111111111111111111000000001000000000                              11000000011111111111111111111111111111111111111111111111111111111111111111111111111111111111111111100000000000000000   
 -30   10000000011111111111111111111111111111111111110000000000000000000000000000011111111111111111111111100000001100000000                               11000000011111111111111111111111111111111111111111111111111111111111111111111111111111111111111111100000000000000000   
 -29   00000000011111111111111111111111111111111111110000000000000000000000000000011111111111111111111111100000001100000000                               11000000011111111111111111111111111111111111111111111111111111111111111111111111111111111111111111100000000000000000   
 -28   00000000011111111111111111111111111111111111110000000000000000000000000000011111111111111111111111100000001100000000                               11000000011111111111111111111111111111111111111111111111111111111111111111111111111111111111111111100000000000000000   
 -27  000000000111111111111111111111111111111111111110000000000000000000000000000011111111111111111111111100000001100000000                               11000000011111111111111111111111111111111111111111111111111111111111111111111111111111111111111111100000000000000000   
 -26  000000000111111111111111111111111111111111111110000000000000000000000000000011111111111111111111111100000001100000000                               11000000011111111111111111111111111111111111111111111111111111111111111111111111111111111111111111100000000000000000   
 -25  000000000111111111111111111111111111111111111110000000000000000000000000000011111111111111111111111100000001100000000                               110000000111111111111111111111111111111111111111111111111111111111111111111111111111111111111111111100000000000000000  
 -24  000000000111111111111111111111111111111111111110000000000000000000000000000011111111111111111111111100000001100000000                               110000000111111111111111111111111111111111111111111111111111111111111111111111111111111111111111111100000000000000000  
 -23 0000000001111111111111111111111111111111111111110000000000000000000000000000011111111111111111111111100000001100000000                               110000000111111111111111111111111111111111111111111111111111111111111111111111111111111111111111111100000000000000000  
 -22 0000000001111111111111111111111111111111111111110000000000000000000000000000011111111111111111111111100000001100000000                               110000000111111111111111111111111111111111111111111111111111111111111111111111111111111111111111111100000001000000000  
 -21 0000000000111111111111111111111111111111111111110000000000000000000000000000011111111111111111111111100000001100000000                               110000000111111111111111111111111111111111111111111111111111111111111111111111111111111111111111111100000001000000000  
 -20 0000000000111111111111111111111111111111111111110000000000000000000000000000011111111111111111111111100000001100000000                               110000000111111111111111111111111111111111111111111111111111111111111111111111111111111111111111111100000001000000000  
 -19 0000000000111111111111111111111111111111111111110000000000000000000000000000011111111111111111111111100000001100000000                               110000000111111111111111111111111111111111111111111111111111111111111111111111111111111111111111111100000001000000000  
 -18 0000000000111111111111111111111111111111111111110000000000000000000000000000011111111111111111111111100000001100000000                               110000000111111111111111111111111111111111111111111111111111111111111111111111111111111111111111111100000001000000000  
 -17 0000000000011111111111111111111111111111111111110000000000000000000000000000011111111111111111111111100000001100000000                               110000000111111111111111111111111111111111111111111111111111111111111111111111111111111111111111111100000001000000000  
 -16 0000000000000000000000000111111111111111111111110000000000000000000000000000011111111111111111111111100000001100000000                               110000000111111111111111111111111111111111111111111111111111111111111111111111111111111000000000000000000000000000000  
 -15  000000000000000000000000111111111111111111111110000000000000000000000000000011111111111111111111111100000001100000000                               010000000111111111111111111111111111111111111111111111111111111111111111111111111111111000000000000000000000000000000  
 -14  000000000000000000000000111111111111111111111110000000000000000000000000000011111111111111111111111100000001100000000                               010000000111111111111111111111111111111111111111111111111111111111111111111111111111111000000000000000000000000000000  
 -13  000000000000000000000000000000000000011111111110000000000000000000000000000011111111111111111111111100000001100000000                               010000000111111111111111111111111111111111111111111111111111111111111111110000000000000000000000000000000000000000000  
 -12  000000000000000000000000000000000000011111111110000000000000000000000000000011111111111111111111111100000001100000000                               010000000111111111111111111111111111111111111111111111111111111111111111110000000000000000000000000000000000000000000  
 -11   00000000000000000000000000000000000011111111110000000000000000000000000000011111111111111111111111100000001100000000                               010000000111111111111111111111111111111111111111111111111111111111111111110000000000000000000000000000000000000000000  
 -10   00000000000000000000000000000000000011111111110000000000000000000000000000011111111111111111111111100000001100000000                               010000000111111111111111111111111111111111111111111111111111111111111111110000000000000000000000000000000000000000000  
  -9   00000000000000000000000000000000000011111111110000000000000000000000000000011111111111111111111111100000001100000000                               010000000111111111111111111111111111111111111111111111111111111111111111110000000000000000000000000000000000000000000  
  -8   00000000000000000000000000000000000011111111110000000000000000000000000000011111111111111111111111100000001100000000                               010000000111111111111111111111111111111111111111111111111111111111111111110000000000000000000000000000000000000000000  
  -7   00000000000000000000000000000000000011111111111111111111111111111111111111111111111111111111111111100000001100000000                               010000000111111111111111111111111111111111111111111111111111111111111111110000000000000000000000000000000000000000000  
  -6   00000000000000000000000000000000000011111111111111111111111111111111111111111111111111111111111111100000000100000000                               010000000011111111111111111111111111111111111111111111111111111111111111110000000000000000000000000000000000000000000  
  -5   00000000000000000000000000000000000011111111111111111111111111111111111111111111111111111111111111100000000100000000                               010000000011111111111111111111111111111111111111111111111111111111111111110000000000000000000000000000000000000000000  
  -4   00000000000000000000000000000000000011111111111111111111111111111111111111111111111111111111111111100000000100000000                               010000000011111111111111111111111111111111111111111111111111111111111111110000000000000000000000000000000000000000000  
  -3   00000000000000000000000000000000000011111111111111111111111111111111111111111111111111111111111111100000000100000000                               010000000011111111111111111111111111111111111111111111111111111111111111110000000000000000000000000000000000000000000  
  -2   00000000000000000000000000000000000011111111111111111111111111111111111111111111111111111111111111100000000100000000                               010000000011111111111111111111111111111111111111111111111111111111111111110000000000000000000000000000000000000000000  
  -1   00000000000000000000000000000000000011111111111111111111111111111111111111111111111111111111111111100000000100000000                               010000000011111111111111111111111111111111111111111111111111111111111111110000000000000000000000000000000000000000000  
   0   000000000000000000000000000000000000111111111111111111111111111111111111111111111111111111111111111100000001000000000                               11000000011111111111111111111111111111111111111111111111111111111111111110000000000000000000000000000000000000000000  
   1   000000000000000000000000000000000000111111111111111111111111111111111111111111111111111111111111111100000001000000000                               11000000011111111111111111111111100000000000000000000000000000111111111110000000000000000000000000000000000000000000  
   2   000000000000000000000000000000000000111111111111111111111111111111111111111111111111111111111111111100000001000000000                               11000000011111111111111111111111100000000000000000000000000000111111111110000000000000000000000000000000000000000000  
   3   000000000000000000000000000000000000111111111111111111111111111111111111111111111111111111111111111100000001000000000                               11000000011111111111111111111111100000000000000000000000000000111111111110000000000000000000000000000000000000000000  
   4   000000000000000000000000000000000000111111111111111111111111111111111111111111111111111111111111111100000001000000000                               11000000011111111111111111111111100000000000000000000000000000111111111110000000000000000000000000000000000000000000  
   5   000000000000000000000000000000000000111111111111111111111111111111111111111111111111111111111111111100000001000000000                               11000000011111111111111111111111100000000000000000000000000000111111111110000000000000000000000000000000000000000000  
   6   000000000000000000000000000000000000111111111111111111111111111111111111111111111111111111111111111100000001000000000                               11000000011111111111111111111111100000000000000000000000000000111111111110000000000000000000000000000000000000000000  
   7   000000000000000000000000000000000000111111111111111111111111111111111111111111111111111111111111111100000001000000000                               11000000011111111111111111111111100000000000000000000000000000111111111110000000000000000000000000000000000000000000  
   8   000000000000000000000001111111111111111111111111111111111111111111111111111111111111111111111111111100000001000000000                               11000000011111111111111111111111100000000000000000000000000000111111111111111111111111000000000000000000000000000000  
   9   000000000000000000000001111111111111111111111111111111111111111111111111111111111111111111111111111100000001100000000                               11000000011111111111111111111111100000000000000000000000000000111111111111111111111111000000000000000000000000000000  
  10   000000000000000000000001111111111111111111111111111111111111111111111111111111111111111111111111111100000001100000000                               11000000011111111111111111111111100000000000000000000000000000111111111111111111111111000000000000000000000000000000  
  11   010000000111111111111111111111111111111111111111111111111111111111111111111111111111111111111111111100000001100000000                               110000000111111111111111111111111000000000000000000000000000001111111111111111111111111111111111111100000000000000000 
  12   010000000111111111111111111111111111111111111111111111111111111111111111111111111111111111111111111100000001100000000                               110000000111111111111111111111111000000000000000000000000000001111111111111111111111111111111111111100000000000000000 
  13   010000000111111111111111111111111111111111111111111111111111111111111111111111111111111111111111111100000001100000000                               110000000111111111111111111111111000000000000000000000000000001111111111111111111111111111111111111100000000000000000 
  14   010000000111111111111111111111111111111111111111111111111111111111111111111111111111111111111111111100000001100000000                               110000000111111111111111111111111000000000000000000000000000001111111111111111111111111111111111111100000000000000000 
  15   010000000111111111111111111111111111111111111111111111111111111111111111111111111111111111111111111100000001100000000                               1100000001111111111111111111111110000000000000000000000000000011111111111111111111111111111111111111100000000000000000
  16   000000000111111111111111111111111111111111111111111111111111111111111111111111111111111111111111111100000001100000000                               1100000001111111111111111111111110000000000000000000000000000011111111111111111111111111111111111111100000000000000000
  17   000000000111111111111111111111111111111111111111111111111111111111111111111111111111111111111111111100000001100000000                               1100000001111111111111111111111110000000000000000000000000000011111111111111111111111111111111111111000000000000000000
  18   000000000111111111111111111111111111111111111111111111111111111111111111111111111111111111111111111100000001100000000                               1100000001111111111111111111111110000000000000000000000000000011111111111111111111111111111111111111000000000000000000
  19   000000000011111111111111111111111111111111111111111111111111111111111111111111111111111111111111111100000001100000000                               1100000001111111111111111111111110000000000000000000000000000011111111111111111111111111111111111111000000000000000000
  20   000000000011111111111111111111111111111111111111111111111111111111111111111111111111111111111111111100000001100000000                               1100000001111111111111111111111110000000000000000000000000000011111111111111111111111111111111111111000000000000000000
  21   000000000011111111111111111111111111111111111111111111111111111111111111111111111111111111111111111100000001100000000                               1100000001111111111111111111111110000000000000000000000000000011111111111111111111111111111111111110000000000000000000
  22   000000000011111111111111111111111111111111111111111111111111111111111111111111111111111111111111111100000001100000000                               1100000001111111111111111111111110000000000000000000000000000011111111111111111111111111111111111110000000000000000000
  23   000000000011111111111111111111111111111111111111111111111111111111111111111111111111111111111111111100000001100000000                               110000000111111111111111111111111000000000000000000000000000001111111111111111111111111111111111111000000001000000000 
  24   000000000011111111111111111111111111111111111111111111111111111111111111111111111111111111111111111100000001100000000                               100000000111111111111111111111111000000000000000000000000000001111111111111111111111111111111111111000000000000000000 
  25    00000000001111111111111111111111111111111111111111111111111111111111111111111111111111111111111111100000001100000000                               100000000111111111111111111111111000000000000000000000000000001111111111111111111111111111111111111000000000000000000 
  26    00000000001111111111111111111111111111111111111111111111111111111111111111111111111111111111111111100000001100000000                               100000000111111111111111111111111000000000000000000000000000001111111111111111111111111111111111111000000000000000000 
  27    00000000001111111111111111111111111111111111111111111111111111111111111111111111111111111111111111100000001100000000                               10000000011111111111111111111111100000000000000000000000000000111111111111111111111111111111111111100000001000000000  
  28    00000000001111111111111111111111111111111111111111111111111111111111111111111111111111111111111111100000001100000000                               10000000011111111111111111111111111111111111111111111111111111111111111111111111111111111111111111100000000000000000  
  29    00000000001111111111111111111111111111111111111111111111111111111111111111111111111111111111111111100000001100000000                               10000000011111111111111111111111111111111111111111111111111111111111111111111111111111111111111111100000000000000000  
  30    00000000000111111111111111111111111111111111111111111111111111111111111111111111111111111111111111100000001100000000                              010000000111111111111111111111111111111111111111111111111111111111111111111111111111111111111111111100000000000000000  
  31     0000000000111111111111111111111111111111111111111111111111111111111111111111111111111111111111111100000001100000000                              010000000111111111111111111111111111111111111111111111111111111111111111111111111111111111111111111100000000000000000  
  32     0000000000111111111111111111111111111111111111111111111111111111111111111111111111111111111111111100000001100000000                              010000000111111111111111111111111111111111111111111111111111111111111111111111111111111111111111111100000000000000000  
  33     0000000000111111111111111111111111111111111111111111110000000000000011111111111111111111111111111100000001100000000                              010000000111111111111111111111111111111111111111111111111111111111111111111111111111111111111111111000000000000000000  
  34     0000000000011111111111111111111111111111111111111111100000000000000000000000111111111111111111111100000000100000000                              010000000111111111111111111111111111111111111111111111111111111111111111111111111111111111111111111000000000000000000  
  35     0000000000011111111111111111111111111111111111111111000000000000000000000000000111111111111111111100000000100000000                              010000000111111111111111111111111111111111111111111111111111111111111111111111111111111111111111111000000000000000000  
  36      000000000011111111111111111111111111111111111111110000000000000000000000000000001111111111111111100000000100000000                              010000000111111111111111111111111111111111111111111111111111111111111111111111111111111111111111111000000000000000000  
  37      000000000011111111111111111111111111111111111111100000000000000000000000000000000111111111111111100000000100000000                              010000000111111111111111111111111111111111111111111111111111111111111111111111111111111111111111110000000000000000000  
  38      000000000001111111111111111111111111111111111111000000000000000000000000000000000001111111111111100000000100000000                              010000000111111111111111111111111111111111111111111111111111111111111111111111111111111111111111110000000000000000000  
  39      000000000001111111111111111111111111111111111110000000000000000000000000000000000000111111111111100000000100000000                              11000000011111111111111111111111111111111111111111111111111111111111111111111111111111111111111111000000000000000000   
  40       000000000011111111111111111111111111111111111000000000000000000000000000000000000000011111111111100000001000000000                             11000000011111111111111111111111111111111111111111111111111111111111111111111111111111111111111110000000000000000000   
  41       000000000001111111111111111111111111111111110000000000000001111111000000000000000000001111111111100000001000000000                             01000000011111111111111111111111111111111111111111111111111111111111111111111111111111111111111110000000000000000000   
  42       000000000001111111111111111111111111111111000000000000000000000000000000000000000000000011111111100000000000000000                             01000000011111111111111111111111111111111111111111111111111111111111111111111111111111111111111110000000000000000000   
  43       000000000000111111111111111111111111111100000000000000000000000000000000000000000000000001111111100000000000000000                             0000000000000001111111111111111111111111111111111111111111111111111111111111111111111111111111110000000000000000000    
  44        00000000000111111111111111111111111111000000000000000000000000000000000000000000000000000011111100000000000000000                             0000000000000000001111111111111111111111111111111111111111111111111111111111111111111111111111110000000000000000000    
  45        00000000000011111111111111111111111100000000000000000000000000000000000000000000000000000001111000000000000000000                             0000000000000000000001111111111111111111111111111111111111111111111111111111111111111111111111100000000000000000000    
  46        00000000000011111111111111111111110000000000000000000000000000000000000000000000000000000000011000000000000000000                             000000000000000000000001111111111111111111111111111111111111111111111111111111111111111111111110000000000000000000     
  47         0000000000001111111111111111111000000000000000000000000000000000000000000000000000000000000000000000000000000000                             000000000000000000000000011111111111111111111111111111111111111111111111111111111111111111111100000000000000000000     
  48         0000000000001111111111111111100000000000000000000000000000      000000000000000000000000000000000000000000000000                             000000000000000000000000000011111111111111111111111111111111111111111111111111111111111111111100000000000000000000     
  49          00000000000011111111111111000000000000000000000000000000               0000000000000000000000000000000000000000                             00000000000000000000000000000011111111111111111111111111111111111111111111111111111111111111110000000000000000000      
  50          0000000000000111111111110000000000000000000000000000000                   0000000000000000000000000000000000000                             00000000000000000000000000000000011111111111111111111111111111111111111111111111111111111111100000000000000000000      
  51           00000000000001111111100000000000000000000000000000000                      0000000000000000000000000000000000                              0000000000000000000000000000000000001111111111111111111111111111111111111111111111111111111110000000000000000000       
  52           0000000000000001111000000000000000000000000000000000                        000000000000000000000000000000000                              0000000000000000000000000000000000000001111111111111111111111111111111111111111111111111111100000000000000000000       
  53            00000000000000000000000000000000000000000000000000                           0000000000000000000000000000000                              000000000000000000000000000000000000000000111111111111111111111111111111111111111111111111110000000000000000000        
  54            0000000000000000000000000000000000000000000000000                             000000000000000000000000000000                              000000000000000000000000000000000000000000000011111111111111111111111111111111111111111111100000000000000000000        
  55             00000000000000000000000000000000000000000000000                                0000000000000000000000000000                              000000000000000000000000000000000000000000000000001111111111111111111111111111111111111111100000000000000000000        
  56              000000000000000000000000000000000000000000000                                  000000000000000000000000000                               0000000000000000000000000000000000000000000000000000111111111111111111111111111111111111000000000000000000000         
  57              0000000000000000000000000000000000000000000                                      000000000000000000000000                                0000000000000000000000000000000000000000000000000000000111111111111111111111111111111100000000000000000000000         
  58               0000000000000000000000000000000000000000                                         00000000000000000000000                                0000000       0000000000000000000000000000000000000000000011111111111111111111111111000000000000000000000000          
  59               000000000000000000000000000000000000000                                            000000000000000000000                                00               0000000000000000000000000000000000000000000111111111111111111111100000000000000000000000000          
  60                000000000000000000000000000000000000                                               000000000000000000                                                      000000000000000000000000000000000000000000011111111111111110000000000000000000000000000           
  61                 000000000000000000000000000000000                                                   0000000000000                                                           0000000000000000000000000000000000000000000011111111111000000000000000000000000000000           
  62                  000000000000000000000000000000                                                       0000000                                                                 0000000000000000000000000000000000000000000000011100000000000000000000000000000000            
  63                   000000000000000000000000000                                                          000                                                                       0000000000000000000000000000000000000000000000000000000000000000000000000000000            
  64                    000000000000000000000000                                                                                                                                        0000000000000000000000000000000000000000000000000000000000000000000000000000             
  65                     000000000000000000000                                                                                                                                             000000000000000000000000000000000000000000000000000000000000000000000000              
  66                        0000000000000000                                                                                                                                                  000000000000000000000000000000000000000000000000000000000000000000000              
  67                          000000000000                                                                                                                                                       0000000000000000000000000000000000000000000000000000000000000000                
  68                             0000000                                                                                                                                                            000000000000000000000000000000000000000000000000000000000000                 
  69                                00                                                                                                                                                                  000000000000000000000000000000000000000000000000000000                   
  70                                                                                                                                                                                                        0000000000000000000000000000000000000000000000000                    
  71                                                                                                                                                                                                           00000000000000000000000000000000000000000000                      
  72                                                                                                                                                                                                              000000000000000000000000000000000000000                        
  73                                                                                                                                                                                                                 0000000000000000000000000000000000                          
  74                                                                                                                                                                                                                   000000000000000000000000000000                            
  75                                                                                                                                                                                                                      000000000000000000000000                               
  76                                                                                                                                                                                                                         0000000000000000000                                 
  77                                                                                                                                                                                                                              00000000000                                    
seats 15640; refused 6365 DR-PASS, 3804 DR-SITE, 1929 DR-KEEP, 1566 OB19
