## tree
SEATS  tree, footprint 1x1, 3 blocks off a route  1 char = 1 block  x -80..79 across, z -100..99 down
KEY  1 the footprint seats with its minimum corner here  0 refused  space void
     8        -7        -6        -5        -4        -3        -2        -1         0         1         2         3         4         5         6         7         
     0987654321098765432109876543210987654321098765432109876543210987654321098765432101234567890123456789012345678901234567890123456789012345678901234567890123456789
-100                                                                       000000000000000                                                                           
 -99                                                                       000000000000000                                                                           
 -98                                                                       000000000000000                                                                           
 -97                                                                       000000000000000                                                                           
 -96                                                                       000000000000000                                                                           
 -95                                                                       000000000000000                                                                           
 -94                                                                       000000000000000                                                                           
 -93                                                                       000000000000000                                                                           
 -92                                                                       000000000000000                                                                           
 -91                                                                       000000000000000                                                                           
 -90                                                                       000000000000000                                                                           
 -89                                                                       000000000000000                                                                           
 -88                                                                       000000000000000                                                                           
 -87                                                                       100000000000000                                                                           
 -86                                                                       100000000000000                                                                           
 -85                                                                       100000000000000                                                                           
 -84                                                                       100000000000000                                                                           
 -83                                                                       100000000000000                                                                           
 -82                                                                       100000000000000                                                                           
 -81                                                                       100000000000000                                                                           
 -80      1111111111111111111111111111111111111111111111111111111111111111110000000000000011111111111111111111111111111111111111111111111111111111111111111          
 -79      1111111111111111111111111111111111111111111111111111111111111111110000000000000011111111111111111111111111111111111111111111111111111111111111111          
 -78      1111111111111111111111111111111111111111111111111111111111111111110000000000000011111111111111111111111111111111111111111111111111111111111111111          
 -77      1111111111111111111111111111111111111111111111111111111111111111110000000000000011111111111111111111111111111111111111111111111111111111111111111          
 -76      1111111111111111111111111111111111111111111111111111111111111111110000000000000011111111111111111111111111111111111111111111111111111111111111111          
 -75      1111111111111111111111111111111111111111111111111111111111111111110000000000000011111111111111111111111111111111111111111111111111111111111111111          
 -74      1111111111111111111111111111111111111111111111111111111111111111110000000000000011111111111111111111111111111111111111111111111111111111111111111          
 -73      1111111111111111111111111111111111111111111111111111111111111111110000000000000011111111111111111111111111111111111111111111111111111111111111111          
 -72      1111111111111111111111111111111111111111111111111111111111111111110000000000000011111111111111111111111111111111111111111111111111111111111111111          
 -71      1111111111111111111111111111111111111111111111111111111111111111111111111111111111111111111111111111111111111111111111111111111111111111111111111          
 -70      1111111111111111111111111111111111111111111111111111111111111111111111111111111111111111111111111111111111111111111111111111111111111111111111111          
 -69      1111111111111111111111111111111111111111111111111111111111111111111111111111111111111111111111111111111111111111111111111111111111111111111111111          
 -68      1111111111111111111111111111111111111111111111111111111111111111111111111111111111111111111111111111111111111111111111111111111111111111111111111          
 -67      1111111111111111111111111111111111111111111111111111111111111111111111111111111111111111111111111111111111111111111111111111111111111111111111100          
 -66      1111111111111111111111111111111111111111111111111111111111111111111111111111111111111111111111111111111111111111111111111111111111111111111111100          
 -65      111111111111111                    11111111111111111111111111111111111                    1111111111111111111111111               1111111111111000000000000
 -64      100000000000000                    11111111111111111111111111111111111                    1111111111111111111111111               1111110000000000000000000
 -63      100000000000000                    11111111111111111111111111111111111                    1111111111111111111111111               1111110000000000000000000
 -62      100000000000000                    11111111111111111111111111111111111                    1111111111111111111111111               1111110000000000000000000
 -61      100000000000000                    11111111111111111111111111111111111                    1111111111111111111111111               1111110000000000000000000
 -60      100000000000000                    11111111111111111111111111111111111                    1111111111111111111111111               1111110000000000000000000
 -59      100000000000000                    11111111111111111111111111111111111                    1111111111111111111111111               1111110000000000000000000
 -58      100000000000000                    11111111111111111111111111111111111                    1111111111111111111111111               1111110000000000000000000
 -57      000000000000000                    11111111111111111111111111111111111                    1111111111111111111111111               1111110000000000000000000
 -56      000000000000000                    11111111111111111111111111111111111                    1111111111111111111111111               1111110000000000000000000
 -55      000000000000000                    11111111111111111111111111111111111                    1111111111111111111111111               1111110000000000000000000
 -54      000000000000000                    11111111111111111111111111111111111                    1111111111111111111111111               1111110000000000000000000
 -53      000000000000000                    11111111111111111111111111111111111                    1111111111111111111111111               1111110000000000000000000
 -52      000000000000000                    11111111111111111111111111111111111                    1111111111111111111111111               1111110000000000000000000
 -51      000000000000000                    11111111111111111111111111111111111                    1111111111111111111111111               1111110000000000000000000
 -50      000000000000000                    11111111111111111111111111111111111                    1111111111111111111111111111111111111111111111111111100          
 -49      000000000000000                    11111111111111111111111111111111111                    1111111111111111111111111111111111111111111111111111100          
 -48      000000000000000                    11111111111111111111111111111111111                    1111111111111111111111111111111111111111111111111111100          
 -47      000000000000000                    11111111111111111111111111111111111                    1111111111111111111111111111111111111111111111111111111          
 -46      000000000000000                    11111111111111111111111111111111111                    1111111111111111111111111111111111111111111111111111111          
 -45                                         11111111111111111111111111111111111                    1111111111111111111111111111111111111111111111111111111          
 -44                                         11111111111111111111111111111111111                    1111111111111111111111111111111111111111111111111111111          
 -43                                         11111111111111111111111111111111111                    1111111111111111111111111111111111111111111111111111111          
 -42                                         11111111111111111111111111111111111                    1111111111111111111111111111111111111111111111111111111          
 -41                                         11111111111111111111111111111111111                    1111111111111111111111111111111111111111111111111111111          
 -40                                         11111111111111111111111111111111111                    1111111111111111111111111111111111111111111111111111111          
 -39                                         11111111111111111111111111111111111                    1111111111111111111111111111111111111111111111111111111          
 -38                                         11111111111111111111111111111111111                    1111111111111111111111111111111111111111111111111111111          
 -37                                         11111111111111111111111111111111111                    1111111111111111111111111111111111111111111111111111111          
 -36                                         11111111111111111111111111111111111                    1111111111111111111111111111111111111111111111111111111          
 -35                                         11111111111111111111111111111111111111111111111111111111111111111111111111111111                                        
 -34                                         11111111111111111111111111111111111111111111111111111111111111111111111111111111                                        
 -33                                         11111111111111111111111111111111111111111111111111111111111111111111111111111111                                        
 -32                                         11111111111111111111111111111111111111111111111111111111111111111111111111111111                                        
 -31                                         11111111111111111111111111111111111111111111111111111111111111111111111111111111                                        
 -30                                         11111111111111111111111111111111111111111111111111111111111111111111111111111111                                        
 -29                                         11111111111111111111111111111111111111111111111111111111111111111111111111111111                                        
 -28                                         11111111111111111111111111111111111111111111111111111111111111111111111111111111                                        
 -27                                         11111111111111111111111111111111111111111111111111111111111111111111111111111111                                        
 -26                                         11111111111111111111111111111111111111111111111111111111111111111111111111111111                                        
 -25                                         11111111111111111111111111111111111111111111111111111111111111111111111111111111                                        
 -24                                         11111111111111111111111111111111111111111111111111111111111111111111111111111111                                        
 -23                                         11111111111111111111111111111111111111111111111111111111111111111111111111111111                                        
 -22                                         11111111111111111111111111111111111111111111111111111111111111111111111111111111                                        
 -21                                         11111111111111111111111111111111111111111111111111111111111111111111111111111111                                        
 -20                                         11111111111111111111111111111111111111111111111111111111111111111111111111111111                                        
 -19                                         11111111111111111111111111111111111111111111111111111111111111111111111111111111                                        
 -18                                         11111111111111111111111111111111111111111111111111111111111111111111111111111111                                        
 -17                                         11111111111111111111111111111111111111111111111111111111111111111111111111111111                                        
 -16                                         11111111111111111111111111111111111111111111111111111111111111111111111111111111                                        
 -15                                         11111111111111111111111111111111111111111111111111111111111111111111111111111111                                        
 -14                                         11111111111111111111111111111111111111111111111111111111111111111111111111111111                                        
 -13                                         11111111111111111111111111111111111111111111111111111111111111111111111111111111                                        
 -12                                         11111111111111111111111111111111111111111111111111111111111111111111111111111111                                        
 -11                                         11111111111111111111111111111111111111111111111111111111111111111111111111111111                                        
 -10                                                                                                                                                                 
  -9                                                                                                                                                                 
  -8                                                                                                                                                                 
  -7                                                                                                                                                                 
  -6                                                                                                                                                                 
  -5                                                                                                                                                                 
  -4                                                                                                                                                                 
  -3                                                                                                                                                                 
  -2                                                                                                                                                                 
  -1                                                                                                                                                                 
   0                                                                                                                                                                 
   1                                                                                                                                                                 
   2                                                                                                                                                                 
   3                                                                                                                                                                 
   4                                                                                                                                                                 
   5                                                                                                                                                                 
   6                                                                                                                                                                 
   7                                                                                                                                                                 
   8                                                                                                                                                                 
   9                                                                                                                                                                 
  10                                         11111111111111111111111111111111111111111111111111111111111111111111111111111111                                        
  11                                         11111111111111111111111111111111111111111111111111111111111111111111111111111111                                        
  12                                         11111111111111111111111111111111111111111111111111111111111111111111111111111111                                        
  13                                         11111111111111111111111111111111111111111111111111111111111111111111111111111111                                        
  14                                         11111111111111111111111111111111111111111111111111111111111111111111111111111111                                        
  15                                         11111111111111111111111111111111111111111111111111111111111111111111111111111111                                        
  16                                         11111111111111111111111111111111111111111111111111111111111111111111111111111111                                        
  17                                         11111111111111111111111111111111111111111111111111111111111111111111111111111111                                        
  18                                         11111111111111111111111111111111111111111111111111111111111111111111111111111111                                        
  19                                         11111111111111111111111111111111111111111111111111111111111111111111111111111111                                        
  20                                         11111111111111111111111111111111111111111111111111111111111111111111111111111111                                        
  21                                         11111111111111111111111111111111111111111111111111111111111111111111111111111111                                        
  22                                         11111111111111111111111111111111111111111111111111111111111111111111111111111111                                        
  23                                         11111111111111111111111111111111111111111111111111111111111111111111111111111111                                        
  24                                         11111111111111111111111111111111111111111111111111111111111111111111111111111111                                        
  25                                         11111111111111111111111111111111111111111111111111111111111111111111111111111111                                        
  26                                         11111111111111111111111111111111111111111111111111111111111111111111111111111111                                        
  27                                         11111111111111111111111111111111111111111111111111111111111111111111111111111111                                        
  28                                         11111111111111111111111111111111111111111111111111111111111111111111111111111111                                        
  29                                         11111111111111111111111111111111111111111111111111111111111111111111111111111111                                        
  30                                         11111111111111111111111111111111111111111111111111111111111111111111111111111111                                        
  31                                         11111111111111111111111111111111111111111111111111111111111111111111111111111111                                        
  32                                         11111111111111111111111111111111111111111111111111111111111111111111111111111111                                        
  33                                         11111111111111111111111111111111111111111111111111111111111111111111111111111111                                        
  34                                         11111111111111111111111111111111111111111111111111111111111111111111111111111111                                        
  35           1111111111111111111111111111111111111111111111111111111                    11111111111111111111111111111111111                                        
  36           1111111111111111111111111111111111111111111111111111111                    11111111111111111111111111111111111                                        
  37           1111111111111111111111111111111111111111111111111111111                    11111111111111111111111111111111111                                        
  38           1111111111111111111111111111111111111111111111111111111                    11111111111111111111111111111111111                                        
  39           1111111111111111111111111111111111111111111111111111111                    11111111111111111111111111111111111                                        
  40           1111111111111111111111111111111111111111111111111111111                    11111111111111111111111111111111111                                        
  41           1111111111111111111111111111111111111111111111111111111                    11111111111111111111111111111111111                                        
  42           1111111111111111111111111111111111111111111111111111111                    11111111111111111111111111111111111                                        
  43           1111111111111111111111111111111111111111111111111111111                    11111111111111111111111111111111111                                        
  44           1111111111111111111111111111111111111111111111111111111                    11111111111111111111111111111111111                                        
  45           1111111111111111111111111111111111111111111111111111111                    11111111111111111111111111111111111                    000000000000000     
  46           1111111111111111111111111111111111111111111111111111111                    11111111111111111111111111111111111                    000000000000000     
  47           1111111111111111111111111111111111111111111111111111111                    11111111111111111111111111111111111                    000000000000000     
  48           0001111111111111111111111111111111111111111111111111111                    11111111111111111111111111111111111                    000000000000000     
  49           0001111111111111111111111111111111111111111111111111111                    11111111111111111111111111111111111                    000000000000000     
  50 0000000000000111111111111               1111111111111111111111111                    11111111111111111111111111111111111                    000000000000000     
  51 0000000000000000000011111               1111111111111111111111111                    11111111111111111111111111111111111                    000000000000000     
  52 0000000000000000000011111               1111111111111111111111111                    11111111111111111111111111111111111                    000000000000000     
  53 0000000000000000000011111               1111111111111111111111111                    11111111111111111111111111111111111                    000000000000000     
  54 0000000000000000000011111               1111111111111111111111111                    11111111111111111111111111111111111                    000000000000000     
  55 0000000000000000000011111               1111111111111111111111111                    11111111111111111111111111111111111                    000000000000000     
  56 0000000000000000000011111               1111111111111111111111111                    11111111111111111111111111111111111                    000000000000000     
  57 0000000000000000000011111               1111111111111111111111111                    11111111111111111111111111111111111                    000000000000000     
  58 0000000000000000000011111               1111111111111111111111111                    11111111111111111111111111111111111                    100000000000000     
  59 0000000000000000000011111               1111111111111111111111111                    11111111111111111111111111111111111                    100000000000000     
  60 0000000000000000000011111               1111111111111111111111111                    11111111111111111111111111111111111                    100000000000000     
  61 0000000000000000000011111               1111111111111111111111111                    11111111111111111111111111111111111                    100000000000000     
  62 0000000000000000000011111               1111111111111111111111111                    11111111111111111111111111111111111                    100000000000000     
  63 0000000000000000000011111               1111111111111111111111111                    11111111111111111111111111111111111                    100000000000000     
  64 0000000000000000000011111               1111111111111111111111111                    11111111111111111111111111111111111                    100000000000000     
  65           0001111111111111111111111111111111111111111111111111111111111111111111111111111111111111111111111111111111111111111111111111111111111111111111111     
  66           0001111111111111111111111111111111111111111111111111111111111111111111111111111111111111111111111111111111111111111111111111111111111111111111111     
  67           0001111111111111111111111111111111111111111111111111111111111111111111111111111111111111111111111111111111111111111111111111111111111111111111111     
  68           1111111111111111111111111111111111111111111111111111111111111111111111111111111111111111111111111111111111111111111111111111111111111111111111111     
  69           1111111111111111111111111111111111111111111111111111111111111111111111111111111111111111111111111111111111111111111111111111111111111111111111111     
  70           1111111111111111111111111111111111111111111111111111111111111111111111111111111111111111111111111111111111111111111111111111111111111111111111111     
  71           1111111111111111111111111111111111111111111111111111111111111111111111111111111111111111111111111111111111111111111111111111111111111111111111111     
  72           1111111111111111111111111111111111111111111111111111111111111111110000000000000011111111111111111111111111111111111111111111111111111111111111111     
  73           1111111111111111111111111111111111111111111111111111111111111111110000000000000011111111111111111111111111111111111111111111111111111111111111111     
  74           1111111111111111111111111111111111111111111111111111111111111111110000000000000011111111111111111111111111111111111111111111111111111111111111111     
  75           1111111111111111111111111111111111111111111111111111111111111111110000000000000011111111111111111111111111111111111111111111111111111111111111111     
  76           1111111111111111111111111111111111111111111111111111111111111111110000000000000011111111111111111111111111111111111111111111111111111111111111111     
  77           1111111111111111111111111111111111111111111111111111111111111111110000000000000011111111111111111111111111111111111111111111111111111111111111111     
  78           1111111111111111111111111111111111111111111111111111111111111111110000000000000011111111111111111111111111111111111111111111111111111111111111111     
  79           1111111111111111111111111111111111111111111111111111111111111111110000000000000011111111111111111111111111111111111111111111111111111111111111111     
  80                                                                            100000000000000                                                                      
  81                                                                            100000000000000                                                                      
  82                                                                            100000000000000                                                                      
  83                                                                            100000000000000                                                                      
  84                                                                            100000000000000                                                                      
  85                                                                            100000000000000                                                                      
  86                                                                            100000000000000                                                                      
  87                                                                            100000000000000                                                                      
  88                                                                            000000000000000                                                                      
  89                                                                            000000000000000                                                                      
  90                                                                            000000000000000                                                                      
  91                                                                            000000000000000                                                                      
  92                                                                            000000000000000                                                                      
  93                                                                            000000000000000                                                                      
  94                                                                            000000000000000                                                                      
  95                                                                            000000000000000                                                                      
  96                                                                            000000000000000                                                                      
  97                                                                            000000000000000                                                                      
  98                                                                            000000000000000                                                                      
  99                                                                            000000000000000                                                                      
seats 12810; refused 1990 DR-KEEP

## boulder
SEATS  boulder, footprint 1x1, 2 blocks off a route  1 char = 1 block  x -80..79 across, z -100..99 down
KEY  1 the footprint seats with its minimum corner here  0 refused  space void
     8        -7        -6        -5        -4        -3        -2        -1         0         1         2         3         4         5         6         7         
     0987654321098765432109876543210987654321098765432109876543210987654321098765432101234567890123456789012345678901234567890123456789012345678901234567890123456789
-100                                                                       000000000000000                                                                           
 -99                                                                       000000000000000                                                                           
 -98                                                                       000000000000000                                                                           
 -97                                                                       000000000000000                                                                           
 -96                                                                       000000000000000                                                                           
 -95                                                                       000000000000000                                                                           
 -94                                                                       000000000000000                                                                           
 -93                                                                       000000000000000                                                                           
 -92                                                                       000000000000000                                                                           
 -91                                                                       000000000000000                                                                           
 -90                                                                       000000000000000                                                                           
 -89                                                                       000000000000000                                                                           
 -88                                                                       000000000000000                                                                           
 -87                                                                       100000000000000                                                                           
 -86                                                                       100000000000000                                                                           
 -85                                                                       100000000000000                                                                           
 -84                                                                       100000000000000                                                                           
 -83                                                                       100000000000000                                                                           
 -82                                                                       100000000000000                                                                           
 -81                                                                       100000000000000                                                                           
 -80      1111111111111111111111111111111111111111111111111111111111111111110000000000000011111111111111111111111111111111111111111111111111111111111111111          
 -79      1111111111111111111111111111111111111111111111111111111111111111110000000000000011111111111111111111111111111111111111111111111111111111111111111          
 -78      1111111111111111111111111111111111111111111111111111111111111111110000000000000011111111111111111111111111111111111111111111111111111111111111111          
 -77      1111111111111111111111111111111111111111111111111111111111111111110000000000000011111111111111111111111111111111111111111111111111111111111111111          
 -76      1111111111111111111111111111111111111111111111111111111111111111110000000000000011111111111111111111111111111111111111111111111111111111111111111          
 -75      1111111111111111111111111111111111111111111111111111111111111111110000000000000011111111111111111111111111111111111111111111111111111111111111111          
 -74      1111111111111111111111111111111111111111111111111111111111111111110000000000000011111111111111111111111111111111111111111111111111111111111111111          
 -73      1111111111111111111111111111111111111111111111111111111111111111110000000000000011111111111111111111111111111111111111111111111111111111111111111          
 -72      1111111111111111111111111111111111111111111111111111111111111111110000000000000011111111111111111111111111111111111111111111111111111111111111111          
 -71      1111111111111111111111111111111111111111111111111111111111111111111111111111111111111111111111111111111111111111111111111111111111111111111111111          
 -70      1111111111111111111111111111111111111111111111111111111111111111111111111111111111111111111111111111111111111111111111111111111111111111111111111          
 -69      1111111111111111111111111111111111111111111111111111111111111111111111111111111111111111111111111111111111111111111111111111111111111111111111111          
 -68      1111111111111111111111111111111111111111111111111111111111111111111111111111111111111111111111111111111111111111111111111111111111111111111111111          
 -67      1111111111111111111111111111111111111111111111111111111111111111111111111111111111111111111111111111111111111111111111111111111111111111111111100          
 -66      1111111111111111111111111111111111111111111111111111111111111111111111111111111111111111111111111111111111111111111111111111111111111111111111100          
 -65      111111111111111                    11111111111111111111111111111111111                    1111111111111111111111111               1111111111111000000000000
 -64      100000000000000                    11111111111111111111111111111111111                    1111111111111111111111111               1111110000000000000000000
 -63      100000000000000                    11111111111111111111111111111111111                    1111111111111111111111111               1111110000000000000000000
 -62      100000000000000                    11111111111111111111111111111111111                    1111111111111111111111111               1111110000000000000000000
 -61      100000000000000                    11111111111111111111111111111111111                    1111111111111111111111111               1111110000000000000000000
 -60      100000000000000                    11111111111111111111111111111111111                    1111111111111111111111111               1111110000000000000000000
 -59      100000000000000                    11111111111111111111111111111111111                    1111111111111111111111111               1111110000000000000000000
 -58      100000000000000                    11111111111111111111111111111111111                    1111111111111111111111111               1111110000000000000000000
 -57      000000000000000                    11111111111111111111111111111111111                    1111111111111111111111111               1111110000000000000000000
 -56      000000000000000                    11111111111111111111111111111111111                    1111111111111111111111111               1111110000000000000000000
 -55      000000000000000                    11111111111111111111111111111111111                    1111111111111111111111111               1111110000000000000000000
 -54      000000000000000                    11111111111111111111111111111111111                    1111111111111111111111111               1111110000000000000000000
 -53      000000000000000                    11111111111111111111111111111111111                    1111111111111111111111111               1111110000000000000000000
 -52      000000000000000                    11111111111111111111111111111111111                    1111111111111111111111111               1111110000000000000000000
 -51      000000000000000                    11111111111111111111111111111111111                    1111111111111111111111111               1111110000000000000000000
 -50      000000000000000                    11111111111111111111111111111111111                    1111111111111111111111111111111111111111111111111111100          
 -49      000000000000000                    11111111111111111111111111111111111                    1111111111111111111111111111111111111111111111111111100          
 -48      000000000000000                    11111111111111111111111111111111111                    1111111111111111111111111111111111111111111111111111100          
 -47      000000000000000                    11111111111111111111111111111111111                    1111111111111111111111111111111111111111111111111111111          
 -46      000000000000000                    11111111111111111111111111111111111                    1111111111111111111111111111111111111111111111111111111          
 -45                                         11111111111111111111111111111111111                    1111111111111111111111111111111111111111111111111111111          
 -44                                         11111111111111111111111111111111111                    1111111111111111111111111111111111111111111111111111111          
 -43                                         11111111111111111111111111111111111                    1111111111111111111111111111111111111111111111111111111          
 -42                                         11111111111111111111111111111111111                    1111111111111111111111111111111111111111111111111111111          
 -41                                         11111111111111111111111111111111111                    1111111111111111111111111111111111111111111111111111111          
 -40                                         11111111111111111111111111111111111                    1111111111111111111111111111111111111111111111111111111          
 -39                                         11111111111111111111111111111111111                    1111111111111111111111111111111111111111111111111111111          
 -38                                         11111111111111111111111111111111111                    1111111111111111111111111111111111111111111111111111111          
 -37                                         11111111111111111111111111111111111                    1111111111111111111111111111111111111111111111111111111          
 -36                                         11111111111111111111111111111111111                    1111111111111111111111111111111111111111111111111111111          
 -35                                         11111111111111111111111111111111111111111111111111111111111111111111111111111111                                        
 -34                                         11111111111111111111111111111111111111111111111111111111111111111111111111111111                                        
 -33                                         11111111111111111111111111111111111111111111111111111111111111111111111111111111                                        
 -32                                         11111111111111111111111111111111111111111111111111111111111111111111111111111111                                        
 -31                                         11111111111111111111111111111111111111111111111111111111111111111111111111111111                                        
 -30                                         11111111111111111111111111111111111111111111111111111111111111111111111111111111                                        
 -29                                         11111111111111111111111111111111111111111111111111111111111111111111111111111111                                        
 -28                                         11111111111111111111111111111111111111111111111111111111111111111111111111111111                                        
 -27                                         11111111111111111111111111111111111111111111111111111111111111111111111111111111                                        
 -26                                         11111111111111111111111111111111111111111111111111111111111111111111111111111111                                        
 -25                                         11111111111111111111111111111111111111111111111111111111111111111111111111111111                                        
 -24                                         11111111111111111111111111111111111111111111111111111111111111111111111111111111                                        
 -23                                         11111111111111111111111111111111111111111111111111111111111111111111111111111111                                        
 -22                                         11111111111111111111111111111111111111111111111111111111111111111111111111111111                                        
 -21                                         11111111111111111111111111111111111111111111111111111111111111111111111111111111                                        
 -20                                         11111111111111111111111111111111111111111111111111111111111111111111111111111111                                        
 -19                                         11111111111111111111111111111111111111111111111111111111111111111111111111111111                                        
 -18                                         11111111111111111111111111111111111111111111111111111111111111111111111111111111                                        
 -17                                         11111111111111111111111111111111111111111111111111111111111111111111111111111111                                        
 -16                                         11111111111111111111111111111111111111111111111111111111111111111111111111111111                                        
 -15                                         11111111111111111111111111111111111111111111111111111111111111111111111111111111                                        
 -14                                         11111111111111111111111111111111111111111111111111111111111111111111111111111111                                        
 -13                                         11111111111111111111111111111111111111111111111111111111111111111111111111111111                                        
 -12                                         11111111111111111111111111111111111111111111111111111111111111111111111111111111                                        
 -11                                         11111111111111111111111111111111111111111111111111111111111111111111111111111111                                        
 -10                                                                                                                                                                 
  -9                                                                                                                                                                 
  -8                                                                                                                                                                 
  -7                                                                                                                                                                 
  -6                                                                                                                                                                 
  -5                                                                                                                                                                 
  -4                                                                                                                                                                 
  -3                                                                                                                                                                 
  -2                                                                                                                                                                 
  -1                                                                                                                                                                 
   0                                                                                                                                                                 
   1                                                                                                                                                                 
   2                                                                                                                                                                 
   3                                                                                                                                                                 
   4                                                                                                                                                                 
   5                                                                                                                                                                 
   6                                                                                                                                                                 
   7                                                                                                                                                                 
   8                                                                                                                                                                 
   9                                                                                                                                                                 
  10                                         11111111111111111111111111111111111111111111111111111111111111111111111111111111                                        
  11                                         11111111111111111111111111111111111111111111111111111111111111111111111111111111                                        
  12                                         11111111111111111111111111111111111111111111111111111111111111111111111111111111                                        
  13                                         11111111111111111111111111111111111111111111111111111111111111111111111111111111                                        
  14                                         11111111111111111111111111111111111111111111111111111111111111111111111111111111                                        
  15                                         11111111111111111111111111111111111111111111111111111111111111111111111111111111                                        
  16                                         11111111111111111111111111111111111111111111111111111111111111111111111111111111                                        
  17                                         11111111111111111111111111111111111111111111111111111111111111111111111111111111                                        
  18                                         11111111111111111111111111111111111111111111111111111111111111111111111111111111                                        
  19                                         11111111111111111111111111111111111111111111111111111111111111111111111111111111                                        
  20                                         11111111111111111111111111111111111111111111111111111111111111111111111111111111                                        
  21                                         11111111111111111111111111111111111111111111111111111111111111111111111111111111                                        
  22                                         11111111111111111111111111111111111111111111111111111111111111111111111111111111                                        
  23                                         11111111111111111111111111111111111111111111111111111111111111111111111111111111                                        
  24                                         11111111111111111111111111111111111111111111111111111111111111111111111111111111                                        
  25                                         11111111111111111111111111111111111111111111111111111111111111111111111111111111                                        
  26                                         11111111111111111111111111111111111111111111111111111111111111111111111111111111                                        
  27                                         11111111111111111111111111111111111111111111111111111111111111111111111111111111                                        
  28                                         11111111111111111111111111111111111111111111111111111111111111111111111111111111                                        
  29                                         11111111111111111111111111111111111111111111111111111111111111111111111111111111                                        
  30                                         11111111111111111111111111111111111111111111111111111111111111111111111111111111                                        
  31                                         11111111111111111111111111111111111111111111111111111111111111111111111111111111                                        
  32                                         11111111111111111111111111111111111111111111111111111111111111111111111111111111                                        
  33                                         11111111111111111111111111111111111111111111111111111111111111111111111111111111                                        
  34                                         11111111111111111111111111111111111111111111111111111111111111111111111111111111                                        
  35           1111111111111111111111111111111111111111111111111111111                    11111111111111111111111111111111111                                        
  36           1111111111111111111111111111111111111111111111111111111                    11111111111111111111111111111111111                                        
  37           1111111111111111111111111111111111111111111111111111111                    11111111111111111111111111111111111                                        
  38           1111111111111111111111111111111111111111111111111111111                    11111111111111111111111111111111111                                        
  39           1111111111111111111111111111111111111111111111111111111                    11111111111111111111111111111111111                                        
  40           1111111111111111111111111111111111111111111111111111111                    11111111111111111111111111111111111                                        
  41           1111111111111111111111111111111111111111111111111111111                    11111111111111111111111111111111111                                        
  42           1111111111111111111111111111111111111111111111111111111                    11111111111111111111111111111111111                                        
  43           1111111111111111111111111111111111111111111111111111111                    11111111111111111111111111111111111                                        
  44           1111111111111111111111111111111111111111111111111111111                    11111111111111111111111111111111111                                        
  45           1111111111111111111111111111111111111111111111111111111                    11111111111111111111111111111111111                    000000000000000     
  46           1111111111111111111111111111111111111111111111111111111                    11111111111111111111111111111111111                    000000000000000     
  47           1111111111111111111111111111111111111111111111111111111                    11111111111111111111111111111111111                    000000000000000     
  48           0001111111111111111111111111111111111111111111111111111                    11111111111111111111111111111111111                    000000000000000     
  49           0001111111111111111111111111111111111111111111111111111                    11111111111111111111111111111111111                    000000000000000     
  50 0000000000000111111111111               1111111111111111111111111                    11111111111111111111111111111111111                    000000000000000     
  51 0000000000000000000011111               1111111111111111111111111                    11111111111111111111111111111111111                    000000000000000     
  52 0000000000000000000011111               1111111111111111111111111                    11111111111111111111111111111111111                    000000000000000     
  53 0000000000000000000011111               1111111111111111111111111                    11111111111111111111111111111111111                    000000000000000     
  54 0000000000000000000011111               1111111111111111111111111                    11111111111111111111111111111111111                    000000000000000     
  55 0000000000000000000011111               1111111111111111111111111                    11111111111111111111111111111111111                    000000000000000     
  56 0000000000000000000011111               1111111111111111111111111                    11111111111111111111111111111111111                    000000000000000     
  57 0000000000000000000011111               1111111111111111111111111                    11111111111111111111111111111111111                    000000000000000     
  58 0000000000000000000011111               1111111111111111111111111                    11111111111111111111111111111111111                    100000000000000     
  59 0000000000000000000011111               1111111111111111111111111                    11111111111111111111111111111111111                    100000000000000     
  60 0000000000000000000011111               1111111111111111111111111                    11111111111111111111111111111111111                    100000000000000     
  61 0000000000000000000011111               1111111111111111111111111                    11111111111111111111111111111111111                    100000000000000     
  62 0000000000000000000011111               1111111111111111111111111                    11111111111111111111111111111111111                    100000000000000     
  63 0000000000000000000011111               1111111111111111111111111                    11111111111111111111111111111111111                    100000000000000     
  64 0000000000000000000011111               1111111111111111111111111                    11111111111111111111111111111111111                    100000000000000     
  65           0001111111111111111111111111111111111111111111111111111111111111111111111111111111111111111111111111111111111111111111111111111111111111111111111     
  66           0001111111111111111111111111111111111111111111111111111111111111111111111111111111111111111111111111111111111111111111111111111111111111111111111     
  67           0001111111111111111111111111111111111111111111111111111111111111111111111111111111111111111111111111111111111111111111111111111111111111111111111     
  68           1111111111111111111111111111111111111111111111111111111111111111111111111111111111111111111111111111111111111111111111111111111111111111111111111     
  69           1111111111111111111111111111111111111111111111111111111111111111111111111111111111111111111111111111111111111111111111111111111111111111111111111     
  70           1111111111111111111111111111111111111111111111111111111111111111111111111111111111111111111111111111111111111111111111111111111111111111111111111     
  71           1111111111111111111111111111111111111111111111111111111111111111111111111111111111111111111111111111111111111111111111111111111111111111111111111     
  72           1111111111111111111111111111111111111111111111111111111111111111110000000000000011111111111111111111111111111111111111111111111111111111111111111     
  73           1111111111111111111111111111111111111111111111111111111111111111110000000000000011111111111111111111111111111111111111111111111111111111111111111     
  74           1111111111111111111111111111111111111111111111111111111111111111110000000000000011111111111111111111111111111111111111111111111111111111111111111     
  75           1111111111111111111111111111111111111111111111111111111111111111110000000000000011111111111111111111111111111111111111111111111111111111111111111     
  76           1111111111111111111111111111111111111111111111111111111111111111110000000000000011111111111111111111111111111111111111111111111111111111111111111     
  77           1111111111111111111111111111111111111111111111111111111111111111110000000000000011111111111111111111111111111111111111111111111111111111111111111     
  78           1111111111111111111111111111111111111111111111111111111111111111110000000000000011111111111111111111111111111111111111111111111111111111111111111     
  79           1111111111111111111111111111111111111111111111111111111111111111110000000000000011111111111111111111111111111111111111111111111111111111111111111     
  80                                                                            100000000000000                                                                      
  81                                                                            100000000000000                                                                      
  82                                                                            100000000000000                                                                      
  83                                                                            100000000000000                                                                      
  84                                                                            100000000000000                                                                      
  85                                                                            100000000000000                                                                      
  86                                                                            100000000000000                                                                      
  87                                                                            100000000000000                                                                      
  88                                                                            000000000000000                                                                      
  89                                                                            000000000000000                                                                      
  90                                                                            000000000000000                                                                      
  91                                                                            000000000000000                                                                      
  92                                                                            000000000000000                                                                      
  93                                                                            000000000000000                                                                      
  94                                                                            000000000000000                                                                      
  95                                                                            000000000000000                                                                      
  96                                                                            000000000000000                                                                      
  97                                                                            000000000000000                                                                      
  98                                                                            000000000000000                                                                      
  99                                                                            000000000000000                                                                      
seats 12810; refused 1990 DR-KEEP

## house
SEATS  house, footprint 9x7, no route standoff  1 char = 1 block  x -80..79 across, z -100..99 down
KEY  1 the footprint seats with its minimum corner here  0 refused  space void
     8        -7        -6        -5        -4        -3        -2        -1         0         1         2         3         4         5         6         7         
     0987654321098765432109876543210987654321098765432109876543210987654321098765432101234567890123456789012345678901234567890123456789012345678901234567890123456789
-100                                                                       000000000000000                                                                           
 -99                                                                       000000000000000                                                                           
 -98                                                                       000000000000000                                                                           
 -97                                                                       000000000000000                                                                           
 -96                                                                       000000000000000                                                                           
 -95                                                                       000000000000000                                                                           
 -94                                                                       000000000000000                                                                           
 -93                                                                       000000000000000                                                                           
 -92                                                                       000000000000000                                                                           
 -91                                                                       000000000000000                                                                           
 -90                                                                       000000000000000                                                                           
 -89                                                                       000000000000000                                                                           
 -88                                                                       000000000000000                                                                           
 -87                                                                       000000000000000                                                                           
 -86                                                                       000000000000000                                                                           
 -85                                                                       000000000000000                                                                           
 -84                                                                       000000000000000                                                                           
 -83                                                                       000000000000000                                                                           
 -82                                                                       000000000000000                                                                           
 -81                                                                       000000000000000                                                                           
 -80      1100000000000000000000000000000000011111111111111111111110000000000000000000000000000000001111111111111111100000000000000000000000000001100000000          
 -79      1100000000000000000000000000000000011111111111111111111110000000000000000000000000000000001111111111111111100000000000000000000000000001100000000          
 -78      0000000000000000000000000000000000000000000000000000000000000000000000000000000000000000000000000000000000000000000000000000000000000000000000000          
 -77      0000000000000000000000000000000000000000000000000000000000000000000000000000000000000000000000000000000000000000000000000000000000000000000000000          
 -76      0000000000000000000000000000000000000000000000000000000000000000000000000000000000000000000000000000000000000000000000000000000000000000000000000          
 -75      0000000000000000000000000000000000000000000000000000000000000000000000000000000000000000000000000000000000000000000000000000000000000000000000000          
 -74      0000000000000000000000000000000000000000000000000000000000000000000000000000000000000000000000000000000000000000000000000000000000000000000000000          
 -73      0000000000000000000000000000000000000000000000000000000000000000000000000000000000000000000000000000000000000000000000000000000000000000000000000          
 -72      0000000000000000000000000000000000000000000000000000000000000000000000000000000000000000000000000000000000000000000000000000000000000000000000000          
 -71      0000000000000000000000000000000000000000000011111111100000000000000000000000000000000000000000000000000000000000000000000000000000000000000000000          
 -70      0000000000000000000000000000000000000000000011111111100000000000000000000000000000000000000000000000000000000000000000000000000000000000000000000          
 -69      0000000000000000000000000000000000000000000011111111100000000000000000000000000000000000000000000000000000000000000000000000000000000000000000000          
 -68      0000000000000000000000000000000000000000000011111111100000000000000000000000000000000000000000000000000000000000000000000000000000000000000000000          
 -67      0000000000000000000000000000000000000000000011111111100000000000000000000000000000000000000000000000000000000000000000000000000000000000000000000          
 -66      0000000000000000000000000000000000000000000011111111100000000000000000000000000000000000000000000000000000000000000000000000000000000000000000000          
 -65      000000000000000                    11000000011111111100000001100000000                    1100000000000001100000000               0000000000000000000000000
 -64      000000000000000                    11000000011111111100000001100000000                    1100000000000001100000000               0000000000000000000000000
 -63      000000000000000                    11000000011111111100000001100000000                    1100000000000001100000000               0000000000000000000000000
 -62      000000000000000                    11000000011111111100000001100000000                    1100000000000001100000000               0000000000000000000000000
 -61      000000000000000                    11000000011111111100000001100000000                    1100000000000001100000000               0000000000000000000000000
 -60      000000000000000                    11000000011111111100000001100000000                    1100000000000001100000000               0000000000000000000000000
 -59      000000000000000                    11000000011111111100000001100000000                    1100000000000001100000000               0000000000000000000000000
 -58      000000000000000                    11000000011111111100000001100000000                    1100000000000001100000000               0000000000000000000000000
 -57      000000000000000                    11000000011111111100000001100000000                    1100000000000001100000000               0000000000000000000000000
 -56      000000000000000                    11000000011111111100000001100000000                    1100000000000000000000000               0000000000000000000000000
 -55      000000000000000                    11000000011111111100000001100000000                    1100000000000000000000000               0000000000000000000000000
 -54      000000000000000                    11000000011111111100000001100000000                    1100000000000000000000000               0000000000000000000000000
 -53      000000000000000                    11000000011111111100000001100000000                    1100000000000000000000000               0000000000000000000000000
 -52      000000000000000                    11000000011111111100000001100000000                    1100000000000000000000000               0000000000000000000000000
 -51      000000000000000                    11000000011111111100000001100000000                    1100000000000000000000000               0000000000000000000000000
 -50      000000000000000                    11000000011111111100000001100000000                    1100000001111111100000000000000000000000000000000000000          
 -49      000000000000000                    11000000011111111100000001100000000                    1100000001111111100000000000000000000000000000000000000          
 -48      000000000000000                    11000000011111111100000001100000000                    1100000001111111100000000000000000000000000000000000000          
 -47      000000000000000                    11000000011111111100000001100000000                    1100000001111111100000000000000000000000000000000000000          
 -46      000000000000000                    11000000011111111100000001100000000                    1100000001111111100000000000000000000000000000000000000          
 -45                                         11000000011111111100000001100000000                    1100000001111111100000000000000000000000000000000000000          
 -44                                         11000000011111111100000001100000000                    1100000001111111100000000000000000000000000000000000000          
 -43                                         11000000011111111100000001100000000                    1100000001111111100000000000000000000000000001100000000          
 -42                                         11000000011111111100000001100000000                    1100000001111111100000000000000000000000000001100000000          
 -41                                         11000000011111111100000000000000000                    0000000000000000000000000000000000000000000000000000000          
 -40                                         11000000011111111100000000000000000                    0000000000000000000000000000000000000000000000000000000          
 -39                                         11000000011111111100000000000000000                    0000000000000000000000000000000000000000000000000000000          
 -38                                         11000000011111111100000000000000000                    0000000000000000000000000000000000000000000000000000000          
 -37                                         11000000011111111100000000000000000                    0000000000000000000000000000000000000000000000000000000          
 -36                                         11000000011111111100000000000000000                    0000000000000000000000000000000000000000000000000000000          
 -35                                         11000000011111111111111111100000000111111111111000000001111111100000001100000000                                        
 -34                                         11000000011111111111111111100000000111111111111000000001111111100000001100000000                                        
 -33                                         11000000011111111111111111100000000000000000000000000001111111100000001100000000                                        
 -32                                         11000000011111111111111111100000000000000000000000000001111111100000001100000000                                        
 -31                                         11000000011111111111111111100000000000000000000000000001111111100000001100000000                                        
 -30                                         11000000011111111111111111100000000000000000000000000001111111100000001100000000                                        
 -29                                         11000000011111111111111111100000000000000000000000000001111111100000001100000000                                        
 -28                                         11000000011111111111111111100000000000000000000000000001111111100000001100000000                                        
 -27                                         11000000011111111111111111100000000000000000000000000001111111100000001100000000                                        
 -26                                         11000000011111111111111111111111111111111111111111111111111111100000001100000000                                        
 -25                                         00000000000000000000000000000000000000000000000000000000000000000000000000000000                                        
 -24                                         00000000000000000000000000000000000000000000000000000000000000000000000000000000                                        
 -23                                         00000000000000000000000000000000000000000000000000000000000000000000000000000000                                        
 -22                                         00000000000000000000000000000000000000000000000000000000000000000000000000000000                                        
 -21                                         00000000000000000000000000000000000000000000000000000000000000000000000000000000                                        
 -20                                         00000000000000000000000000000000000000000000000000000000000000000000000000000000                                        
 -19                                         00000000000000000000000000000000000000000000000000000000000000000000000000000000                                        
 -18                                         11000000011111111111111111111111111111111111111111111111111111100000001100000000                                        
 -17                                         11000000011111111111111111111111111111111111111111111111111111100000001100000000                                        
 -16                                         00000000000000000000000000000000000000000000000000000000000000000000000000000000                                        
 -15                                         00000000000000000000000000000000000000000000000000000000000000000000000000000000                                        
 -14                                         00000000000000000000000000000000000000000000000000000000000000000000000000000000                                        
 -13                                         00000000000000000000000000000000000000000000000000000000000000000000000000000000                                        
 -12                                         00000000000000000000000000000000000000000000000000000000000000000000000000000000                                        
 -11                                         00000000000000000000000000000000000000000000000000000000000000000000000000000000                                        
 -10                                                                                                                                                                 
  -9                                                                                                                                                                 
  -8                                                                                                                                                                 
  -7                                                                                                                                                                 
  -6                                                                                                                                                                 
  -5                                                                                                                                                                 
  -4                                                                                                                                                                 
  -3                                                                                                                                                                 
  -2                                                                                                                                                                 
  -1                                                                                                                                                                 
   0                                                                                                                                                                 
   1                                                                                                                                                                 
   2                                                                                                                                                                 
   3                                                                                                                                                                 
   4                                                                                                                                                                 
   5                                                                                                                                                                 
   6                                                                                                                                                                 
   7                                                                                                                                                                 
   8                                                                                                                                                                 
   9                                                                                                                                                                 
  10                                         11000000011111111111111111111111111111111111111111111111111111100000001100000000                                        
  11                                         11000000011111111111111111111111111111111111111111111111111111100000001100000000                                        
  12                                         00000000000000000000000000000000000000000000000000000000000000000000000000000000                                        
  13                                         00000000000000000000000000000000000000000000000000000000000000000000000000000000                                        
  14                                         00000000000000000000000000000000000000000000000000000000000000000000000000000000                                        
  15                                         00000000000000000000000000000000000000000000000000000000000000000000000000000000                                        
  16                                         00000000000000000000000000000000000000000000000000000000000000000000000000000000                                        
  17                                         00000000000000000000000000000000000000000000000000000000000000000000000000000000                                        
  18                                         00000000000000000000000000000000000000000000000000000000000000000000000000000000                                        
  19                                         11000000011111111111111111111111111111111111111111111111111111100000001100000000                                        
  20                                         11000000011111111000000000000000000000000000011111111111111111100000001100000000                                        
  21                                         11000000011111111000000000000000000000000000011111111111111111100000001100000000                                        
  22                                         11000000011111111000000000000000000000000000011111111111111111100000001100000000                                        
  23                                         11000000011111111000000000000000000000000000011111111111111111100000001100000000                                        
  24                                         11000000011111111000000000000000000000000000011111111111111111100000001100000000                                        
  25                                         11000000011111111000000000000000000000000000011111111111111111100000001100000000                                        
  26                                         11000000011111111000000000000000000000000000011111111111111111100000001100000000                                        
  27                                         11000000011111111000000001111111111110000000011111111111111111100000001100000000                                        
  28                                         11000000011111111000000001111111111110000000011111111111111111100000001100000000                                        
  29                                         00000000000000000000000000000000000000000000000000000011111111100000001100000000                                        
  30                                         00000000000000000000000000000000000000000000000000000011111111100000001100000000                                        
  31                                         00000000000000000000000000000000000000000000000000000011111111100000001100000000                                        
  32                                         00000000000000000000000000000000000000000000000000000011111111100000001100000000                                        
  33                                         00000000000000000000000000000000000000000000000000000011111111100000001100000000                                        
  34                                         00000000000000000000000000000000000000000000000000000011111111100000001100000000                                        
  35           1100000000000000000000000000001111111100000001100000000                    11000000011111111100000001100000000                                        
  36           1100000000000000000000000000001111111100000001100000000                    11000000011111111100000001100000000                                        
  37           0000000000000000000000000000001111111100000001100000000                    11000000011111111100000001100000000                                        
  38           0000000000000000000000000000001111111100000001100000000                    11000000011111111100000001100000000                                        
  39           0000000000000000000000000000001111111100000001100000000                    11000000011111111100000001100000000                                        
  40           0000000000000000000000000000001111111100000001100000000                    11000000011111111100000001100000000                                        
  41           0000000000000000000000000000001111111100000001100000000                    11000000011111111100000001100000000                                        
  42           0000000000000000000000000000001111111100000001100000000                    11000000011111111100000001100000000                                        
  43           0000000000000000000000000000001111111100000001100000000                    11000000011111111100000001100000000                                        
  44           0000000000000000000000000000000000000000000001100000000                    11000000011111111100000001100000000                                        
  45           0000000000000000000000000000000000000000000001100000000                    11000000011111111100000001100000000                    000000000000000     
  46           0000000000000000000000000000000000000000000001100000000                    11000000011111111100000001100000000                    000000000000000     
  47           0000000000000000000000000000000000000000000001100000000                    11000000011111111100000001100000000                    000000000000000     
  48           0000000000000000000000000000000000000000000001100000000                    11000000011111111100000001100000000                    000000000000000     
  49           0000000000000000000000000000000000000000000001100000000                    11000000011111111100000001100000000                    000000000000000     
  50 0000000000000000000000000               1100000000000001100000000                    11000000011111111100000001100000000                    000000000000000     
  51 0000000000000000000000000               1100000000000001100000000                    11000000011111111100000001100000000                    000000000000000     
  52 0000000000000000000000000               1100000000000001100000000                    11000000011111111100000001100000000                    000000000000000     
  53 0000000000000000000000000               1100000000000001100000000                    11000000011111111100000001100000000                    000000000000000     
  54 0000000000000000000000000               1100000000000001100000000                    11000000011111111100000001100000000                    000000000000000     
  55 0000000000000000000000000               1100000000000001100000000                    11000000011111111100000001100000000                    000000000000000     
  56 0000000000000000000000000               1100000000000001100000000                    11000000011111111100000001100000000                    000000000000000     
  57 0000000000000000000000000               1100000000000001100000000                    11000000011111111100000001100000000                    000000000000000     
  58 0000000000000000000000000               1100000000000001100000000                    11000000011111111100000001100000000                    000000000000000     
  59 0000000000000000000000000               0000000000000000000000000                    00000000011111111100000000000000000                    000000000000000     
  60 0000000000000000000000000               0000000000000000000000000                    00000000011111111100000000000000000                    000000000000000     
  61 0000000000000000000000000               0000000000000000000000000                    00000000011111111100000000000000000                    000000000000000     
  62 0000000000000000000000000               0000000000000000000000000                    00000000011111111100000000000000000                    000000000000000     
  63 0000000000000000000000000               0000000000000000000000000                    00000000011111111100000000000000000                    000000000000000     
  64 0000000000000000000000000               0000000000000000000000000                    00000000011111111100000000000000000                    000000000000000     
  65           0000000000000000000000000000000000000000000000000000000000000000011000000000000000000000000000000000000000000000000000000000000000000000000000000     
  66           0000000000000000000000000000000000000000000000000000000000000000000000000000000000000000000000000000000000000000000000000000000000000000000000000     
  67           0000000000000000000000000000000000000000000000000000000000000000000000000000000000000000000000000000000000000000000000000000000000000000000000000     
  68           0000000000000000000000000000000000000000000000000000000000000000000000000000000000000000000000000000000000000000000000000000000000000000000000000     
  69           0000000000000000000000000000000000000000000000000000000000000000000000000000000000000000000000000000000000000000000000000000000000000000000000000     
  70           0000000000000000000000000000000000000000000000000000000000000000000000000000000000000000000000000000000000000000000000000000000000000000000000000     
  71           0000000000000000000000000000000000000000000000000000000000000000000000000000000000000000000000000000000000000000000000000000000000000000000000000     
  72           1100000000000000000000000000001111111111111111100000000000000000000000000000000011111111111111111111110000000000000000000000000000000001100000000     
  73           1100000000000000000000000000001111111111111111100000000000000000000000000000000011111111111111111111110000000000000000000000000000000001100000000     
  74           0000000000000000000000000000000000000000000000000000000000000000000000000000000000000000000000000000000000000000000000000000000000000000000000000     
  75           0000000000000000000000000000000000000000000000000000000000000000000000000000000000000000000000000000000000000000000000000000000000000000000000000     
  76           0000000000000000000000000000000000000000000000000000000000000000000000000000000000000000000000000000000000000000000000000000000000000000000000000     
  77           0000000000000000000000000000000000000000000000000000000000000000000000000000000000000000000000000000000000000000000000000000000000000000000000000     
  78           0000000000000000000000000000000000000000000000000000000000000000000000000000000000000000000000000000000000000000000000000000000000000000000000000     
  79           0000000000000000000000000000000000000000000000000000000000000000000000000000000000000000000000000000000000000000000000000000000000000000000000000     
  80                                                                            000000000000000                                                                      
  81                                                                            000000000000000                                                                      
  82                                                                            000000000000000                                                                      
  83                                                                            000000000000000                                                                      
  84                                                                            000000000000000                                                                      
  85                                                                            000000000000000                                                                      
  86                                                                            000000000000000                                                                      
  87                                                                            000000000000000                                                                      
  88                                                                            000000000000000                                                                      
  89                                                                            000000000000000                                                                      
  90                                                                            000000000000000                                                                      
  91                                                                            000000000000000                                                                      
  92                                                                            000000000000000                                                                      
  93                                                                            000000000000000                                                                      
  94                                                                            000000000000000                                                                      
  95                                                                            000000000000000                                                                      
  96                                                                            000000000000000                                                                      
  97                                                                            000000000000000                                                                      
  98                                                                            000000000000000                                                                      
  99                                                                            000000000000000                                                                      
seats 2258; refused 6269 DR-PASS, 3728 DR-SITE, 2545 DR-KEEP
