## tree
SEATS  tree, footprint 1x1, 3 blocks off a route  1 char = 1 block  x -75..74 across, z -150..149 down
KEY  1 the footprint seats with its minimum corner here  0 refused  space void
         -7        -6        -5        -4        -3        -2        -1         0         1         2         3         4         5         6         7    
     543210987654321098765432109876543210987654321098765432109876543210987654321012345678901234567890123456789012345678901234567890123456789012345678901234
-150                                              0000000000000000001111111111111111111111                                                                 
-149                                              0000000000000000000000000111111111111111                                                                 
-148                                              0000000000000000000000000111111111111111                                                                 
-147                                              0000000000000000000000000111111111111111                                                                 
-146                                              0000000000000000000000000111111111111111                                                                 
-145                                              0000000000000000000000000111111111111111                                                                 
-144                                              0000000000000000000000000111111111111111                                                                 
-143                                              0000000000000000000000000111111111111111                                                                 
-142                                              0000000000000000000000000111111111111111                                                                 
-141                                              0000000000000000000000000111111111111111                                                                 
-140                                              0000000000000000000000000111111111111111                                                                 
-139                                              0000000000000000000000000111111111111111                                                                 
-138                                              0000000000000000000000000111111111111111                                                                 
-137                                              0000000000000000000000000111111111111111                                                                 
-136                                              0000000000000000000000000111111111111111                                                                 
-135                                              000000000000000          111111111111111                                                                 
-134                                              000000000000000          111111111111111                                                                 
-133                                              000000000000000          111111111111111                                                                 
-132                                              100000000000000          111111111111111                                                                 
-131                                              100000000000000          111111111111111                                                                 
-130                                              100000000000000          111111111111111                                                                 
-129                                              100000000000000          111111111111111                                                                 
-128                                              100000000000000          111111111111111                                                                 
-127                                              100000000000000          111111111111111                                                                 
-126                                              100000000000000          111111111111111                                                                 
-125                                              111111111111111          111111111111111                                                                 
-124                                              111111111111111          111111111111111                                                                 
-123                                              111111111111111          111111111111111                                                                 
-122                                              111111111111111          111111111111111                                                                 
-121                                              111111111111111          111111111111111                                                                 
-120                                              1111111111111111111111111111111111111111                                                                 
-119                                              1111111111111111111111111111111111111111                                                                 
-118                                              1111111111111111111111111111111111111111                                                                 
-117                                              1111111111111111111111111111111111111111                                                                 
-116                                              1111111111111111111111111111111111111111                                                                 
-115                                              1111111111111111111111111111111111111111                                                                 
-114                                              1111111111111111111111111111111111111111                                                                 
-113                                              1111111111111111111111111111111111111111                                                                 
-112                                              1111111111111111111111111111111111111111                                                                 
-111                                              1111111111111111111111111111111111111111                                                                 
-110                                              1111111111111111111111111111111111111111                                                                 
-109                                              1111111111111111111111111111111111111111                                                                 
-108                                              1111111111111111111111111111111111111111                                                                 
-107                                              1111111111111111111111111111111111111111                                                                 
-106                                              1111111111111111111111111111111111111111                                                                 
-105                                                             1111111111111111111111111                                                                 
-104                                                             1111111111111111111111111                                                                 
-103                                                             1111111111111111111111111                                                                 
-102                                                             1111111111111111111111111                                                                 
-101                                                             1111111111111111111111111                                                                 
-100                                                             1111111111111111111111111                                                                 
 -99                                                             1111111111111111111111111                                                                 
 -98                                                             1111111111111111111111111                                                                 
 -97                                                             1111111111111111111111111                                                                 
 -96                                                             1111111111111111111111111                                                                 
 -95                                                             1111111111111111111111111                                                                 
 -94                                                             1111111111111111111111111                                                                 
 -93                                                             1111111111111111111111111                                                                 
 -92                                                             1111111111111111111111111                                                                 
 -91                                                             1111111111111111111111111                                                                 
 -90                                              11111111111111111111111111111111111111111111111111111111111111111111111111111111                         
 -89                                              11111111111111111111111111111111111111111111111111111111111111111111111111111111                         
 -88                                              11111111111111111111111111111111111111111111111111111111111111111111111111111111                         
 -87                                              11111111111111111111111111111111111111111111111111111111111111111111111111111111                         
 -86                                              11111111111111111111111111111111111111111111111111111111111111111111111111111111                         
 -85                                              11111111111111111111111111111111111111111111111111111111111111111111111111111111111000000000000          
 -84                                              11111111111111111111111111111111111111111111111111111111111111111110000000000000000000000000000          
 -83                                              11111111111111111111111111111111111111111111111111111111111111111110000000000000000000000000000          
 -82                                              11111111111111111111111111111111111111111111111111111111111111111110000000000000000000000000000          
 -81                                              11111111111111111111111111111111111111111111111111111111111111111110000000000000000000000000000          
 -80                                              11111111111111111111111111111111111111111111111111111111111111111110000000000000000000000000000          
 -79                                              11111111111111111111111111111111111111111111111111111111111111111110000000000000000000000000000          
 -78                                              11111111111111111111111111111111111111111111111111111111111111111110000000000000000000000000000          
 -77                                              11111111111111111111111111111111111111111111111111111111111111111110000000000000000000000000000          
 -76                                              11111111111111111111111111111111111111111111111111111111111111111110000000000000000000000000000          
 -75                                              111111111111111               111111111111111                    110000000000000000000000000000          
 -74                                              111111111111111               111111111111111                    110000000000000000000000000000          
 -73                                              111111111111111               111111111111111                    110000000000000000000000000000          
 -72                                              111111111111111               111111111111111                    110000000000000000000000000000          
 -71                                              111111111111111               111111111111111                    110000000000000000000000000000          
 -70                                              111111111111111               111111111111111                    111111111111111                         
 -69                                              111111111111111               111111111111111                    111111111111111                         
 -68                                              111111111111111               111111111111111                    111111111111111                         
 -67                                              111111111111111               111111111111111                    111111111111111                         
 -66                                              111111111111111               111111111111111                    111111111111111                         
 -65                                              111111111111111               111111111111111                    111111111111111                         
 -64                                              111111111111111               111111111111111                    111111111111111                         
 -63                                              111111111111111               111111111111111                    111111111111111                         
 -62                                              111111111111111               111111111111111                    111111111111111                         
 -61                                              111111111111111               111111111111111                    111111111111111                         
 -60                                              111111111111111               111111111111111                    111111111111111                         
 -59                                              111111111111111               111111111111111                    111111111111111                         
 -58                                              111111111111111               111111111111111                    111111111111111                         
 -57                                              111111111111111               111111111111111                    111111111111111                         
 -56                                              111111111111111               111111111111111                    111111111111111                         
 -55                                              111111111111111               111111111111111                    111111111111111                         
 -54                                              111111111111111               111111111111111                    111111111111111                         
 -53                                              111111111111111               111111111111111                    111111111111111                         
 -52                                              111111111111111               111111111111111                    111111111111111                         
 -51                                              111111111111111               111111111111111                    111111111111111                         
 -50      0000000000000111111111111111111111111111111111111111111               111111111111111111111111111111111111111111111111111111111111111000000000000
 -49      0000000000000000000011111111111111111111111111111111111               111111111111111111111111111111111111111111111111111111110000000000000000000
 -48      0000000000000000000011111111111111111111111111111111111               111111111111111111111111111111111111111111111111111111110000000000000000000
 -47      0000000000000000000011111111111111111111111111111111111               111111111111111111111111111111111111111111111111111111110000000000000000000
 -46      0000000000000000000011111111111111111111111111111111111               111111111111111111111111111111111111111111111111111111110000000000000000000
 -45      0000000000000000000011111111111111111111111111111111111               111111111111111111111111111111111111111111111111111111110000000000000000000
 -44      0000000000000000000011111111111111111111111111111111111               111111111111111111111111111111111111111111111111111111110000000000000000000
 -43      0000000000000000000011111111111111111111111111111111111               111111111111111111111111111111111111111111111111111111110000000000000000000
 -42      0000000000000000000011111111111111111111111111111111111               111111111111111111111111111111111111111111111111111111110000000000000000000
 -41      0000000000000000000011111111111111111111111111111111111               111111111111111111111111111111111111111111111111111111110000000000000000000
 -40      0000000000000000000011111111111111111111111111111111111               111111111111111111111111111111111111111111111111111111110000000000000000000
 -39      0000000000000000000011111111111111111111111111111111111               111111111111111111111111111111111111111111111111111111110000000000000000000
 -38      0000000000000000000011111111111111111111111111111111111               111111111111111111111111111111111111111111111111111111110000000000000000000
 -37      0000000000000000000011111111111111111111111111111111111               111111111111111111111111111111111111111111111111111111110000000000000000000
 -36      0000000000000000000011111111111111111111111111111111111               111111111111111111111111111111111111111111111111111111110000000000000000000
 -35                                              11111111111111111111111111111111111111111111111111111111111111111111111111111111                         
 -34                                              11111111111111111111111111111111111111111111111111111111111111111111111111111111                         
 -33                                              11111111111111111111111111111111111111111111111111111111111111111111111111111111                         
 -32                                              11111111111111111111111111111111111111111111111111111111111111111111111111111111                         
 -31                                              11111111111111111111111111111111111111111111111111111111111111111111111111111111                         
 -30                                              11111111111111111111111111111111111111111111111111111111111111111111111111111111                         
 -29                                              11111111111111111111111111111111111111111111111111111111111111111111111111111111                         
 -28                                              11111111111111111111111111111111111111111111111111111111111111111111111111111111                         
 -27                                              11111111111111111111111111111111111111111111111111111111111111111111111111111111                         
 -26                                              11111111111111111111111111111111111111111111111111111111111111111111111111111111                         
 -25                                              11111111111111111111111111111111111111111111111111111111111111111111111111111111                         
 -24                                              11111111111111111111111111111111111111111111111111111111111111111111111111111111                         
 -23                                              11111111111111111111111111111111111111111111111111111111111111111111111111111111                         
 -22                                              11111111111111111111111111111111111111111111111111111111111111111111111111111111                         
 -21                                              11111111111111111111111111111111111111111111111111111111111111111111111111111111                         
 -20                                              11111111111111111111          11111111111111111111111111111111111                                        
 -19                                              11111111111111111111          11111111111111111111111111111111111                                        
 -18                                              11111111111111111111          11111111111111111111111111111111111                                        
 -17                                              11111111111111111111          11111111111111111111111111111111111                                        
 -16                                              11111111111111111111          11111111111111111111111111111111111                                        
 -15                                              11111111111111111111          11111111111111111111111111111111111                                        
 -14                                              11111111111111111111          11111111111111111111111111111111111                                        
 -13                                              11111111111111111111          11111111111111111111111111111111111                                        
 -12                                              11111111111111111111          11111111111111111111111111111111111                                        
 -11                                              11111111111111111111          11111111111111111111111111111111111                                        
 -10                                                                                                                                                       
  -9                                                                                                                                                       
  -8                                                                                                                                                       
  -7                                                                                                                                                       
  -6                                                                                                                                                       
  -5                                                                                                                                                       
  -4                                                                                                                                                       
  -3                                                                                                                                                       
  -2                                                                                                                                                       
  -1                                                                                                                                                       
   0                                                                                                                                                       
   1                                                                                                                                                       
   2                                                                                                                                                       
   3                                                                                                                                                       
   4                                                                                                                                                       
   5                                                                                                                                                       
   6                                                                                                                                                       
   7                                                                                                                                                       
   8                                                                                                                                                       
   9                                                                                                                                                       
  10                                         11111111111111111111111111111111111          11111111111111111111                                             
  11                                         11111111111111111111111111111111111          11111111111111111111                                             
  12                                         11111111111111111111111111111111111          11111111111111111111                                             
  13                                         11111111111111111111111111111111111          11111111111111111111                                             
  14                                         11111111111111111111111111111111111          11111111111111111111                                             
  15                                         11111111111111111111111111111111111          11111111111111111111                                             
  16                                         11111111111111111111111111111111111          11111111111111111111                                             
  17                                         11111111111111111111111111111111111          11111111111111111111                                             
  18                                         11111111111111111111111111111111111          11111111111111111111                                             
  19                                         11111111111111111111111111111111111          11111111111111111111                                             
  20                          11111111111111111111111111111111111111111111111111111111111111111111111111111111                                             
  21                          11111111111111111111111111111111111111111111111111111111111111111111111111111111                                             
  22                          11111111111111111111111111111111111111111111111111111111111111111111111111111111                                             
  23                          11111111111111111111111111111111111111111111111111111111111111111111111111111111                                             
  24                          11111111111111111111111111111111111111111111111111111111111111111111111111111111                                             
  25                          11111111111111111111111111111111111111111111111111111111111111111111111111111111                                             
  26                          11111111111111111111111111111111111111111111111111111111111111111111111111111111                                             
  27                          11111111111111111111111111111111111111111111111111111111111111111111111111111111                                             
  28                          11111111111111111111111111111111111111111111111111111111111111111111111111111111                                             
  29                          11111111111111111111111111111111111111111111111111111111111111111111111111111111                                             
  30                          11111111111111111111111111111111111111111111111111111111111111111111111111111111                                             
  31                          11111111111111111111111111111111111111111111111111111111111111111111111111111111                                             
  32                          11111111111111111111111111111111111111111111111111111111111111111111111111111111                                             
  33                          11111111111111111111111111111111111111111111111111111111111111111111111111111111                                             
  34                          11111111111111111111111111111111111111111111111111111111111111111111111111111111                                             
  35 000000000000011111111111111111111111111111111111111111111111111111111111111               1111111111111111111111111111111111111111111000000000000     
  36 000000000000000000001111111111111111111111111111111111111111111111111111111               1111111111111111111111111111111111110000000000000000000     
  37 000000000000000000001111111111111111111111111111111111111111111111111111111               1111111111111111111111111111111111110000000000000000000     
  38 000000000000000000001111111111111111111111111111111111111111111111111111111               1111111111111111111111111111111111110000000000000000000     
  39 000000000000000000001111111111111111111111111111111111111111111111111111111               1111111111111111111111111111111111110000000000000000000     
  40 000000000000000000001111111111111111111111111111111111111111111111111111111               1111111111111111111111111111111111110000000000000000000     
  41 000000000000000000001111111111111111111111111111111111111111111111111111111               1111111111111111111111111111111111110000000000000000000     
  42 000000000000000000001111111111111111111111111111111111111111111111111111111               1111111111111111111111111111111111110000000000000000000     
  43 000000000000000000001111111111111111111111111111111111111111111111111111111               1111111111111111111111111111111111110000000000000000000     
  44 000000000000000000001111111111111111111111111111111111111111111111111111111               1111111111111111111111111111111111110000000000000000000     
  45 000000000000000000001111111111111111111111111111111111111111111111111111111               1111111111111111111111111111111111110000000000000000000     
  46 000000000000000000001111111111111111111111111111111111111111111111111111111               1111111111111111111111111111111111110000000000000000000     
  47 000000000000000000001111111111111111111111111111111111111111111111111111111               1111111111111111111111111111111111110000000000000000000     
  48 000000000000000000001111111111111111111111111111111111111111111111111111111               1111111111111111111111111111111111110000000000000000000     
  49 000000000000000000001111111111111111111111111111111111111111111111111111111               1111111111111111111111111111111111110000000000000000000     
  50                          111111111111111                    111111111111111               111111111111111                                             
  51                          111111111111111                    111111111111111               111111111111111                                             
  52                          111111111111111                    111111111111111               111111111111111                                             
  53                          111111111111111                    111111111111111               111111111111111                                             
  54                          111111111111111                    111111111111111               111111111111111                                             
  55                          111111111111111                    111111111111111               111111111111111                                             
  56                          111111111111111                    111111111111111               111111111111111                                             
  57                          111111111111111                    111111111111111               111111111111111                                             
  58                          111111111111111                    111111111111111               111111111111111                                             
  59                          111111111111111                    111111111111111               111111111111111                                             
  60                          111111111111111                    111111111111111               111111111111111                                             
  61                          111111111111111                    111111111111111               111111111111111                                             
  62                          111111111111111                    111111111111111               111111111111111                                             
  63                          111111111111111                    111111111111111               111111111111111                                             
  64                          111111111111111                    111111111111111               111111111111111                                             
  65                          111111111111111                    111111111111111               111111111111111                                             
  66                          111111111111111                    111111111111111               111111111111111                                             
  67                          111111111111111                    111111111111111               111111111111111                                             
  68                          111111111111111                    111111111111111               111111111111111                                             
  69                          111111111111111                    111111111111111               111111111111111                                             
  70           000000000000011111111111111111                    111111111111111               111111111111111                                             
  71           000000000000000000000000000001                    111111111111111               111111111111111                                             
  72           000000000000000000000000000001                    111111111111111               111111111111111                                             
  73           000000000000000000000000000001                    111111111111111               111111111111111                                             
  74           000000000000000000000000000001                    111111111111111               111111111111111                                             
  75           00000000000000000000000000000111111111111111111111111111111111111111111111111111111111111111111                                             
  76           00000000000000000000000000000111111111111111111111111111111111111111111111111111111111111111111                                             
  77           00000000000000000000000000000111111111111111111111111111111111111111111111111111111111111111111                                             
  78           00000000000000000000000000000111111111111111111111111111111111111111111111111111111111111111111                                             
  79           00000000000000000000000000000111111111111111111111111111111111111111111111111111111111111111111                                             
  80           00000000000000000000000000000111111111111111111111111111111111111111111111111111111111111111111                                             
  81           00000000000000000000000000000111111111111111111111111111111111111111111111111111111111111111111                                             
  82           00000000000000000000000000000111111111111111111111111111111111111111111111111111111111111111111                                             
  83           00000000000000000000000000000111111111111111111111111111111111111111111111111111111111111111111                                             
  84           00000000000000000000000000000111111111111111111111111111111111111111111111111111111111111111111                                             
  85                          11111111111111111111111111111111111111111111111111111111111111111111111111111111                                             
  86                          11111111111111111111111111111111111111111111111111111111111111111111111111111111                                             
  87                          11111111111111111111111111111111111111111111111111111111111111111111111111111111                                             
  88                          11111111111111111111111111111111111111111111111111111111111111111111111111111111                                             
  89                          11111111111111111111111111111111111111111111111111111111111111111111111111111111                                             
  90                                                                  1111111111111111111111111                                                            
  91                                                                  1111111111111111111111111                                                            
  92                                                                  1111111111111111111111111                                                            
  93                                                                  1111111111111111111111111                                                            
  94                                                                  1111111111111111111111111                                                            
  95                                                                  1111111111111111111111111                                                            
  96                                                                  1111111111111111111111111                                                            
  97                                                                  1111111111111111111111111                                                            
  98                                                                  1111111111111111111111111                                                            
  99                                                                  1111111111111111111111111                                                            
 100                                                                  1111111111111111111111111                                                            
 101                                                                  1111111111111111111111111                                                            
 102                                                                  1111111111111111111111111                                                            
 103                                                                  1111111111111111111111111                                                            
 104                                                                  1111111111111111111111111                                                            
 105                                                                  1111111111111111111111111111111111111111                                             
 106                                                                  1111111111111111111111111111111111111111                                             
 107                                                                  1111111111111111111111111111111111111111                                             
 108                                                                  1111111111111111111111111111111111111111                                             
 109                                                                  1111111111111111111111111111111111111111                                             
 110                                                                  1111111111111111111111111111111111111111                                             
 111                                                                  1111111111111111111111111111111111111111                                             
 112                                                                  1111111111111111111111111111111111111111                                             
 113                                                                  1111111111111111111111111111111111111111                                             
 114                                                                  1111111111111111111111111111111111111111                                             
 115                                                                  1111111111111111111111111111111111111111                                             
 116                                                                  1111111111111111111111111111111111111111                                             
 117                                                                  1111111111111111111111111111111111111111                                             
 118                                                                  1111111111111111111111111111111111111111                                             
 119                                                                  1111111111111111111111111111111111111111                                             
 120                                                                  111111111111111          111111111111111                                             
 121                                                                  111111111111111          111111111111111                                             
 122                                                                  111111111111111          111111111111111                                             
 123                                                                  111111111111111          111111111111111                                             
 124                                                                  111111111111111          111111111111111                                             
 125                                                                  111111111111111          111111111111111                                             
 126                                                                  111111111111111          100000000000000                                             
 127                                                                  111111111111111          100000000000000                                             
 128                                                                  111111111111111          100000000000000                                             
 129                                                                  111111111111111          100000000000000                                             
 130                                                                  111111111111111          100000000000000                                             
 131                                                                  111111111111111          100000000000000                                             
 132                                                                  111111111111111          100000000000000                                             
 133                                                                  111111111111111          000000000000000                                             
 134                                                                  111111111111111          000000000000000                                             
 135                                                                  1111111111111111111111100000000000000000                                             
 136                                                                  1111111111111111000000000000000000000000                                             
 137                                                                  1111111111111111000000000000000000000000                                             
 138                                                                  1111111111111111000000000000000000000000                                             
 139                                                                  1111111111111111000000000000000000000000                                             
 140                                                                  1111111111111111000000000000000000000000                                             
 141                                                                  1111111111111111000000000000000000000000                                             
 142                                                                  1111111111111111000000000000000000000000                                             
 143                                                                  1111111111111111000000000000000000000000                                             
 144                                                                  1111111111111111000000000000000000000000                                             
 145                                                                  1111111111111111000000000000000000000000                                             
 146                                                                  1111111111111111000000000000000000000000                                             
 147                                                                  1111111111111111000000000000000000000000                                             
 148                                                                  1111111111111111000000000000000000000000                                             
 149                                                                  1111111111111111000000000000000000000000                                             
seats 13593; refused 2957 DR-KEEP

## boulder
SEATS  boulder, footprint 1x1, 2 blocks off a route  1 char = 1 block  x -75..74 across, z -150..149 down
KEY  1 the footprint seats with its minimum corner here  0 refused  space void
         -7        -6        -5        -4        -3        -2        -1         0         1         2         3         4         5         6         7    
     543210987654321098765432109876543210987654321098765432109876543210987654321012345678901234567890123456789012345678901234567890123456789012345678901234
-150                                              0000000000000000001111111111111111111111                                                                 
-149                                              0000000000000000000000000111111111111111                                                                 
-148                                              0000000000000000000000000111111111111111                                                                 
-147                                              0000000000000000000000000111111111111111                                                                 
-146                                              0000000000000000000000000111111111111111                                                                 
-145                                              0000000000000000000000000111111111111111                                                                 
-144                                              0000000000000000000000000111111111111111                                                                 
-143                                              0000000000000000000000000111111111111111                                                                 
-142                                              0000000000000000000000000111111111111111                                                                 
-141                                              0000000000000000000000000111111111111111                                                                 
-140                                              0000000000000000000000000111111111111111                                                                 
-139                                              0000000000000000000000000111111111111111                                                                 
-138                                              0000000000000000000000000111111111111111                                                                 
-137                                              0000000000000000000000000111111111111111                                                                 
-136                                              0000000000000000000000000111111111111111                                                                 
-135                                              000000000000000          111111111111111                                                                 
-134                                              000000000000000          111111111111111                                                                 
-133                                              000000000000000          111111111111111                                                                 
-132                                              100000000000000          111111111111111                                                                 
-131                                              100000000000000          111111111111111                                                                 
-130                                              100000000000000          111111111111111                                                                 
-129                                              100000000000000          111111111111111                                                                 
-128                                              100000000000000          111111111111111                                                                 
-127                                              100000000000000          111111111111111                                                                 
-126                                              100000000000000          111111111111111                                                                 
-125                                              111111111111111          111111111111111                                                                 
-124                                              111111111111111          111111111111111                                                                 
-123                                              111111111111111          111111111111111                                                                 
-122                                              111111111111111          111111111111111                                                                 
-121                                              111111111111111          111111111111111                                                                 
-120                                              1111111111111111111111111111111111111111                                                                 
-119                                              1111111111111111111111111111111111111111                                                                 
-118                                              1111111111111111111111111111111111111111                                                                 
-117                                              1111111111111111111111111111111111111111                                                                 
-116                                              1111111111111111111111111111111111111111                                                                 
-115                                              1111111111111111111111111111111111111111                                                                 
-114                                              1111111111111111111111111111111111111111                                                                 
-113                                              1111111111111111111111111111111111111111                                                                 
-112                                              1111111111111111111111111111111111111111                                                                 
-111                                              1111111111111111111111111111111111111111                                                                 
-110                                              1111111111111111111111111111111111111111                                                                 
-109                                              1111111111111111111111111111111111111111                                                                 
-108                                              1111111111111111111111111111111111111111                                                                 
-107                                              1111111111111111111111111111111111111111                                                                 
-106                                              1111111111111111111111111111111111111111                                                                 
-105                                                             1111111111111111111111111                                                                 
-104                                                             1111111111111111111111111                                                                 
-103                                                             1111111111111111111111111                                                                 
-102                                                             1111111111111111111111111                                                                 
-101                                                             1111111111111111111111111                                                                 
-100                                                             1111111111111111111111111                                                                 
 -99                                                             1111111111111111111111111                                                                 
 -98                                                             1111111111111111111111111                                                                 
 -97                                                             1111111111111111111111111                                                                 
 -96                                                             1111111111111111111111111                                                                 
 -95                                                             1111111111111111111111111                                                                 
 -94                                                             1111111111111111111111111                                                                 
 -93                                                             1111111111111111111111111                                                                 
 -92                                                             1111111111111111111111111                                                                 
 -91                                                             1111111111111111111111111                                                                 
 -90                                              11111111111111111111111111111111111111111111111111111111111111111111111111111111                         
 -89                                              11111111111111111111111111111111111111111111111111111111111111111111111111111111                         
 -88                                              11111111111111111111111111111111111111111111111111111111111111111111111111111111                         
 -87                                              11111111111111111111111111111111111111111111111111111111111111111111111111111111                         
 -86                                              11111111111111111111111111111111111111111111111111111111111111111111111111111111                         
 -85                                              11111111111111111111111111111111111111111111111111111111111111111111111111111111111000000000000          
 -84                                              11111111111111111111111111111111111111111111111111111111111111111110000000000000000000000000000          
 -83                                              11111111111111111111111111111111111111111111111111111111111111111110000000000000000000000000000          
 -82                                              11111111111111111111111111111111111111111111111111111111111111111110000000000000000000000000000          
 -81                                              11111111111111111111111111111111111111111111111111111111111111111110000000000000000000000000000          
 -80                                              11111111111111111111111111111111111111111111111111111111111111111110000000000000000000000000000          
 -79                                              11111111111111111111111111111111111111111111111111111111111111111110000000000000000000000000000          
 -78                                              11111111111111111111111111111111111111111111111111111111111111111110000000000000000000000000000          
 -77                                              11111111111111111111111111111111111111111111111111111111111111111110000000000000000000000000000          
 -76                                              11111111111111111111111111111111111111111111111111111111111111111110000000000000000000000000000          
 -75                                              111111111111111               111111111111111                    110000000000000000000000000000          
 -74                                              111111111111111               111111111111111                    110000000000000000000000000000          
 -73                                              111111111111111               111111111111111                    110000000000000000000000000000          
 -72                                              111111111111111               111111111111111                    110000000000000000000000000000          
 -71                                              111111111111111               111111111111111                    110000000000000000000000000000          
 -70                                              111111111111111               111111111111111                    111111111111111                         
 -69                                              111111111111111               111111111111111                    111111111111111                         
 -68                                              111111111111111               111111111111111                    111111111111111                         
 -67                                              111111111111111               111111111111111                    111111111111111                         
 -66                                              111111111111111               111111111111111                    111111111111111                         
 -65                                              111111111111111               111111111111111                    111111111111111                         
 -64                                              111111111111111               111111111111111                    111111111111111                         
 -63                                              111111111111111               111111111111111                    111111111111111                         
 -62                                              111111111111111               111111111111111                    111111111111111                         
 -61                                              111111111111111               111111111111111                    111111111111111                         
 -60                                              111111111111111               111111111111111                    111111111111111                         
 -59                                              111111111111111               111111111111111                    111111111111111                         
 -58                                              111111111111111               111111111111111                    111111111111111                         
 -57                                              111111111111111               111111111111111                    111111111111111                         
 -56                                              111111111111111               111111111111111                    111111111111111                         
 -55                                              111111111111111               111111111111111                    111111111111111                         
 -54                                              111111111111111               111111111111111                    111111111111111                         
 -53                                              111111111111111               111111111111111                    111111111111111                         
 -52                                              111111111111111               111111111111111                    111111111111111                         
 -51                                              111111111111111               111111111111111                    111111111111111                         
 -50      0000000000000111111111111111111111111111111111111111111               111111111111111111111111111111111111111111111111111111111111111000000000000
 -49      0000000000000000000011111111111111111111111111111111111               111111111111111111111111111111111111111111111111111111110000000000000000000
 -48      0000000000000000000011111111111111111111111111111111111               111111111111111111111111111111111111111111111111111111110000000000000000000
 -47      0000000000000000000011111111111111111111111111111111111               111111111111111111111111111111111111111111111111111111110000000000000000000
 -46      0000000000000000000011111111111111111111111111111111111               111111111111111111111111111111111111111111111111111111110000000000000000000
 -45      0000000000000000000011111111111111111111111111111111111               111111111111111111111111111111111111111111111111111111110000000000000000000
 -44      0000000000000000000011111111111111111111111111111111111               111111111111111111111111111111111111111111111111111111110000000000000000000
 -43      0000000000000000000011111111111111111111111111111111111               111111111111111111111111111111111111111111111111111111110000000000000000000
 -42      0000000000000000000011111111111111111111111111111111111               111111111111111111111111111111111111111111111111111111110000000000000000000
 -41      0000000000000000000011111111111111111111111111111111111               111111111111111111111111111111111111111111111111111111110000000000000000000
 -40      0000000000000000000011111111111111111111111111111111111               111111111111111111111111111111111111111111111111111111110000000000000000000
 -39      0000000000000000000011111111111111111111111111111111111               111111111111111111111111111111111111111111111111111111110000000000000000000
 -38      0000000000000000000011111111111111111111111111111111111               111111111111111111111111111111111111111111111111111111110000000000000000000
 -37      0000000000000000000011111111111111111111111111111111111               111111111111111111111111111111111111111111111111111111110000000000000000000
 -36      0000000000000000000011111111111111111111111111111111111               111111111111111111111111111111111111111111111111111111110000000000000000000
 -35                                              11111111111111111111111111111111111111111111111111111111111111111111111111111111                         
 -34                                              11111111111111111111111111111111111111111111111111111111111111111111111111111111                         
 -33                                              11111111111111111111111111111111111111111111111111111111111111111111111111111111                         
 -32                                              11111111111111111111111111111111111111111111111111111111111111111111111111111111                         
 -31                                              11111111111111111111111111111111111111111111111111111111111111111111111111111111                         
 -30                                              11111111111111111111111111111111111111111111111111111111111111111111111111111111                         
 -29                                              11111111111111111111111111111111111111111111111111111111111111111111111111111111                         
 -28                                              11111111111111111111111111111111111111111111111111111111111111111111111111111111                         
 -27                                              11111111111111111111111111111111111111111111111111111111111111111111111111111111                         
 -26                                              11111111111111111111111111111111111111111111111111111111111111111111111111111111                         
 -25                                              11111111111111111111111111111111111111111111111111111111111111111111111111111111                         
 -24                                              11111111111111111111111111111111111111111111111111111111111111111111111111111111                         
 -23                                              11111111111111111111111111111111111111111111111111111111111111111111111111111111                         
 -22                                              11111111111111111111111111111111111111111111111111111111111111111111111111111111                         
 -21                                              11111111111111111111111111111111111111111111111111111111111111111111111111111111                         
 -20                                              11111111111111111111          11111111111111111111111111111111111                                        
 -19                                              11111111111111111111          11111111111111111111111111111111111                                        
 -18                                              11111111111111111111          11111111111111111111111111111111111                                        
 -17                                              11111111111111111111          11111111111111111111111111111111111                                        
 -16                                              11111111111111111111          11111111111111111111111111111111111                                        
 -15                                              11111111111111111111          11111111111111111111111111111111111                                        
 -14                                              11111111111111111111          11111111111111111111111111111111111                                        
 -13                                              11111111111111111111          11111111111111111111111111111111111                                        
 -12                                              11111111111111111111          11111111111111111111111111111111111                                        
 -11                                              11111111111111111111          11111111111111111111111111111111111                                        
 -10                                                                                                                                                       
  -9                                                                                                                                                       
  -8                                                                                                                                                       
  -7                                                                                                                                                       
  -6                                                                                                                                                       
  -5                                                                                                                                                       
  -4                                                                                                                                                       
  -3                                                                                                                                                       
  -2                                                                                                                                                       
  -1                                                                                                                                                       
   0                                                                                                                                                       
   1                                                                                                                                                       
   2                                                                                                                                                       
   3                                                                                                                                                       
   4                                                                                                                                                       
   5                                                                                                                                                       
   6                                                                                                                                                       
   7                                                                                                                                                       
   8                                                                                                                                                       
   9                                                                                                                                                       
  10                                         11111111111111111111111111111111111          11111111111111111111                                             
  11                                         11111111111111111111111111111111111          11111111111111111111                                             
  12                                         11111111111111111111111111111111111          11111111111111111111                                             
  13                                         11111111111111111111111111111111111          11111111111111111111                                             
  14                                         11111111111111111111111111111111111          11111111111111111111                                             
  15                                         11111111111111111111111111111111111          11111111111111111111                                             
  16                                         11111111111111111111111111111111111          11111111111111111111                                             
  17                                         11111111111111111111111111111111111          11111111111111111111                                             
  18                                         11111111111111111111111111111111111          11111111111111111111                                             
  19                                         11111111111111111111111111111111111          11111111111111111111                                             
  20                          11111111111111111111111111111111111111111111111111111111111111111111111111111111                                             
  21                          11111111111111111111111111111111111111111111111111111111111111111111111111111111                                             
  22                          11111111111111111111111111111111111111111111111111111111111111111111111111111111                                             
  23                          11111111111111111111111111111111111111111111111111111111111111111111111111111111                                             
  24                          11111111111111111111111111111111111111111111111111111111111111111111111111111111                                             
  25                          11111111111111111111111111111111111111111111111111111111111111111111111111111111                                             
  26                          11111111111111111111111111111111111111111111111111111111111111111111111111111111                                             
  27                          11111111111111111111111111111111111111111111111111111111111111111111111111111111                                             
  28                          11111111111111111111111111111111111111111111111111111111111111111111111111111111                                             
  29                          11111111111111111111111111111111111111111111111111111111111111111111111111111111                                             
  30                          11111111111111111111111111111111111111111111111111111111111111111111111111111111                                             
  31                          11111111111111111111111111111111111111111111111111111111111111111111111111111111                                             
  32                          11111111111111111111111111111111111111111111111111111111111111111111111111111111                                             
  33                          11111111111111111111111111111111111111111111111111111111111111111111111111111111                                             
  34                          11111111111111111111111111111111111111111111111111111111111111111111111111111111                                             
  35 000000000000011111111111111111111111111111111111111111111111111111111111111               1111111111111111111111111111111111111111111000000000000     
  36 000000000000000000001111111111111111111111111111111111111111111111111111111               1111111111111111111111111111111111110000000000000000000     
  37 000000000000000000001111111111111111111111111111111111111111111111111111111               1111111111111111111111111111111111110000000000000000000     
  38 000000000000000000001111111111111111111111111111111111111111111111111111111               1111111111111111111111111111111111110000000000000000000     
  39 000000000000000000001111111111111111111111111111111111111111111111111111111               1111111111111111111111111111111111110000000000000000000     
  40 000000000000000000001111111111111111111111111111111111111111111111111111111               1111111111111111111111111111111111110000000000000000000     
  41 000000000000000000001111111111111111111111111111111111111111111111111111111               1111111111111111111111111111111111110000000000000000000     
  42 000000000000000000001111111111111111111111111111111111111111111111111111111               1111111111111111111111111111111111110000000000000000000     
  43 000000000000000000001111111111111111111111111111111111111111111111111111111               1111111111111111111111111111111111110000000000000000000     
  44 000000000000000000001111111111111111111111111111111111111111111111111111111               1111111111111111111111111111111111110000000000000000000     
  45 000000000000000000001111111111111111111111111111111111111111111111111111111               1111111111111111111111111111111111110000000000000000000     
  46 000000000000000000001111111111111111111111111111111111111111111111111111111               1111111111111111111111111111111111110000000000000000000     
  47 000000000000000000001111111111111111111111111111111111111111111111111111111               1111111111111111111111111111111111110000000000000000000     
  48 000000000000000000001111111111111111111111111111111111111111111111111111111               1111111111111111111111111111111111110000000000000000000     
  49 000000000000000000001111111111111111111111111111111111111111111111111111111               1111111111111111111111111111111111110000000000000000000     
  50                          111111111111111                    111111111111111               111111111111111                                             
  51                          111111111111111                    111111111111111               111111111111111                                             
  52                          111111111111111                    111111111111111               111111111111111                                             
  53                          111111111111111                    111111111111111               111111111111111                                             
  54                          111111111111111                    111111111111111               111111111111111                                             
  55                          111111111111111                    111111111111111               111111111111111                                             
  56                          111111111111111                    111111111111111               111111111111111                                             
  57                          111111111111111                    111111111111111               111111111111111                                             
  58                          111111111111111                    111111111111111               111111111111111                                             
  59                          111111111111111                    111111111111111               111111111111111                                             
  60                          111111111111111                    111111111111111               111111111111111                                             
  61                          111111111111111                    111111111111111               111111111111111                                             
  62                          111111111111111                    111111111111111               111111111111111                                             
  63                          111111111111111                    111111111111111               111111111111111                                             
  64                          111111111111111                    111111111111111               111111111111111                                             
  65                          111111111111111                    111111111111111               111111111111111                                             
  66                          111111111111111                    111111111111111               111111111111111                                             
  67                          111111111111111                    111111111111111               111111111111111                                             
  68                          111111111111111                    111111111111111               111111111111111                                             
  69                          111111111111111                    111111111111111               111111111111111                                             
  70           000000000000011111111111111111                    111111111111111               111111111111111                                             
  71           000000000000000000000000000001                    111111111111111               111111111111111                                             
  72           000000000000000000000000000001                    111111111111111               111111111111111                                             
  73           000000000000000000000000000001                    111111111111111               111111111111111                                             
  74           000000000000000000000000000001                    111111111111111               111111111111111                                             
  75           00000000000000000000000000000111111111111111111111111111111111111111111111111111111111111111111                                             
  76           00000000000000000000000000000111111111111111111111111111111111111111111111111111111111111111111                                             
  77           00000000000000000000000000000111111111111111111111111111111111111111111111111111111111111111111                                             
  78           00000000000000000000000000000111111111111111111111111111111111111111111111111111111111111111111                                             
  79           00000000000000000000000000000111111111111111111111111111111111111111111111111111111111111111111                                             
  80           00000000000000000000000000000111111111111111111111111111111111111111111111111111111111111111111                                             
  81           00000000000000000000000000000111111111111111111111111111111111111111111111111111111111111111111                                             
  82           00000000000000000000000000000111111111111111111111111111111111111111111111111111111111111111111                                             
  83           00000000000000000000000000000111111111111111111111111111111111111111111111111111111111111111111                                             
  84           00000000000000000000000000000111111111111111111111111111111111111111111111111111111111111111111                                             
  85                          11111111111111111111111111111111111111111111111111111111111111111111111111111111                                             
  86                          11111111111111111111111111111111111111111111111111111111111111111111111111111111                                             
  87                          11111111111111111111111111111111111111111111111111111111111111111111111111111111                                             
  88                          11111111111111111111111111111111111111111111111111111111111111111111111111111111                                             
  89                          11111111111111111111111111111111111111111111111111111111111111111111111111111111                                             
  90                                                                  1111111111111111111111111                                                            
  91                                                                  1111111111111111111111111                                                            
  92                                                                  1111111111111111111111111                                                            
  93                                                                  1111111111111111111111111                                                            
  94                                                                  1111111111111111111111111                                                            
  95                                                                  1111111111111111111111111                                                            
  96                                                                  1111111111111111111111111                                                            
  97                                                                  1111111111111111111111111                                                            
  98                                                                  1111111111111111111111111                                                            
  99                                                                  1111111111111111111111111                                                            
 100                                                                  1111111111111111111111111                                                            
 101                                                                  1111111111111111111111111                                                            
 102                                                                  1111111111111111111111111                                                            
 103                                                                  1111111111111111111111111                                                            
 104                                                                  1111111111111111111111111                                                            
 105                                                                  1111111111111111111111111111111111111111                                             
 106                                                                  1111111111111111111111111111111111111111                                             
 107                                                                  1111111111111111111111111111111111111111                                             
 108                                                                  1111111111111111111111111111111111111111                                             
 109                                                                  1111111111111111111111111111111111111111                                             
 110                                                                  1111111111111111111111111111111111111111                                             
 111                                                                  1111111111111111111111111111111111111111                                             
 112                                                                  1111111111111111111111111111111111111111                                             
 113                                                                  1111111111111111111111111111111111111111                                             
 114                                                                  1111111111111111111111111111111111111111                                             
 115                                                                  1111111111111111111111111111111111111111                                             
 116                                                                  1111111111111111111111111111111111111111                                             
 117                                                                  1111111111111111111111111111111111111111                                             
 118                                                                  1111111111111111111111111111111111111111                                             
 119                                                                  1111111111111111111111111111111111111111                                             
 120                                                                  111111111111111          111111111111111                                             
 121                                                                  111111111111111          111111111111111                                             
 122                                                                  111111111111111          111111111111111                                             
 123                                                                  111111111111111          111111111111111                                             
 124                                                                  111111111111111          111111111111111                                             
 125                                                                  111111111111111          111111111111111                                             
 126                                                                  111111111111111          100000000000000                                             
 127                                                                  111111111111111          100000000000000                                             
 128                                                                  111111111111111          100000000000000                                             
 129                                                                  111111111111111          100000000000000                                             
 130                                                                  111111111111111          100000000000000                                             
 131                                                                  111111111111111          100000000000000                                             
 132                                                                  111111111111111          100000000000000                                             
 133                                                                  111111111111111          000000000000000                                             
 134                                                                  111111111111111          000000000000000                                             
 135                                                                  1111111111111111111111100000000000000000                                             
 136                                                                  1111111111111111000000000000000000000000                                             
 137                                                                  1111111111111111000000000000000000000000                                             
 138                                                                  1111111111111111000000000000000000000000                                             
 139                                                                  1111111111111111000000000000000000000000                                             
 140                                                                  1111111111111111000000000000000000000000                                             
 141                                                                  1111111111111111000000000000000000000000                                             
 142                                                                  1111111111111111000000000000000000000000                                             
 143                                                                  1111111111111111000000000000000000000000                                             
 144                                                                  1111111111111111000000000000000000000000                                             
 145                                                                  1111111111111111000000000000000000000000                                             
 146                                                                  1111111111111111000000000000000000000000                                             
 147                                                                  1111111111111111000000000000000000000000                                             
 148                                                                  1111111111111111000000000000000000000000                                             
 149                                                                  1111111111111111000000000000000000000000                                             
seats 13593; refused 2957 DR-KEEP

## house
SEATS  house, footprint 9x7, no route standoff  1 char = 1 block  x -75..74 across, z -150..149 down
KEY  1 the footprint seats with its minimum corner here  0 refused  space void
         -7        -6        -5        -4        -3        -2        -1         0         1         2         3         4         5         6         7    
     543210987654321098765432109876543210987654321098765432109876543210987654321012345678901234567890123456789012345678901234567890123456789012345678901234
-150                                              0000000000000000000000000000001100000000                                                                 
-149                                              0000000000000000000000000000001100000000                                                                 
-148                                              0000000000000000000000000000000000000000                                                                 
-147                                              0000000000000000000000000000000000000000                                                                 
-146                                              0000000000000000000000000000000000000000                                                                 
-145                                              0000000000000000000000000000000000000000                                                                 
-144                                              0000000000000000000000000000000000000000                                                                 
-143                                              0000000000000000000000000000000000000000                                                                 
-142                                              0000000000000000000000000000000000000000                                                                 
-141                                              0000000000000000000000000000000000000000                                                                 
-140                                              0000000000000000000000000000000000000000                                                                 
-139                                              0000000000000000000000000000000000000000                                                                 
-138                                              0000000000000000000000000000000000000000                                                                 
-137                                              0000000000000000000000000000000000000000                                                                 
-136                                              0000000000000000000000000000000000000000                                                                 
-135                                              000000000000000          000000000000000                                                                 
-134                                              000000000000000          000000000000000                                                                 
-133                                              000000000000000          000000000000000                                                                 
-132                                              000000000000000          000000000000000                                                                 
-131                                              000000000000000          000000000000000                                                                 
-130                                              000000000000000          000000000000000                                                                 
-129                                              000000000000000          000000000000000                                                                 
-128                                              000000000000000          000000000000000                                                                 
-127                                              000000000000000          000000000000000                                                                 
-126                                              000000000000000          000000000000000                                                                 
-125                                              000000000000000          000000000000000                                                                 
-124                                              000000000000000          000000000000000                                                                 
-123                                              000000000000000          000000000000000                                                                 
-122                                              000000000000000          000000000000000                                                                 
-121                                              000000000000000          000000000000000                                                                 
-120                                              0000000000000001100000000000001100000000                                                                 
-119                                              0000000000000001100000000000001100000000                                                                 
-118                                              0000000000000000000000000000001100000000                                                                 
-117                                              0000000000000000000000000000001100000000                                                                 
-116                                              0000000000000000000000000000001100000000                                                                 
-115                                              0000000000000000000000000000001100000000                                                                 
-114                                              0000000000000000000000000000001100000000                                                                 
-113                                              1100000000000000000000000000001100000000                                                                 
-112                                              1100000000000000000000000000001100000000                                                                 
-111                                              0000000000000000000000000000001100000000                                                                 
-110                                              0000000000000000000000000000001100000000                                                                 
-109                                              0000000000000000000000000000001100000000                                                                 
-108                                              0000000000000000000000000000001100000000                                                                 
-107                                              0000000000000000000000000000001100000000                                                                 
-106                                              0000000000000000000000000000001100000000                                                                 
-105                                                             1100000000000001100000000                                                                 
-104                                                             1100000000000001100000000                                                                 
-103                                                             1100000000000001100000000                                                                 
-102                                                             1100000000000001100000000                                                                 
-101                                                             1100000000000001100000000                                                                 
-100                                                             1100000000000001100000000                                                                 
 -99                                                             1100000000000001100000000                                                                 
 -98                                                             1100000000000001100000000                                                                 
 -97                                                             1100000000000001100000000                                                                 
 -96                                                             0000000000000000000000000                                                                 
 -95                                                             0000000000000000000000000                                                                 
 -94                                                             0000000000000000000000000                                                                 
 -93                                                             0000000000000000000000000                                                                 
 -92                                                             0000000000000000000000000                                                                 
 -91                                                             0000000000000000000000000                                                                 
 -90                                              11000000000000000000000000000011000000000000000000000000000000000000000000000000                         
 -89                                              11000000000000000000000000000011000000000000000000000000000000000000000000000000                         
 -88                                              00000000000000000000000000000011000000000000000000000000000000000000000000000000                         
 -87                                              00000000000000000000000000000011000000000000000000000000000000000000000000000000                         
 -86                                              00000000000000000000000000000011000000000000000000000000000000000000000000000000                         
 -85                                              00000000000000000000000000000011000000000000000000000000000000000000000000000000000000000000000          
 -84                                              00000000000000000000000000000011000000000000000000000000000000000000000000000000000000000000000          
 -83                                              00000000000000011111110000000011000000000000000000000000000000000000000000000000000000000000000          
 -82                                              00000000000000011111110000000011000000000000000000000000000000000000000000000000000000000000000          
 -81                                              00000000000000000000000000000000000000000000000000000000000000000000000000000000000000000000000          
 -80                                              00000000000000000000000000000000000000000000000000000000000000000000000000000000000000000000000          
 -79                                              00000000000000000000000000000000000000000000000000000000000000000000000000000000000000000000000          
 -78                                              00000000000000000000000000000000000000000000000000000000000000000000000000000000000000000000000          
 -77                                              00000000000000000000000000000000000000000000000000000000000000000000000000000000000000000000000          
 -76                                              00000000000000000000000000000000000000000000000000000000000000000000000000000000000000000000000          
 -75                                              000000000000000               000000000000000                    000000000000000000000000000000          
 -74                                              000000000000000               000000000000000                    000000000000000000000000000000          
 -73                                              000000000000000               000000000000000                    000000000000000000000000000000          
 -72                                              000000000000000               000000000000000                    000000000000000000000000000000          
 -71                                              000000000000000               000000000000000                    000000000000000000000000000000          
 -70                                              000000000000000               000000000000000                    000000000000000                         
 -69                                              000000000000000               000000000000000                    000000000000000                         
 -68                                              000000000000000               000000000000000                    000000000000000                         
 -67                                              000000000000000               000000000000000                    000000000000000                         
 -66                                              000000000000000               000000000000000                    000000000000000                         
 -65                                              000000000000000               000000000000000                    000000000000000                         
 -64                                              000000000000000               000000000000000                    000000000000000                         
 -63                                              000000000000000               000000000000000                    000000000000000                         
 -62                                              000000000000000               000000000000000                    000000000000000                         
 -61                                              000000000000000               000000000000000                    000000000000000                         
 -60                                              000000000000000               000000000000000                    000000000000000                         
 -59                                              000000000000000               000000000000000                    000000000000000                         
 -58                                              000000000000000               000000000000000                    000000000000000                         
 -57                                              000000000000000               000000000000000                    000000000000000                         
 -56                                              000000000000000               000000000000000                    000000000000000                         
 -55                                              000000000000000               000000000000000                    000000000000000                         
 -54                                              000000000000000               000000000000000                    000000000000000                         
 -53                                              000000000000000               000000000000000                    000000000000000                         
 -52                                              000000000000000               000000000000000                    000000000000000                         
 -51                                              000000000000000               000000000000000                    000000000000000                         
 -50      0000000000000000000000000000000000000000000001100000000               110000000000000111111111111000000001111111000000000000000000000000000000000
 -49      0000000000000000000000000000000000000000000001100000000               110000000000000111111111111000000001111111000000000000000000000000000000000
 -48      0000000000000000000000000000000000000000000001100000000               110000000000000000000000000000000001111111000000000000000000000000000000000
 -47      0000000000000000000000000000000000000000000001100000000               110000000000000000000000000000000001111111000000000000000000000000000000000
 -46      0000000000000000000000000000000000000000000001100000000               110000000000000000000000000000000001111111000000000000000000000000000000000
 -45      0000000000000000000000000000000000000000000001100000000               110000000000000000000000000000000001111111000000000000000000000000000000000
 -44      0000000000000000000000000000000000000000000001100000000               110000000000000000000000000000000001111111000000000000000000000000000000000
 -43      0000000000000000000000000000000000000000000001100000000               110000000000000000000000000000000001111111000000000000000000000000000000000
 -42      0000000000000000000000000000000000000000000001100000000               110000000000000000000000000000000001111111000000000000000000000000000000000
 -41      0000000000000000000000000000000000000000000000000000000               000000000111111111111111111111111000000000000000000000000000000000000000000
 -40      0000000000000000000000000000000000000000000000000000000               000000000111111111111111111111111000000000000000000000000000000000000000000
 -39      0000000000000000000000000000000000000000000000000000000               000000000111111111111111111111111000000000000000000000000000000000000000000
 -38      0000000000000000000000000000000000000000000000000000000               000000000111111111111111111111111000000000000000000000000000000000000000000
 -37      0000000000000000000000000000000000000000000000000000000               000000000111111111111111111111111000000000000000000000000000000000000000000
 -36      0000000000000000000000000000000000000000000000000000000               000000000111111111111111111111111000000000000000000000000000000000000000000
 -35                                              11000000000000000000000000000011111111111111111111111111100000000000000000000000                         
 -34                                              11000000000000000000000000000011111111111111111111111111100000000000000000000000                         
 -33                                              11000000000000000000000000000011111111111111111111111111100000000000000000000000                         
 -32                                              11000000000000000000000000000011111111111111111111111111100000000000000000000000                         
 -31                                              11000000000000000000000000000011111111111111111111111111100000000000000000000000                         
 -30                                              11000000000000000000000000000011111111111111111111111111100000000000000000000000                         
 -29                                              11000000000000000000000000000011111111111111111111111111100000000000000000000000                         
 -28                                              11000000000000000000000000000011111111111111111111111111100000000000001100000000                         
 -27                                              11000000000000000000000000000011111111111111111111111111100000000000001100000000                         
 -26                                              11000000000000000000000000000000000000011111111100000000000000000000000000000000                         
 -25                                              00000000000000000000000000000000000000000000000000000000000000000000000000000000                         
 -24                                              00000000000000000000000000000000000000000000000000000000000000000000000000000000                         
 -23                                              00000000000000000000000000000000000000000000000000000000000000000000000000000000                         
 -22                                              00000000000000000000000000000000000000000000000000000000000000000000000000000000                         
 -21                                              00000000000000000000000000000000000000000000000000000000000000000000000000000000                         
 -20                                              00000000000000000000          00000000000000000000000000000000000                                        
 -19                                              00000000000000000000          00000000000000000000000000000000000                                        
 -18                                              11000000001100000000          11000000011111111100000001100000000                                        
 -17                                              11000000001100000000          11000000011111111100000001100000000                                        
 -16                                              00000000000000000000          00000000000000000000000000000000000                                        
 -15                                              00000000000000000000          00000000000000000000000000000000000                                        
 -14                                              00000000000000000000          00000000000000000000000000000000000                                        
 -13                                              00000000000000000000          00000000000000000000000000000000000                                        
 -12                                              00000000000000000000          00000000000000000000000000000000000                                        
 -11                                              00000000000000000000          00000000000000000000000000000000000                                        
 -10                                                                                                                                                       
  -9                                                                                                                                                       
  -8                                                                                                                                                       
  -7                                                                                                                                                       
  -6                                                                                                                                                       
  -5                                                                                                                                                       
  -4                                                                                                                                                       
  -3                                                                                                                                                       
  -2                                                                                                                                                       
  -1                                                                                                                                                       
   0                                                                                                                                                       
   1                                                                                                                                                       
   2                                                                                                                                                       
   3                                                                                                                                                       
   4                                                                                                                                                       
   5                                                                                                                                                       
   6                                                                                                                                                       
   7                                                                                                                                                       
   8                                                                                                                                                       
   9                                                                                                                                                       
  10                                         11000000011111111100000001100000000          11000000001100000000                                             
  11                                         11000000011111111100000001100000000          11000000001100000000                                             
  12                                         00000000000000000000000000000000000          00000000000000000000                                             
  13                                         00000000000000000000000000000000000          00000000000000000000                                             
  14                                         00000000000000000000000000000000000          00000000000000000000                                             
  15                                         00000000000000000000000000000000000          00000000000000000000                                             
  16                                         00000000000000000000000000000000000          00000000000000000000                                             
  17                                         00000000000000000000000000000000000          00000000000000000000                                             
  18                                         00000000000000000000000000000000000          00000000000000000000                                             
  19                                         00000000011111111100000000000000000          00000000001100000000                                             
  20                          11000000000000011111111111111111111111111100000000000000000000000000001100000000                                             
  21                          11000000000000011111111111111111111111111100000000000000000000000000001100000000                                             
  22                          00000000000000011111111111111111111111111100000000000000000000000000001100000000                                             
  23                          00000000000000011111111111111111111111111100000000000000000000000000001100000000                                             
  24                          00000000000000011111111111111111111111111100000000000000000000000000001100000000                                             
  25                          00000000000000011111111111111111111111111100000000000000000000000000001100000000                                             
  26                          00000000000000011111111111111111111111111100000000000000000000000000001100000000                                             
  27                          00000000000000011111111111111111111111111100000000000000000000000000001100000000                                             
  28                          00000000000000011111111111111111111111111100000000000000000000000000001100000000                                             
  29                          00000000011111111111111111111111100000000000000000000000000000000000000000000000                                             
  30                          00000000011111111111111111111111100000000000000000000000000000000000000000000000                                             
  31                          00000000011111111111111111111111100000000000000000000000000000000000000000000000                                             
  32                          00000000011111111111111111111111100000000000000000000000000000000000000000000000                                             
  33                          00000000011111111111111111111111100000000000000000000000000000000000000000000000                                             
  34                          00000000011111111111111111111111100000000000000000000000000000000000000000000000                                             
  35 000000000000000000000000011111110000000000000000000000000000000001100000000               1100000000000000000000000000000000000000000000000000000     
  36 000000000000000000000000011111110000000000000000000000000000000001100000000               1100000000000000000000000000000000000000000000000000000     
  37 000000000000000000000000011111110000000000000000000000000000000001100000000               1100000000000000000000000000000000000000000000000000000     
  38 000000000000000000000000011111110000000000000000000000000000000001100000000               1100000000000000000000000000000000000000000000000000000     
  39 000000000000000000000000011111110000000000000000000000000000000001100000000               1100000000000000000000000000000000000000000000000000000     
  40 000000000000000000000000011111110000000000000000000000000000000001100000000               1100000000000000000000000000000000000000000000000000000     
  41 000000000000000000000000011111110000000000000000000000000000000001100000000               1100000000000000000000000000000000000000000000000000000     
  42 000000000000000000000000011111110000000011111111111100000000000001100000000               1100000000000000000000000000000000000000000000000000000     
  43 000000000000000000000000011111110000000011111111111100000000000001100000000               1100000000000000000000000000000000000000000000000000000     
  44 000000000000000000000000000000000000000000000000000000000000000000000000000               0000000000000000000000000000000000000000000000000000000     
  45 000000000000000000000000000000000000000000000000000000000000000000000000000               0000000000000000000000000000000000000000000000000000000     
  46 000000000000000000000000000000000000000000000000000000000000000000000000000               0000000000000000000000000000000000000000000000000000000     
  47 000000000000000000000000000000000000000000000000000000000000000000000000000               0000000000000000000000000000000000000000000000000000000     
  48 000000000000000000000000000000000000000000000000000000000000000000000000000               0000000000000000000000000000000000000000000000000000000     
  49 000000000000000000000000000000000000000000000000000000000000000000000000000               0000000000000000000000000000000000000000000000000000000     
  50                          000000000000000                    000000000000000               000000000000000                                             
  51                          000000000000000                    000000000000000               000000000000000                                             
  52                          000000000000000                    000000000000000               000000000000000                                             
  53                          000000000000000                    000000000000000               000000000000000                                             
  54                          000000000000000                    000000000000000               000000000000000                                             
  55                          000000000000000                    000000000000000               000000000000000                                             
  56                          000000000000000                    000000000000000               000000000000000                                             
  57                          000000000000000                    000000000000000               000000000000000                                             
  58                          000000000000000                    000000000000000               000000000000000                                             
  59                          000000000000000                    000000000000000               000000000000000                                             
  60                          000000000000000                    000000000000000               000000000000000                                             
  61                          000000000000000                    000000000000000               000000000000000                                             
  62                          000000000000000                    000000000000000               000000000000000                                             
  63                          000000000000000                    000000000000000               000000000000000                                             
  64                          000000000000000                    000000000000000               000000000000000                                             
  65                          000000000000000                    000000000000000               000000000000000                                             
  66                          000000000000000                    000000000000000               000000000000000                                             
  67                          000000000000000                    000000000000000               000000000000000                                             
  68                          000000000000000                    000000000000000               000000000000000                                             
  69                          000000000000000                    000000000000000               000000000000000                                             
  70           000000000000000000000000000000                    000000000000000               000000000000000                                             
  71           000000000000000000000000000000                    000000000000000               000000000000000                                             
  72           000000000000000000000000000000                    000000000000000               000000000000000                                             
  73           000000000000000000000000000000                    000000000000000               000000000000000                                             
  74           000000000000000000000000000000                    000000000000000               000000000000000                                             
  75           00000000000000000000000000000000000000000000000000000001100000000111111100000000000000000000000                                             
  76           00000000000000000000000000000000000000000000000000000001100000000111111100000000000000000000000                                             
  77           00000000000000000000000000000000000000000000000000000001100000000000000000000000000000000000000                                             
  78           00000000000000000000000000000000000000000000000000000001100000000000000000000000000000000000000                                             
  79           00000000000000000000000000000000000000000000000000000001100000000000000000000000000000000000000                                             
  80           00000000000000000000000000000000000000000000000000000001100000000000000000000000000000000000000                                             
  81           00000000000000000000000000000000000000000000000000000001100000000000000000000000000000000000000                                             
  82           00000000000000000000000000000000000000000000000000000001100000000000000000000000000001100000000                                             
  83           00000000000000000000000000000000000000000000000000000001100000000000000000000000000001100000000                                             
  84           00000000000000000000000000000000000000000000000000000000000000000000000000000000000000000000000                                             
  85                          00000000000000000000000000000000000000000000000000000000000000000000000000000000                                             
  86                          00000000000000000000000000000000000000000000000000000000000000000000000000000000                                             
  87                          00000000000000000000000000000000000000000000000000000000000000000000000000000000                                             
  88                          00000000000000000000000000000000000000000000000000000000000000000000000000000000                                             
  89                          00000000000000000000000000000000000000000000000000000000000000000000000000000000                                             
  90                                                                  1100000000000001100000000                                                            
  91                                                                  1100000000000001100000000                                                            
  92                                                                  1100000000000001100000000                                                            
  93                                                                  1100000000000001100000000                                                            
  94                                                                  1100000000000001100000000                                                            
  95                                                                  1100000000000001100000000                                                            
  96                                                                  1100000000000001100000000                                                            
  97                                                                  1100000000000001100000000                                                            
  98                                                                  1100000000000001100000000                                                            
  99                                                                  1100000000000000000000000                                                            
 100                                                                  1100000000000000000000000                                                            
 101                                                                  1100000000000000000000000                                                            
 102                                                                  1100000000000000000000000                                                            
 103                                                                  1100000000000000000000000                                                            
 104                                                                  1100000000000000000000000                                                            
 105                                                                  1100000000000000000000000000001100000000                                             
 106                                                                  1100000000000000000000000000001100000000                                             
 107                                                                  1100000000000000000000000000000000000000                                             
 108                                                                  1100000000000000000000000000000000000000                                             
 109                                                                  1100000000000000000000000000000000000000                                             
 110                                                                  1100000000000000000000000000000000000000                                             
 111                                                                  1100000000000000000000000000000000000000                                             
 112                                                                  1100000000000001100000000000000000000000                                             
 113                                                                  1100000000000001100000000000000000000000                                             
 114                                                                  0000000000000000000000000000000000000000                                             
 115                                                                  0000000000000000000000000000000000000000                                             
 116                                                                  0000000000000000000000000000000000000000                                             
 117                                                                  0000000000000000000000000000000000000000                                             
 118                                                                  0000000000000000000000000000000000000000                                             
 119                                                                  0000000000000000000000000000000000000000                                             
 120                                                                  000000000000000          000000000000000                                             
 121                                                                  000000000000000          000000000000000                                             
 122                                                                  000000000000000          000000000000000                                             
 123                                                                  000000000000000          000000000000000                                             
 124                                                                  000000000000000          000000000000000                                             
 125                                                                  000000000000000          000000000000000                                             
 126                                                                  000000000000000          000000000000000                                             
 127                                                                  000000000000000          000000000000000                                             
 128                                                                  000000000000000          000000000000000                                             
 129                                                                  000000000000000          000000000000000                                             
 130                                                                  000000000000000          000000000000000                                             
 131                                                                  000000000000000          000000000000000                                             
 132                                                                  000000000000000          000000000000000                                             
 133                                                                  000000000000000          000000000000000                                             
 134                                                                  000000000000000          000000000000000                                             
 135                                                                  0000000000000000000000000000000000000000                                             
 136                                                                  0000000000000000000000000000000000000000                                             
 137                                                                  0000000000000000000000000000000000000000                                             
 138                                                                  0000000000000000000000000000000000000000                                             
 139                                                                  0000000000000000000000000000000000000000                                             
 140                                                                  0000000000000000000000000000000000000000                                             
 141                                                                  0000000000000000000000000000000000000000                                             
 142                                                                  1100000000000000000000000000000000000000                                             
 143                                                                  1100000000000000000000000000000000000000                                             
 144                                                                  0000000000000000000000000000000000000000                                             
 145                                                                  0000000000000000000000000000000000000000                                             
 146                                                                  0000000000000000000000000000000000000000                                             
 147                                                                  0000000000000000000000000000000000000000                                             
 148                                                                  0000000000000000000000000000000000000000                                             
 149                                                                  0000000000000000000000000000000000000000                                             
seats 1382; refused 6636 DR-PASS, 4902 DR-SITE, 3630 DR-KEEP
